activity_id,name,sport,date,duration_sec,distance_m,avg_hr,max_hr,calories,avg_power,norm_power,tss,if_factor,ftp,avg_pace_sec_km,avg_cadence,vertical_osc_cm,ground_contact_ms,avg_pace_100m,swolf,strokes,aerobic_te,anaerobic_te
23345353021,Las Condes - easy run z2,run,2026-06-22 18:36:03,2603.510986328125,7959.580078125,136.0,151.0,468.0,290.0,289.0,,,,327.1180979983835,170.03125,10.280000305175783,253.10000610351562,,,,3.0999999046325684,0.0
23338612866,Strength,str,2026-06-22 07:03:50,3211.9541015625,0.0,88.0,219.0,219.0,,,,,,,,,,,,,1.899999976158142,2.0999999046325684
23330906037,Las Condes Ciclismo en ruta,bike,2026-06-21 08:26:06,12061.0830078125,78363.25,120.0,157.0,1884.0,143.0,178.0,199.0,0.8059999942779541,,153.9171873991987,,,,,,,3.9000000953674316,0.6000000238418579
23321949304,Providencia - endurance fartlek,run,2026-06-20 09:19:40,6975.76220703125,22509.1796875,143.0,167.0,1353.0,291.0,297.0,,,,309.885342606464,170.703125,9.290000152587892,244.3000030517578,,,,4.599999904632568,0.0
23310942600,Natación en piscina,swim,2026-06-19 17:21:13,4873.82080078125,3950.0,127.0,144.0,755.0,,,,,,1103.7527373070727,,,,,,10.600000381469727,3.0999999046325684,0.800000011920929
23310114420,Zwift - VO2MAX,bike,2026-06-19 15:38:17,4045.0,37735.19140625,126.0,151.0,590.0,152.0,179.98964803004688,,,,107.20411584893627,,,,,,,3.4000000953674316,0.4000000059604645
23292875069,Zwift - z2,bike,2026-06-18 05:32:14,4246.0,40948.91015625,131.0,144.0,642.0,158.0,163.70457214977628,,,,103.69141377667783,,,,,,,3.299999952316284,0.0
23310942000,Las Condes - intervalos pista,run,2026-06-17 18:44:22,3798.68896484375,12142.23046875,154.0,182.0,811.0,279.0,315.0,,,,312.8911041823511,159.625,8.84000015258789,222.8000030517578,,,,5.0,4.300000190734863
23276438017,Natación en piscina,swim,2026-06-16 18:49:04,3329.826904296875,1900.0,105.0,143.0,364.0,,,,,,1142.857142857143,,,,,,10.699999809265137,2.0999999046325684,0.699999988079071
23267719979,Zwift - FTP TEST P 20,bike,2026-06-16 05:37:11,3922.0,38091.16015625,132.0,166.0,641.0,171.0,198.38339739913812,,,,102.96540475678457,,,,,,,4.199999809265137,0.0
23266800598,Las Condes - easy run z2,run,2026-06-15 18:34:44,3484.549072265625,10816.650390625,143.0,160.0,656.0,295.0,293.0,,,,322.164938951327,171.34375,10.35999984741211,247.39999389648438,,,,3.700000047683716,0.0
23256190447,Strength,str,2026-06-15 07:05:55,3034.071044921875,0.0,80.0,121.0,172.0,,,,,,,,,,,,,0.30000001192092896,0.0
23252193561,Colina Ciclismo en ruta,bike,2026-06-14 09:02:27,11742.177734375,109013.15625,137.0,173.0,2079.0,157.0,179.0,218.39999389648438,0.8199999928474426,,107.71218841743897,,,,,,,5.0,3.200000047683716
23251268867,Colina Ciclismo,bike,2026-06-14 09:02:21,4912.5908203125,33424.69921875,120.0,154.0,679.0,128.0,153.0,61.70000076293945,0.7039999961853027,,146.97237133701242,,,,,,,3.299999952316284,0.6000000238418579
23239661458,Ciclismo en ruta,bike,2026-06-13 18:33:14,1.0499999523162842,0.0,,,0.0,,,,,,,,,,,,,0.0,0.0
23210595003,Zwift - z2,bike,2026-06-11 06:31:54,4112.0,38373.3984375,127.0,148.0,587.0,149.0,157.8151077224471,,,,107.15816799282108,,,,,,,3.0999999046325684,0.0
23237680698,Natación en piscina,swim,2026-06-10 18:03:24,2663.97607421875,1875.0,111.0,137.0,339.0,,,,,,1121.0762086127772,,,,,,10.0,2.0999999046325684,0.5
23237679965,Las Condes Carrera,run,2026-06-10 05:22:24,3234.5,10207.8701171875,148.0,173.0,664.0,307.0,312.0,,,,316.85679088431164,177.109375,9.65999984741211,240.60000610351562,,,,4.099999904632568,3.0999999046325684
23237677748,Natación en piscina,swim,2026-06-09 18:28:49,4054.259033203125,3050.0,119.0,152.0,588.0,,,,,,1184.8341486599195,,,,,,10.399999618530273,2.700000047683716,2.0999999046325684
23186072530,Zwift - trabajo umbral,bike,2026-06-09 06:12:51,4329.0,41229.03125,126.0,151.0,641.0,155.0,175.53963544445494,,,,105.00892836666921,,,,,,,3.299999952316284,0.0
23237676904,Vitacura Carrera,run,2026-06-08 19:22:40,802.5499877929688,2477.06005859375,141.0,154.0,156.0,302.0,300.0,,,,324.0440735985646,168.203125,10.41999969482422,240.10000610351562,,,,2.5,0.0
23237676100,Las Condes Carrera,run,2026-06-08 18:46:31,1617.6290283203125,5092.58984375,136.0,153.0,299.0,287.0,286.0,,,,317.6620074314192,171.265625,10.190000152587892,242.10000610351562,,,,2.9000000953674316,0.30000001192092896
23237674739,Strength,str,2026-06-08 07:11:24,2583.739013671875,0.0,76.0,112.0,126.0,,,,,,,,,,,,,0.20000000298023224,0.0
23239660755,Colina Ciclismo en ruta,bike,2026-06-07 09:01:58,12685.2236328125,114636.109375,130.0,165.0,2138.0,149.0,165.0,184.6999969482422,0.7279999852180481,,110.65619485729235,,,,,,,4.5,1.100000023841858
23155336070,Natación en piscina,swim,2026-06-06 10:32:30,2791.66796875,2000.0,108.0,149.0,334.0,,,,,,1219.512205759306,,,,,,11.100000381469727,2.200000047683716,1.100000023841858
23152357246,Strength,str,2026-06-06 09:18:43,3553.2470703125,0.0,88.0,151.0,251.0,,,,,,,,,,,,,1.0,2.0999999046325684
23152356211,Natación en piscina,swim,2026-06-05 17:49:37,3272.361083984375,2500.0,112.0,148.0,424.0,,,,,,1068.3760803501186,,,,,,10.600000381469727,2.5,1.2000000476837158
23152355192,Las Condes Ciclismo,bike,2026-06-05 15:23:12,6939.9111328125,35953.0,102.0,179.0,705.0,,,,,,193.0129231975607,,,,,,,2.4000000953674316,1.2000000476837158
23152352483,Natación en piscina,swim,2026-06-04 18:57:35,2942.25,1775.0,102.0,146.0,315.0,,,,,,1061.571156969849,,,,,,9.699999809265137,2.0999999046325684,1.899999976158142
23126509255,Zwift - z2,bike,2026-06-04 06:02:41,4099.0,38964.328125,125.0,140.0,596.0,152.0,159.06293655473272,,,,105.20778410940817,,,,,,,3.0999999046325684,0.0
23114370885,Zwift - Volcano Flat in Watopia,bike,2026-06-03 06:24:49,3017.0,22565.4296875,96.0,108.0,252.0,87.0,88.66165546972671,,,,133.7077132983946,,,,,,,1.399999976158142,0.0
23152351532,Natación en piscina,swim,2026-06-02 18:36:39,3790.5859375,2525.0,110.0,153.0,466.0,,,,,,1101.3215951568468,,,,,,10.399999618530273,2.5,1.100000023841858
23101902302,Zwift - trabajo umbral,bike,2026-06-02 06:04:48,4224.0,40303.87890625,121.0,147.0,615.0,152.0,170.76572175933717,,,,104.81081245332084,,,,,,,3.200000047683716,0.0
23097508042,Strength,str,2026-06-01 19:25:23,3183.069091796875,0.0,88.0,156.0,233.0,,,,,,,,,,,,,1.0,2.5
23082245518,Colina Ciclismo en ruta,bike,2026-05-31 09:01:18,10567.1923828125,93640.7734375,132.0,172.0,1871.0,155.0,178.0,167.39999389648438,0.7839999794960022,,112.85407889763387,,,,,,,4.699999809265137,2.299999952316284
23072700235,Providencia Carrera,run,2026-05-30 09:12:47,3088.10693359375,10055.41015625,145.0,164.0,626.0,303.0,304.0,,,,307.12530316723263,173.96875,10.11999969482422,239.10000610351562,,,,3.799999952316284,0.0
23060681895,Zwift - Volcano Flat in Watopia,bike,2026-05-29 17:24:22,2781.0,19962.990234375,98.0,110.0,218.0,82.0,83.17837536627063,,,,139.3145728225272,,,,,,,0.8999999761581421,0.0
23054967585,Strength,str,2026-05-29 05:58:29,3191.537109375,0.0,84.0,138.0,201.0,,,,,,,,,,,,,0.30000001192092896,0.6000000238418579
23054964677,Natación en piscina,swim,2026-05-28 17:58:09,4242.1201171875,3275.0,106.0,136.0,477.0,,,,,,1177.8563332850317,,,,,,10.399999618530273,2.0,0.30000001192092896
23042523123,Zwift - Volcano Flat in Watopia,bike,2026-05-28 06:06:59,3630.0,27830.880859375,100.0,113.0,309.0,89.0,90.18739237994983,,,,130.44612763250223,,,,,,,1.399999976158142,0.0
23054962693,Natación en piscina,swim,2026-05-27 17:44:30,3557.60009765625,2525.0,119.0,164.0,513.0,,,,,,1119.8208202960689,,,,,,10.199999809265137,2.799999952316284,2.0999999046325684
23054961118,Las Condes - intervalos pista,run,2026-05-27 05:31:23,3309.0869140625,10479.6103515625,144.0,159.0,665.0,309.0,310.0,,,,315.756230670837,179.703125,9.3,245.10000610351562,,,,3.700000047683716,0.0
23054958269,Natación en piscina,swim,2026-05-26 18:24:59,4889.7958984375,3100.0,106.0,153.0,559.0,,,,,,1089.3246391062057,,,,,,9.899999618530273,2.200000047683716,1.5
23054956180,Natación en piscina,swim,2026-05-26 18:22:19,95.61299896240234,68.58000183105469,83.0,94.0,7.0,,,,,,1394.7001246294037,,,,,,11.0,0.0,0.0
23017550134,Zwift - Volcano Flat in Watopia,bike,2026-05-26 06:05:42,3341.0,27339.689453125,101.0,121.0,323.0,101.0,108.51784753232619,,,,122.2045762617247,,,,,,,1.5,0.0
23005618915,Strength,str,2026-05-25 06:01:10,2913.044921875,0.0,88.0,176.0,217.0,,,,,,,,,,,,,1.7999999523162842,1.2999999523162842
22985805267,Natación en piscina,swim,2026-05-23 11:00:30,1284.7969970703125,914.4000244140625,105.0,118.0,155.0,,,,,,1324.5033196234756,,,,,,10.699999809265137,0.8999999761581421,0.0
23082229254,Jacksonville Ciclismo en ruta,bike,2026-05-16 08:49:41,20185.24609375,184993.8125,135.0,147.0,2794.0,137.0,147.0,146.6999969482422,0.6269999742507935,,109.11074786276538,,,,,,,5.0,0.20000000298023224
22907011633,Jacksonville Multideporte,triathlon,2026-05-16 07:27:58,39993.44464111328,228049.44598388672,,160.0,5359.0,,,,,,175.37181232152216,,,,,,,5.0,2.0
22894335423,Jacksonville Ciclismo en ruta,bike,2026-05-15 17:59:15,1.6950000524520874,0.0,,,0.0,,,,,,,,,,,,,0.0,0.0
22894332223,Jacksonville Ciclismo en ruta,bike,2026-05-15 17:58:59,1.1859999895095825,0.0,,,0.0,,,,,,,,,,,,,0.0,0.0
22894330794,Jacksonville Ciclismo en ruta,bike,2026-05-15 17:58:32,1.7589999437332153,0.0,,,0.0,,,,,,,,,,,,,0.0,0.0
22880589341,Natación en piscina,swim,2026-05-14 08:26:56,2981.7060546875,2057.39990234375,110.0,153.0,369.0,,,,,,1041.6666899497313,,,,,,9.399999618530273,2.0999999046325684,1.0
22894312528,Jacksonville Ciclismo en ruta,bike,2026-05-13 12:51:13,5669.42578125,37864.19140625,109.0,141.0,681.0,102.0,133.0,47.5,0.5659999847412109,,149.7230146503739,,,,,,,2.0999999046325684,0.4000000059604645
22877008656,Natación en piscina,swim,2026-05-13 08:22:33,1982.634033203125,1300.0,122.0,148.0,319.0,,,,,,901.7132815491317,,,,,,9.100000381469727,2.5,1.0
22877007759,Jacksonville Carrera,run,2026-05-12 19:03:45,2516.7509765625,7741.81982421875,134.0,149.0,463.0,286.0,283.0,,,,325.09753187937787,174.96875,9.55999984741211,252.39999389648438,,,,3.0,0.10000000149011612
22854199098,Strength,str,2026-05-12 07:50:05,1906.4759521484375,0.0,75.0,123.0,98.0,,,,,,,,,,,,,0.20000000298023224,0.0
22843547138,Jacksonville Beach Carrera,run,2026-05-11 10:08:56,1991.5579833984375,6455.31982421875,133.0,166.0,377.0,282.0,283.0,,,,308.5467508240375,174.296875,8.95999984741211,240.60000610351562,,,,3.0999999046325684,0.0
22843140971,Strength,str,2026-05-11 09:31:51,1757.5899658203125,0.0,76.0,116.0,86.0,,,,,,,,,,,,,0.10000000149011612,0.0
22833863524,Jacksonville Beach Carrera,run,2026-05-10 10:16:48,1816.196044921875,6021.77978515625,145.0,157.0,362.0,302.0,303.0,,,,301.5681557905804,174.140625,9.76999969482422,242.0,,,,3.200000047683716,0.0
22834014142,Jacksonville Beach Ciclismo en ruta,bike,2026-05-10 08:23:59,5148.2587890625,43900.98828125,122.0,156.0,812.0,138.0,156.0,62.20000076293945,0.6620000004768372,,117.27453382138073,,,,,,,2.5999999046325684,0.0
22809663247,Natación en piscina,swim,2026-05-08 08:16:28,5018.74609375,2650.0,95.0,128.0,495.0,,,,,,1218.0268263016064,,,,,,11.199999809265137,2.0,0.10000000149011612
22809661597,Strength,str,2026-05-08 07:04:23,2554.572021484375,0.0,92.0,164.0,215.0,,,,,,,,,,,,,1.7999999523162842,2.200000047683716
22809660464,Natación en piscina,swim,2026-05-07 17:32:31,3837.69091796875,3000.0,111.0,137.0,447.0,,,,,,1193.3174231133867,,,,,,10.600000381469727,2.0999999046325684,0.10000000149011612
22795126525,Zwift - Nuevo entrenamiento,bike,2026-05-07 05:29:23,4738.0,45606.7109375,126.0,140.0,708.0,156.0,161.3720107539425,,,,103.8961038961039,,,,,,,2.9000000953674316,0.0
22791407564,Las Condes - intervalos running,run,2026-05-06 05:25:29,4066.26708984375,13305.6103515625,144.0,162.0,804.0,302.0,324.0,,,,305.62346493450815,172.546875,8.880000305175782,246.39999389648438,,,,4.099999904632568,2.200000047683716
22791406055,Natación en piscina,swim,2026-05-05 07:36:35,18375.18359375,0.0,68.0,128.0,723.0,,,,,,838.2229961222506,,,,,,5.599999904632568,0.4000000059604645,0.10000000149011612
22771476226,Las Condes - transición easy z2,run,2026-05-05 06:50:42,1265.4560546875,4252.0,147.0,155.0,262.0,319.0,321.0,,,,297.6190569111552,174.21875,10.55999984741211,238.3000030517578,,,,3.0,0.0
22771122169,Zwift - SWEET SPOT,bike,2026-05-05 05:32:46,4221.0,41857.3984375,122.0,141.0,681.0,168.0,183.41261976380343,,,,100.84711204807226,,,,,,,3.0999999046325684,0.0
22766829031,Natación en piscina,swim,2026-05-04 18:20:21,4188.88623046875,3350.0,110.0,135.0,498.0,,,,,,1137.656417267228,,,,,,10.699999809265137,2.0999999046325684,0.10000000149011612
22759829423,Strength,str,2026-05-04 07:09:14,2541.81591796875,0.0,80.0,136.0,152.0,,,,,,,,,,,,,0.5,0.4000000059604645
22752170048,Las Condes Ciclismo en ruta,bike,2026-05-03 07:25:59,15604.2734375,87920.3203125,104.0,146.0,1952.0,111.0,156.0,177.89999389648438,0.6620000004768372,,177.49379324563614,,,,,,,3.200000047683716,0.10000000149011612
22742868061,Las Condes Carrera,run,2026-05-02 16:47:10,3644.9169921875,11661.099609375,141.0,155.0,699.0,296.0,295.0,,,,312.59769833273936,173.40625,9.940000152587892,241.60000610351562,,,,3.5999999046325684,0.0
22738329187,Natación en piscina,swim,2026-05-02 08:43:40,3987.1201171875,3000.0,113.0,134.0,500.0,,,,,,1277.1392206178787,,,,,,11.800000190734863,2.200000047683716,0.4000000059604645
22729025007,Colina - T2 - 90' RITMO IRONMAN,run,2026-05-01 11:54:09,5401.39111328125,18637.689453125,158.0,166.0,1170.0,311.0,311.0,,,,289.77108292814495,175.8125,9.850000000000001,227.10000610351562,,,,5.0,0.0
22727745758,Colina Ciclismo en ruta,bike,2026-05-01 08:03:56,9936.66015625,92290.7421875,121.0,144.0,1762.0,157.0,168.0,138.60000610351562,0.7099999785423279,,107.66580410207273,,,,,,,3.200000047683716,0.6000000238418579
22729119707,Colina - FONDO GRUPAL,bike,2026-05-01 08:03:47,9402.2265625,77449.7421875,115.0,144.0,1477.0,153.0,166.0,117.0999984741211,0.7099999785423279,,121.40341671721399,,,,,,,3.200000047683716,0.4000000059604645
22723640277,Natación en piscina,swim,2026-04-30 17:49:25,4116.48388671875,3150.0,113.0,126.0,518.0,,,,,,1283.6970734271854,,,,,,11.800000190734863,2.200000047683716,0.0
22708197931,Natación en piscina,swim,2026-04-29 18:43:03,3638.83203125,3000.0,112.0,129.0,463.0,,,,,,1121.0762086127772,,,,,,10.899999618530273,2.0999999046325684,0.0
22700381617,Las Condes - intervalos running,run,2026-04-29 05:32:58,4469.13623046875,14559.3203125,142.0,159.0,873.0,306.0,323.0,,,,306.9367807285188,173.296875,9.25,237.6999969482422,,,,4.099999904632568,1.5
22699250403,Natación en piscina,swim,2026-04-28 17:59:25,3868.4150390625,3050.0,112.0,128.0,471.0,,,,,,1204.8193013344476,,,,,,11.199999809265137,2.0999999046325684,0.0
22688159374,Las Condes Carrera,run,2026-04-28 06:50:43,2033.9580078125,6305.91015625,135.0,144.0,381.0,299.0,300.0,,,,322.5806550850608,173.109375,10.50999984741211,238.6999969482422,,,,3.0,0.0
22687585159,Zwift - SWEET SPOT,bike,2026-04-28 05:37:46,3886.0,36788.55859375,114.0,132.0,567.0,152.0,165.9369357499905,,,,105.64124676852894,,,,,,,2.5999999046325684,0.0
22683477235,Strength,str,2026-04-27 18:37:27,3655.9970703125,0.0,85.0,144.0,236.0,,,,,,,,,,,,,0.699999988079071,2.0
22676248674,Strength,str,2026-04-27 07:07:50,2615.6240234375,0.0,80.0,144.0,161.0,,,,,,,,,,,,,0.699999988079071,0.8999999761581421
22667072039,Santiago - Control 30k MDS,run,2026-04-26 06:57:44,8620.41015625,29624.33984375,154.0,171.0,1834.0,317.0,319.0,,,,290.9514080465611,178.15625,9.8,234.10000610351562,,,,5.0,0.0
22658910939,Colina Ciclismo en ruta,bike,2026-04-25 07:16:55,19143.7265625,180300.1875,126.0,154.0,3246.0,149.0,161.0,250.8000030517578,0.6869999766349792,,106.17965348348827,,,,,,,4.400000095367432,1.0
22646820616,Natación en piscina,swim,2026-04-24 16:21:27,3920.89697265625,3000.0,116.0,128.0,524.0,,,,,,1206.2726231623217,,,,,,11.100000381469727,2.4000000953674316,0.0
22644679392,Las Condes - transición easy z2,run,2026-04-24 11:44:16,2434.990966796875,8413.7802734375,155.0,164.0,519.0,321.0,322.0,,,,289.4356069702415,176.15625,10.130000305175782,231.39999389648438,,,,3.799999952316284,0.0
22643559176,Zwift - UL SHORT,bike,2026-04-24 10:14:04,4758.0,46456.8984375,126.0,151.0,767.0,168.0,190.3524867274645,,,,102.42753740336636,,,,,,,3.4000000953674316,0.0
22644677202,Strength,str,2026-04-24 07:20:08,3278.012939453125,0.0,90.0,164.0,243.0,,,,,,,,,,,,,0.699999988079071,1.2999999523162842
22644676244,Natación en piscina,swim,2026-04-23 18:22:32,4774.2880859375,3200.0,104.0,132.0,479.0,,,,,,1123.595523677711,,,,,,10.699999809265137,2.0,0.4000000059604645
22628955535,Strength,str,2026-04-23 06:25:03,2978.510009765625,0.0,83.0,130.0,180.0,,,,,,,,,,,,,0.5,0.0
22624220422,Entrenamiento en cinta,run,2026-04-22 17:35:18,3107.14697265625,10310.0,128.0,142.0,509.0,275.0,278.0,,,,301.3863702324279,167.796875,10.5,242.8000030517578,,,,2.700000047683716,0.0
22612513150,Natación en piscina,swim,2026-04-21 18:43:41,4226.994140625,2975.0,108.0,150.0,488.0,,,,,,1117.31845956554,,,,,,10.199999809265137,2.200000047683716,1.0
22604536653,Las Condes - transición easy z2,run,2026-04-21 07:07:32,2293.83203125,7654.1298828125,145.0,155.0,464.0,312.0,313.0,,,,299.6703721930623,176.546875,9.990000152587891,234.89999389648438,,,,3.4000000953674316,0.0
22603910468,Zwift - trabajo umbral,bike,2026-04-21 05:37:54,4831.0,47670.3984375,124.0,149.0,785.0,170.0,188.81535606463444,,,,101.34793127474859,,,,,,,3.299999952316284,0.0
22600147007,Natación en piscina,swim,2026-04-20 18:04:28,3791.507080078125,3000.0,115.0,143.0,507.0,,,,,,1172.3329628714764,,,,,,10.800000190734863,2.299999952316284,0.8999999761581421
22600146469,Strength,str,2026-04-20 07:02:03,3249.62109375,0.0,73.0,125.0,149.0,,,,,,,,,,,,,0.20000000298023224,0.0
22588110249,Las Condes Ciclismo en ruta,bike,2026-04-19 06:26:43,19212.4140625,154815.984375,117.0,163.0,2885.0,130.0,164.0,259.3999938964844,0.7009999752044678,,124.10027901306894,,,,,,,4.199999809265137,1.600000023841858
22588105036,Las Condes Ciclismo en ruta,bike,2026-04-18 20:55:34,0.8109999895095825,0.8999999761581421,,,0.0,,,,,,900.900889290549,,,,,,,0.0,0.0
22588106162,Strength,str,2026-04-18 18:16:29,3533.10009765625,0.0,81.0,149.0,201.0,,,,,,,,,,,,,0.4000000059604645,0.6000000238418579
22571962127,Providencia - fondo de running en plano,run,2026-04-18 08:13:42,7146.951171875,24183.140625,155.0,167.0,1502.0,314.0,315.0,,,,295.50826873521555,176.1875,10.380000305175782,224.60000610351562,,,,5.0,0.20000000298023224
22564325087,Natación en piscina,swim,2026-04-17 17:59:03,4475.0,3500.0,109.0,136.0,527.0,,,,,,1100.1100358159008,,,,,,10.899999618530273,2.200000047683716,0.0
22563488316,Las Condes - easy run,run,2026-04-17 16:51:22,1801.864990234375,5681.580078125,140.0,152.0,347.0,303.0,303.0,,,,317.1582502693268,173.0,10.20999984741211,240.3000030517578,,,,3.0,0.0
22563248388,Zwift - TEST LACTACIDEMIA,bike,2026-04-17 15:36:59,3759.0,34262.7890625,122.0,154.0,529.0,147.0,165.98740697116932,,,,109.72130402035343,,,,,,,3.0999999046325684,0.0
22557060546,Natación en piscina,swim,2026-04-16 17:59:35,4005.3291015625,3150.0,111.0,138.0,483.0,,,,,,1199.0407797259586,,,,,,10.800000190734863,2.0999999046325684,0.20000000298023224
22545442004,Zwift - Nuevo entrenamiento,bike,2026-04-16 05:33:59,5160.0,48281.01171875,125.0,140.0,735.0,149.0,156.58356565912294,,,,106.88328406457708,,,,,,,3.0999999046325684,0.0
22533672795,Las Condes - intervalos running,run,2026-04-15 05:41:19,3678.8701171875,11816.5302734375,142.0,168.0,735.0,305.0,311.0,,,,311.33251346634495,178.03125,9.380000305175782,239.6999969482422,,,,3.700000047683716,0.5
22529317873,Natación en piscina,swim,2026-04-14 18:15:30,5163.005859375,3850.0,109.0,140.0,581.0,,,,,,1098.9010672309587,,,,,,10.600000381469727,2.299999952316284,1.2000000476837158
22522078446,Las Condes - transición easy z2,run,2026-04-14 07:04:43,1207.469970703125,3886.02001953125,143.0,152.0,242.0,300.0,303.0,,,,310.7520261504734,176.171875,9.880000305175782,235.39999389648438,,,,2.799999952316284,0.0
22520985395,Zwift - trabajo umbral,bike,2026-04-14 05:33:09,5001.0,49556.2890625,128.0,149.0,809.0,169.0,186.85761180718765,,,,100.91835300865996,,,,,,,3.4000000953674316,0.0
22521636848,Strength,str,2026-04-13 19:51:20,2543.9580078125,0.0,81.0,149.0,152.0,,,,,,,,,,,,,0.5,1.399999976158142
22509950544,Strength,str,2026-04-13 07:04:23,3397.5458984375,0.0,71.0,127.0,145.0,,,,,,,,,,,,,0.10000000149011612,0.0
22503024583,Colina - transición easy z2,run,2026-04-12 12:05:30,1701.3360595703125,5667.14990234375,152.0,159.0,355.0,301.0,303.0,,,,300.2101390235803,174.0,9.80999984741211,228.89999389648438,,,,3.299999952316284,0.0
22505979174,Colina Ciclismo en ruta,bike,2026-04-12 07:27:55,14335.3740234375,130205.2421875,125.0,150.0,2396.0,147.0,162.0,190.5,0.6930000185966492,,110.09578111206214,,,,,,,4.099999904632568,0.4000000059604645
22490601095,Natación en piscina,swim,2026-04-11 10:47:29,3851.31494140625,3250.0,125.0,144.0,602.0,,,,,,1135.0738025267633,,,,,,10.699999809265137,2.9000000953674316,0.699999988079071
22489362207,Providencia - fondo de running en plano,run,2026-04-11 08:03:11,5859.4970703125,20363.099609375,155.0,166.0,1258.0,317.0,318.0,,,,287.76979207017723,178.609375,9.86999969482422,226.3000030517578,,,,5.0,0.10000000149011612
22482198657,Natación en piscina,swim,2026-04-10 17:21:26,4173.01806640625,3250.0,117.0,138.0,558.0,,,,,,1119.8208202960689,,,,,,10.199999809265137,2.700000047683716,0.6000000238418579
22481202760,Zwift - UL SHORT,bike,2026-04-10 15:36:23,4771.0,46144.73828125,123.0,147.0,753.0,165.0,187.30696032385154,,,,103.40192833330934,,,,,,,3.200000047683716,0.0
22476248409,Strength,str,2026-04-10 07:02:20,3826.33203125,0.0,73.0,143.0,168.0,,,,,,,,,,,,,0.20000000298023224,0.0
22472204510,Natación en piscina,swim,2026-04-09 18:19:56,6848.2412109375,3000.0,92.0,128.0,572.0,,,,,,1170.9602252748548,,,,,,10.399999618530273,1.100000023841858,0.0
22472203963,Strength,str,2026-04-09 05:36:22,3609.448974609375,0.0,80.0,128.0,203.0,,,,,,,,,,,,,0.20000000298023224,0.0
22460489314,Natación en piscina,swim,2026-04-08 19:48:27,3454.092041015625,2725.0,100.0,114.0,335.0,,,,,,1173.708922815343,,,,,,10.800000190734863,1.100000023841858,0.0
22450970939,Las Condes - intervalos running,run,2026-04-08 05:34:47,3432.158935546875,10874.1904296875,143.0,163.0,687.0,302.0,318.0,,,,315.6565673669836,174.546875,8.86999969482422,253.39999389648438,,,,3.799999952316284,1.399999976158142
22446298328,Zwift - SWEET SPOT,bike,2026-04-07 18:12:00,4805.0,46593.140625,122.0,144.0,746.0,162.0,181.00036860418675,,,,103.13531247636347,,,,,,,3.200000047683716,0.0
22433236124,Las Condes - easy run z2,run,2026-04-06 18:32:08,2545.593017578125,7699.66015625,129.0,147.0,448.0,0.0,0.0,,,,330.5785019747363,0.0,,,,,,2.799999952316284,0.0
22426332377,Strength,str,2026-04-06 07:02:18,3283.512939453125,0.0,72.0,133.0,148.0,,,,,,,,,,,,,0.30000001192092896,0.6000000238418579
22420405279,Strength,str,2026-04-05 16:15:24,2032.6199951171875,0.0,77.0,124.0,107.0,,,,,,,,,,,,,0.10000000149011612,0.0
22417888639,Las Condes - transición easy z2,run,2026-04-05 10:43:32,1801.387939453125,6010.06982421875,144.0,156.0,366.0,307.0,309.0,,,,299.76019493148965,173.328125,10.16999969482422,230.60000610351562,,,,3.200000047683716,0.0
22417910112,Las Condes Ciclismo en ruta,bike,2026-04-05 07:43:30,9329.3349609375,53459.26171875,97.0,136.0,1077.0,95.0,131.0,81.0,0.5600000023841858,,174.52006922710189,,,,,,,2.4000000953674316,0.0
22409436496,Strength,str,2026-04-04 16:02:50,4283.216796875,0.0,78.0,122.0,216.0,,,,,,,,,,,,,0.10000000149011612,0.0
22405711268,Natación en piscina,swim,2026-04-04 09:57:52,3882.302001953125,3050.0,117.0,136.0,523.0,,,,,,1164.144317065059,,,,,,11.300000190734863,2.299999952316284,0.20000000298023224
22404482497,Providencia - endurance 2 x 20',run,2026-04-04 08:07:00,4065.444091796875,12987.0595703125,139.0,154.0,782.0,294.0,296.0,,,,313.0870376357237,176.9375,9.700000000000001,237.6999969482422,,,,3.5999999046325684,0.0
22398634704,Strength,str,2026-04-03 18:16:00,2500.531982421875,0.0,77.0,121.0,124.0,,,,,,,,,,,,,0.10000000149011612,0.0
22396260461,Colina Carrera,run,2026-04-03 12:11:08,1504.6949462890625,5156.18994140625,158.0,167.0,328.0,308.0,310.0,,,,291.8004046228297,176.4375,9.70999984741211,230.1999969482422,,,,3.4000000953674316,0.0
22408697928,Colina Ciclismo en ruta,bike,2026-04-03 07:58:42,13264.1953125,125015.3125,127.0,158.0,2310.0,154.0,166.0,185.39999389648438,0.7099999785423279,,106.1007936087936,,,,,,,4.099999904632568,1.0
22388132388,Strength,str,2026-04-02 19:53:37,2390.5400390625,0.0,70.0,112.0,93.0,,,,,,,,,,,,,0.10000000149011612,0.0
22387656855,Natación en piscina,swim,2026-04-02 18:02:57,3958.762939453125,3200.0,106.0,130.0,439.0,,,,,,1186.2396277841926,,,,,,11.100000381469727,2.0,0.20000000298023224
22380601911,Zwift - Nuevo entrenamiento,bike,2026-04-02 05:36:46,5156.0,48528.1015625,125.0,144.0,741.0,150.0,157.6652737700062,,,,106.25863067126367,,,,,,,3.0,0.0
22385283262,Natación en piscina,swim,2026-04-01 17:42:55,4163.38623046875,3025.0,109.0,133.0,490.0,,,,,,1206.2726231623217,,,,,,11.199999809265137,2.0999999046325684,0.10000000149011612
22374234887,Las Condes Carrera,run,2026-04-01 07:52:29,474.0190124511719,486.25,103.0,119.0,52.0,124.0,157.0,,,,974.6588476528551,172.84375,5.8500000000000005,281.1000061035156,,,,0.30000001192092896,0.0
22374228807,Strength,str,2026-04-01 07:05:04,2751.679931640625,0.0,71.0,110.0,109.0,,,,,,,,,,,,,0.10000000149011612,0.0
22366493120,Natación en piscina,swim,2026-03-31 19:20:00,3689.195068359375,3000.0,110.0,141.0,430.0,,,,,,1162.7906783327278,,,,,,10.800000190734863,2.0,0.30000001192092896
22357903294,Zwift - Volcano Flat in Watopia,bike,2026-03-31 05:38:27,5426.0,49009.5703125,114.0,134.0,687.0,132.0,138.6116658880945,,,,110.71745412025969,,,,,,,2.4000000953674316,0.0
22338031557,Ñuñoa - 6k + 21K RITMO IM + 3k,run,2026-03-29 06:55:56,8739.0244140625,28845.05078125,152.0,165.0,1787.0,302.0,305.0,,,,302.93849263127,174.0,9.940000152587892,230.89999389648438,,,,5.0,0.10000000149011612
22331387335,Strength,str,2026-03-28 17:36:53,2744.22998046875,0.0,75.0,125.0,132.0,,,,,,,,,,,,,0.20000000298023224,0.0
22329276634,Colina - T2,run,2026-03-28 13:07:28,1844.0999755859375,6223.27001953125,155.0,163.0,393.0,300.0,301.0,,,,296.2962962962963,174.75,9.85999984741211,224.39999389648438,,,,3.5,0.0
22343280370,Colina Ciclismo en ruta,bike,2026-03-28 07:41:23,18052.654296875,169127.703125,124.0,148.0,3047.0,149.0,161.0,235.89999389648438,0.6859999895095825,,106.73497209772408,,,,,,,4.099999904632568,0.4000000059604645
22321054314,Natación en piscina,swim,2026-03-27 18:31:34,4346.4638671875,3100.0,112.0,142.0,550.0,,,,,,1175.0881164659336,,,,,,11.199999809265137,2.299999952316284,0.699999988079071
22321053437,Las Condes Ciclismo en ruta,bike,2026-03-27 16:00:35,7280.5078125,38990.30859375,87.0,120.0,594.0,61.0,94.0,32.29999923706055,0.4009999930858612,,186.7413625468144,,,,,,,1.100000023841858,0.4000000059604645
22313982785,Las Condes - transición easy z2,run,2026-03-27 05:55:33,1834.987060546875,5312.25,130.0,144.0,330.0,276.0,278.0,,,,345.4231456263985,172.734375,9.75999984741211,250.39999389648438,,,,2.5999999046325684,0.0
22313757451,Strength,str,2026-03-27 05:19:59,2009.6519775390625,0.0,72.0,92.0,72.0,,,,,,,,,,,,,0.0,0.0
22311428342,Natación en piscina,swim,2026-03-26 18:29:29,4333.56103515625,3025.0,103.0,135.0,459.0,,,,,,1141.5525281929633,,,,,,10.600000381469727,1.899999976158142,0.699999988079071
22300469623,Natación en piscina,swim,2026-03-25 18:57:45,3981.093017578125,3000.0,105.0,139.0,485.0,,,,,,1213.5922316051315,,,,,,11.199999809265137,2.0,0.10000000149011612
22292888348,Las Condes - intervalos pista,run,2026-03-25 05:27:49,5205.10302734375,16758.94921875,143.0,167.0,1011.0,299.0,321.0,,,,310.5590034518123,171.546875,9.30999984741211,234.5,,,,4.300000190734863,1.7999999523162842
22289212851,Natación en piscina,swim,2026-03-24 18:28:14,3635.218017578125,3175.0,114.0,138.0,498.0,,,,,,1136.363642521141,,,,,,11.199999809265137,2.299999952316284,0.4000000059604645
22282027327,Las Condes - transición easy z2,run,2026-03-24 07:10:56,2413.028076171875,7272.66015625,138.0,148.0,452.0,294.0,295.0,,,,331.7850100366788,171.453125,10.66999969482422,243.1999969482422,,,,3.0,0.0
22280858787,Zwift - SWEET SPOT,bike,2026-03-24 05:31:10,5548.0,53905.109375,121.0,143.0,864.0,163.0,179.89747221655506,,,,102.92301778844134,,,,,,,3.200000047683716,0.0
22282019872,Strength,str,2026-03-23 19:06:12,3729.3359375,0.0,73.0,127.0,171.0,,,,,,,,,,,,,0.20000000298023224,0.10000000149011612
22265499505,Strength,str,2026-03-22 17:07:08,1938.0389404296875,0.0,76.0,118.0,97.0,,,,,,,,,,,,,0.10000000149011612,0.0
22262901600,Colina - T2 - 35',run,2026-03-22 12:27:16,2102.554931640625,6839.3701171875,146.0,155.0,427.0,287.0,289.0,,,,307.40854397488846,174.765625,9.09000015258789,241.6999969482422,,,,3.299999952316284,0.0
22265554105,Colina Ciclismo en ruta,bike,2026-03-22 07:42:13,15933.44921875,147060.25,123.0,143.0,2755.0,153.0,164.0,217.0,0.7009999752044678,,108.34236723674971,,,,,,,4.0,0.10000000149011612
22253624600,Strength,str,2026-03-21 17:32:14,2713.595947265625,0.0,78.0,119.0,142.0,,,,,,,,,,,,,0.20000000298023224,0.0
22253167213,Zwift - Nuevo entrenamiento,bike,2026-03-21 16:06:31,3603.0,32581.5703125,117.0,133.0,468.0,135.0,143.1569770703223,,,,110.5950033455596,,,,,,,2.200000047683716,0.0
22248867005,Providencia - fondo de running en plano,run,2026-03-21 08:09:17,7836.966796875,25426.55078125,145.0,161.0,1535.0,302.0,304.0,,,,308.26140965942153,173.5625,10.3,230.3000030517578,,,,4.699999809265137,0.0
22246211460,Strength,str,2026-03-20 17:43:58,2120.85888671875,0.0,74.0,92.0,94.0,,,,,,,,,,,,,0.10000000149011612,0.0
22241779120,Zwift - UL SHORT,bike,2026-03-20 16:12:58,4770.0,45584.51953125,121.0,144.0,727.0,159.0,181.53417300750647,,,,104.64629819468529,,,,,,,3.0999999046325684,0.0
22235355616,Strength,str,2026-03-20 06:21:32,1082.219970703125,0.0,77.0,93.0,40.0,,,,,,,,,,,,,0.0,0.0
22235216195,Las Condes - transición easy z2,run,2026-03-20 05:39:07,1304.3270263671875,3749.64990234375,127.0,137.0,227.0,274.0,276.0,,,,347.82608695652175,169.328125,10.41999969482422,246.3000030517578,,,,2.5,0.0
22232098266,Natación en piscina,swim,2026-03-19 18:36:40,4425.94580078125,3000.0,106.0,136.0,493.0,,,,,,1221.0012124705434,,,,,,11.300000190734863,2.0,0.20000000298023224
22224144159,Zwift - Nuevo entrenamiento,bike,2026-03-19 05:37:50,5451.0,51953.1796875,123.0,141.0,797.0,153.0,161.12312225474966,,,,104.93179727385234,,,,,,,3.0,0.0
22220347389,Natación en piscina,swim,2026-03-18 17:16:48,4675.3671875,3400.0,104.0,133.0,475.0,,,,,,1272.2646094318509,,,,,,10.899999618530273,2.0,0.10000000149011612
22212619747,Las Condes - intervalos pista,run,2026-03-18 05:37:39,5069.0732421875,15857.4697265625,141.0,173.0,951.0,289.0,323.0,,,,319.69309248483756,168.34375,8.719999694824219,255.1999969482422,,,,4.300000190734863,2.799999952316284
22209136633,Natación en piscina,swim,2026-03-17 18:26:48,4488.2529296875,3100.0,104.0,148.0,475.0,,,,,,1136.363642521141,,,,,,10.399999618530273,1.899999976158142,1.100000023841858
22201155056,Las Condes - transición easy z2,run,2026-03-17 07:05:53,1801.5830078125,5093.75,133.0,144.0,322.0,273.0,281.0,,,,353.7318834132265,166.875,10.3,245.6999969482422,,,,2.5999999046325684,0.0
22200735324,Zwift - SWEET SPOT,bike,2026-03-17 05:22:39,5779.0,56803.6484375,121.0,139.0,927.0,168.0,183.32106319144668,,,,101.73974482397146,,,,,,,3.299999952316284,0.0
22187135054,Colina Ciclismo en ruta,bike,2026-03-15 07:52:44,17961.703125,162608.96875,126.0,152.0,3006.0,147.0,162.0,239.39999389648438,0.6940000057220459,,110.46061529635378,,,,,,,4.300000190734863,0.0
22174798733,Zwift - Nuevo entrenamiento,bike,2026-03-14 17:07:18,3670.0,32789.609375,121.0,135.0,462.0,131.0,141.99422835335116,,,,111.93194518603694,,,,,,,2.299999952316284,0.0
22173014737,Natación en piscina,swim,2026-03-14 11:04:50,3681.615966796875,3100.0,116.0,230.0,246.0,,,,,,1113.5857437371978,,,,,,10.699999809265137,2.700000047683716,1.2999999523162842
22173012029,Providencia Carrera,run,2026-03-14 08:13:52,7202.52685546875,24137.099609375,147.0,165.0,1443.0,309.0,312.0,,,,298.41837628768974,176.71875,10.040000152587892,228.6999969482422,,,,4.800000190734863,0.30000001192092896
22164595777,Natación en piscina,swim,2026-03-13 18:16:08,4240.8759765625,3200.0,113.0,143.0,518.0,,,,,,1197.604821194984,,,,,,11.100000381469727,2.200000047683716,0.699999988079071
22164595118,Las Condes Ciclismo en ruta,bike,2026-03-13 15:11:19,9078.748046875,45814.83984375,94.0,129.0,808.0,69.0,111.0,56.29999923706055,0.4740000069141388,,198.1767735323059,,,,,,,2.0,0.0
22164592776,Las Condes - z2 con desnivel,run,2026-03-13 06:37:23,3400.89697265625,10229.0595703125,133.0,149.0,611.0,289.0,289.0,,,,332.4468198939386,172.3125,10.36999969482422,239.1999969482422,,,,3.0999999046325684,0.0
22164591312,Natación en piscina,swim,2026-03-12 18:25:08,4526.0751953125,3000.0,119.0,174.0,638.0,,,,,,1179.2452969439476,,,,,,10.699999809265137,2.5999999046325684,1.899999976158142
22147118431,Zwift - Nuevo entrenamiento,bike,2026-03-12 05:37:49,5417.0,52363.921875,130.0,144.0,797.0,154.0,161.24305421708732,,,,103.45540679841697,,,,,,,3.0999999046325684,0.0
22143537238,Vitacura - intervalos pista,run,2026-03-11 17:59:01,4848.8662109375,15178.849609375,146.0,175.0,952.0,287.0,326.0,,,,319.4888062100344,163.234375,8.950000000000001,251.0,,,,4.300000190734863,3.700000047683716
22132346298,Natación en piscina,swim,2026-03-10 18:28:02,4882.81103515625,3000.0,104.0,145.0,499.0,,,,,,1136.363642521141,,,,,,10.5,2.299999952316284,0.699999988079071
22124324436,Las Condes - transición easy z2,run,2026-03-10 07:05:28,1870.5169677734375,5470.990234375,135.0,146.0,341.0,281.0,282.0,,,,341.88034745371806,171.375,10.16999969482422,244.89999389648438,,,,2.700000047683716,0.0
22123930760,Zwift - SWEET SPOT,bike,2026-03-10 05:27:00,5417.0,54212.46875,128.0,147.0,911.0,176.0,192.2870832172336,,,,99.93004927047298,,,,,,,3.5,0.0
22120633516,Las Condes - easy run z2 con acelaración,run,2026-03-09 19:03:28,3677.85302734375,11988.3203125,139.0,159.0,700.0,300.0,301.0,,,,306.74846715502497,174.6875,9.819999694824219,238.1999969482422,,,,3.5999999046325684,0.0
22112250246,Strength,str,2026-03-09 06:03:22,3237.5400390625,0.0,82.0,162.0,191.0,,,,,,,,,,,,,0.800000011920929,0.6000000238418579
22105216198,Colina - transición easy z2,run,2026-03-08 11:44:34,1932.56494140625,6601.89013671875,155.0,164.0,412.0,305.0,307.0,,,,292.7400563187137,173.109375,9.5,239.8000030517578,,,,3.5,0.0
22109333552,Colina Ciclismo en ruta,bike,2026-03-08 06:51:06,14294.1103515625,128863.046875,121.0,166.0,2280.0,140.0,168.0,202.89999389648438,0.7170000076293945,,110.92622982989477,,,,,,,4.099999904632568,2.0
22096677222,Strength,str,2026-03-07 17:19:34,3747.470947265625,0.0,71.0,133.0,145.0,,,,,,,,,,,,,0.10000000149011612,0.6000000238418579
22093055051,Natación en piscina,swim,2026-03-07 10:21:55,3941.669921875,3100.0,118.0,141.0,534.0,,,,,,1168.2242906055071,,,,,,10.100000381469727,2.4000000953674316,0.699999988079071
22091429082,Providencia - fondo de running en plano,run,2026-03-07 08:10:55,5501.380859375,18024.3203125,144.0,161.0,1090.0,305.0,308.0,,,,305.25030311763584,174.734375,10.35999984741211,229.6999969482422,,,,4.300000190734863,0.0
22089271854,Las Condes Ciclismo en ruta,bike,2026-03-06 15:15:17,15279.142578125,83253.390625,99.0,158.0,1532.0,80.0,126.0,94.69999694824219,0.4729999899864197,,183.51991589323924,,,,,,,2.5999999046325684,0.20000000298023224
22089262457,Natación en piscina,swim,2026-03-05 18:26:58,5001.97802734375,3200.0,118.0,163.0,660.0,,,,,,1124.8593943859667,,,,,,9.800000190734863,2.9000000953674316,1.2000000476837158
22068004618,Zwift - z2,bike,2026-03-05 05:37:38,4819.0,43234.01171875,113.0,134.0,633.0,137.0,150.42828051663508,,,,111.47029667447133,,,,,,,2.5999999046325684,0.0
22089261288,Natación en piscina,swim,2026-03-04 17:34:32,4775.18994140625,3025.0,106.0,155.0,501.0,,,,,,1165.501192058188,,,,,,10.699999809265137,2.0,1.5
22089448343,Las Condes - intervalos running,run,2026-03-04 05:38:31,4806.4677734375,14966.6298828125,140.0,165.0,908.0,289.0,314.0,,,,321.13037047597123,172.0625,8.9,244.89999389648438,,,,4.0,2.200000047683716
22052426046,Natación en piscina,swim,2026-03-03 17:29:05,4020.195068359375,3200.0,108.0,132.0,449.0,,,,,,1145.475338493607,,,,,,10.300000190734863,2.0,0.0
22044935604,Strength,str,2026-03-03 07:38:56,878.989013671875,0.0,71.0,89.0,29.0,,,,,,,,,,,,,0.0,0.0
22044783755,Zwift - SWEET SPOT on Volcano Flat in Watopia,bike,2026-03-03 06:03:08,5428.0,50094.44140625,116.0,141.0,787.0,151.0,176.30439660472845,,,,108.3658467595793,,,,,,,3.200000047683716,0.0
22040844506,Las Condes - easy run z2,run,2026-03-02 18:19:15,3839.843017578125,11555.2197265625,132.0,144.0,666.0,292.0,290.0,,,,332.3363174084147,171.1875,10.3,250.0,,,,3.0999999046325684,0.0
22035154435,Strength,str,2026-03-02 06:00:15,3337.926025390625,0.0,87.0,149.0,221.0,,,,,,,,,,,,,0.6000000238418579,2.200000047683716
22029402709,Strength,str,2026-03-01 16:19:55,1956.98095703125,0.0,73.0,152.0,82.0,,,,,,,,,,,,,0.20000000298023224,0.800000011920929
22027153726,Colina - transición de z2 a race pace,run,2026-03-01 11:43:28,1850.322021484375,6392.330078125,156.0,171.0,393.0,309.0,310.0,,,,289.4356069702415,173.875,10.100000000000001,222.8000030517578,,,,3.5999999046325684,0.20000000298023224
22030616670,Colina Ciclismo en ruta,bike,2026-03-01 06:48:39,14280.765625,132702.65625,124.0,168.0,2301.0,141.0,166.0,153.10000610351562,0.6230000257492065,,107.6194597186517,,,,,,,4.099999904632568,1.7999999523162842
22018490616,Strength,str,2026-02-28 17:25:33,3744.52294921875,0.0,76.0,158.0,181.0,,,,,,,,,,,,,0.5,2.0999999046325684
22015016561,Natación en piscina,swim,2026-02-28 10:59:33,4001.803955078125,3150.0,115.0,140.0,499.0,,,,,,1175.0881164659336,,,,,,10.600000381469727,2.200000047683716,0.20000000298023224
22013651799,Providencia - fondo de running en plano,run,2026-02-28 08:10:40,6283.494140625,20934.5,145.0,163.0,1235.0,309.0,313.0,,,,300.1200464730186,177.015625,10.05999984741211,230.5,,,,4.599999904632568,0.0
22008330009,Lo Barnechea Ciclismo en ruta,bike,2026-02-27 16:07:13,9869.9736328125,49617.390625,118.0,154.0,1471.0,129.0,172.0,113.30000305175781,0.6449999809265137,,198.92580263873927,,,,,,,3.299999952316284,0.0
22008327327,Las Condes - z2 con desnivel,run,2026-02-27 05:49:20,3406.135009765625,9759.240234375,131.0,146.0,583.0,277.0,279.0,,,,349.04013845420377,171.3125,10.080000305175782,250.1999969482422,,,,3.0999999046325684,0.0
22008325920,Natación en piscina,swim,2026-02-26 17:51:50,4091.4990234375,3225.0,130.0,184.0,642.0,,,,,,1194.743112530292,,,,,,10.699999809265137,3.200000047683716,0.8999999761581421
21990127408,Zwift - z2 on Volcano Flat in Watopia,bike,2026-02-26 05:25:35,5133.0,48050.91015625,121.0,137.0,738.0,150.0,157.98989531426025,,,,106.82619308619235,,,,,,,2.700000047683716,0.0
21990246318,Las Condes - intervalos pista,run,2026-02-25 05:35:53,4075.324951171875,13549.4599609375,147.0,171.0,810.0,308.0,326.0,,,,300.75187538617536,177.40625,9.130000305175782,233.0,,,,4.199999809265137,3.200000047683716
21975195477,Natación en piscina,swim,2026-02-24 18:31:45,3811.968994140625,3100.0,114.0,139.0,467.0,,,,,,1131.221715185679,,,,,,10.600000381469727,2.0999999046325684,0.4000000059604645
21967544427,Las Condes - transición easy z2,run,2026-02-24 06:54:13,1819.25,5438.08984375,135.0,145.0,334.0,286.0,289.0,,,,334.5600443495237,172.609375,10.09000015258789,246.8000030517578,,,,2.799999952316284,0.0
21967248029,Zwift - SERIES DECRECIENTES VO2 MAX on Volcano Flat in Watopia,bike,2026-02-24 05:29:15,4633.0,42784.4609375,123.0,154.0,651.0,147.0,178.2965097853883,,,,108.2954275169839,,,,,,,3.0,0.5
21963892832,Las Condes - easy run z2 con acelaración,run,2026-02-23 18:35:02,3895.093994140625,11559.4501953125,139.0,153.0,697.0,289.0,287.0,,,,336.9272310814291,170.296875,10.40999984741211,252.39999389648438,,,,3.4000000953674316,0.0
21956476328,Strength,str,2026-02-23 05:31:43,3810.551025390625,0.0,78.0,129.0,189.0,,,,,,,,,,,,,0.20000000298023224,0.5
21953906410,Strength,str,2026-02-22 16:17:36,3280.389892578125,0.0,82.0,124.0,181.0,,,,,,,,,,,,,0.20000000298023224,0.0
21937671214,Mogi Guaçu Carrera,run,2026-02-21 07:33:10,6483.14794921875,20212.16015625,157.0,178.0,1320.0,302.0,304.0,,,,320.718406097643,172.75,10.730000305175782,238.1999969482422,,,,5.0,1.600000023841858
21931864330,Mogi Guaçu - z2 con desnivel,run,2026-02-20 18:00:01,2403.427001953125,6975.240234375,136.0,154.0,433.0,281.0,283.0,,,,344.58994386236463,170.953125,10.430000305175781,247.39999389648438,,,,3.0,0.0
21915337019,Zwift - 45min Riders Choice on Volcano Flat in Watopia,bike,2026-02-19 05:30:24,3770.0,30089.810546875,0.0,0.0,357.0,99.0,100.0511900262851,,,,125.297582595115,,,,,,,,
21931863173,Natación en piscina,swim,2026-02-18 17:37:33,4487.36376953125,3475.0,123.0,174.0,569.0,,,,,,1127.3956849867059,,,,,,10.600000381469727,3.200000047683716,0.8999999761581421
21931862673,Las Condes - intervalos pista,run,2026-02-18 05:40:03,4754.5009765625,14998.2001953125,139.0,167.0,890.0,296.0,310.0,,,,316.9572136507824,176.625,8.990000152587891,242.8000030517578,,,,4.0,2.799999952316284
21931860557,Natación en piscina,swim,2026-02-17 18:24:08,3971.64501953125,3000.0,108.0,136.0,421.0,,,,,,1182.0330749408622,,,,,,10.399999618530273,1.7999999523162842,0.0
21931859939,Las Condes - transición easy z2,run,2026-02-17 07:01:45,1809.946044921875,5385.5498046875,133.0,143.0,325.0,287.0,289.0,,,,336.0214974080392,172.453125,10.319999694824219,242.39999389648438,,,,2.700000047683716,0.0
21893866284,Zwift - HIIT on Volcano Flat in Watopia,bike,2026-02-17 05:34:40,4819.0,45911.37890625,121.0,148.0,718.0,156.0,183.43201573027102,,,,104.9648320724452,,,,,,,3.0999999046325684,0.0
21931858490,Las Condes - easy run z2 con acelaración,run,2026-02-16 18:25:55,3944.26708984375,11415.01953125,133.0,144.0,672.0,278.0,275.0,,,,345.54249535108494,170.921875,10.030000305175783,247.0,,,,3.0999999046325684,0.0
21883538801,Strength,str,2026-02-16 06:03:57,4097.11279296875,0.0,81.0,140.0,229.0,,,,,,,,,,,,,0.699999988079071,0.30000001192092896
21880788425,Strength,str,2026-02-15 18:23:09,1930.3590087890625,0.0,68.0,103.0,64.0,,,,,,,,,,,,,0.0,0.0
21877348362,Colina Carrera,run,2026-02-15 11:58:57,1819.8909912109375,6323.60986328125,154.0,163.0,377.0,309.0,311.0,,,,287.76979207017723,176.078125,9.84000015258789,222.6999969482422,,,,3.5,0.0
21880801752,Colina Ciclismo en ruta,bike,2026-02-15 07:46:54,12286.037109375,117805.5078125,126.0,164.0,2037.0,146.0,165.0,129.3000030517578,0.6159999966621399,,104.28616396455621,,,,,,,3.799999952316284,0.5
21869139473,Strength,str,2026-02-14 16:02:22,2977.7919921875,0.0,79.0,139.0,144.0,,,,,,,,,,,,,0.30000001192092896,0.5
21866423575,Natación en piscina,swim,2026-02-14 10:53:12,3972.345947265625,3000.0,108.0,147.0,418.0,,,,,,1213.5922316051315,,,,,,10.600000381469727,1.899999976158142,0.8999999761581421
21865204199,Providencia - fondo de running en plano,run,2026-02-14 08:10:12,6422.88818359375,20645.880859375,146.0,166.0,1187.0,295.0,297.0,,,,311.1387691829965,176.578125,9.91999969482422,234.0,,,,4.5,1.399999976158142
21860279294,Las Condes Carrera,run,2026-02-13 21:10:29,2445.123046875,7314.66015625,137.0,148.0,390.0,280.0,280.0,,,,334.2245874251097,171.125,10.100000000000001,244.10000610351562,,,,3.5,0.0
21859570708,Las Condes Ciclismo en ruta,bike,2026-02-13 15:32:42,10873.505859375,65172.828125,104.0,148.0,1201.0,90.0,129.0,88.0999984741211,0.5419999957084656,,166.83350133477015,,,,,,,2.5999999046325684,0.0
21850060584,Natación en piscina,swim,2026-02-12 18:05:45,3785.10302734375,3075.0,115.0,161.0,490.0,,,,,,1165.501192058188,,,,,,10.5,2.4000000953674316,0.30000001192092896
21843463896,Zwift - z2 on Flat Route in Watopia,bike,2026-02-12 05:37:57,4883.0,45967.05859375,121.0,139.0,693.0,148.0,156.05617548662346,,,,106.23605531209658,,,,,,,2.9000000953674316,0.0
21840196295,Las Condes - intervalos pista,run,2026-02-11 18:18:24,4995.2421875,14998.7197265625,149.0,175.0,966.0,271.0,305.0,,,,333.00033067378456,166.25,8.390000152587891,259.3999938964844,,,,4.199999809265137,3.299999952316284
21829258479,Natación en piscina,swim,2026-02-10 18:17:19,3858.553955078125,3025.0,107.0,136.0,417.0,,,,,,1173.708922815343,,,,,,10.699999809265137,1.7000000476837158,0.20000000298023224
21822736696,Las Condes Carrera,run,2026-02-10 07:15:28,1397.428955078125,4429.02001953125,134.0,143.0,265.0,289.0,292.0,,,,315.55696695747116,177.984375,9.580000305175782,239.0,,,,2.5999999046325684,0.0
21821964605,Zwift - HIIT on Flat Route in Watopia,bike,2026-02-10 05:47:54,4771.0,45245.16015625,117.0,145.0,713.0,156.0,185.7398705981361,,,,105.45186343118007,,,,,,,3.200000047683716,0.30000001192092896
21822713953,Las Condes Carrera,run,2026-02-09 18:39:56,3983.7890625,11648.009765625,129.0,144.0,677.0,268.0,266.0,,,,341.9972611217496,172.875,9.5,249.89999389648438,,,,3.0,0.0
21822710251,Strength,str,2026-02-09 06:11:21,3209.4970703125,0.0,78.0,137.0,163.0,,,,,,,,,,,,,0.30000001192092896,0.10000000149011612
21804549940,Las Condes Ciclismo en ruta,bike,2026-02-08 07:03:19,14243.68359375,84223.7265625,128.0,164.0,2243.0,137.0,185.0,235.0,0.7720000147819519,,169.1188875251402,,,,,,,4.5,0.5
21797605281,Strength,str,2026-02-07 18:56:55,2587.5390625,0.0,72.0,166.0,104.0,,,,,,,,,,,,,0.20000000298023224,1.100000023841858
21793401385,Natación en piscina,swim,2026-02-07 10:18:07,3709.615966796875,2525.0,73.0,82.0,33.0,,,,,,1201.9230521245474,,,,,,10.899999618530273,0.4000000059604645,0.0
21792389992,Providencia - fondo de running en plano,run,2026-02-07 08:08:49,5394.0390625,17509.029296875,148.0,163.0,1069.0,294.0,299.0,,,,308.07146769402596,176.015625,9.540000152587892,233.39999389648438,,,,4.0,0.0
21787296508,Las Condes - easy run Z2,run,2026-02-06 19:41:25,2401.80810546875,7263.39990234375,141.0,151.0,451.0,283.0,282.0,,,,330.6878384051815,169.75,10.200000000000001,241.8000030517578,,,,3.0,0.0
21786906488,Lo Barnechea Ciclismo,bike,2026-02-06 15:50:07,9044.2998046875,42009.87109375,120.0,156.0,1359.0,,,,,,215.2852538441852,,,,,,,3.299999952316284,2.0
21781111342,Strength,str,2026-02-06 06:39:50,4183.6220703125,0.0,80.0,153.0,226.0,,,,,,,,,,,,,0.699999988079071,1.7999999523162842
21777242097,Natación en piscina,swim,2026-02-05 17:44:51,4393.296875,3500.0,108.0,150.0,501.0,,,,,,1132.5028104635783,,,,,,10.5,2.0,0.699999988079071
21770545810,Zwift - z2 cadencia alta on Volcano Flat in Watopia,bike,2026-02-05 05:41:22,4054.0,37524.5390625,106.0,136.0,545.0,140.0,149.55051044842756,,,,108.03803446230478,,,,,,,2.700000047683716,0.0
21771016420,Natación en piscina,swim,2026-02-04 17:29:39,4300.89404296875,3025.0,109.0,148.0,466.0,,,,,,1196.1722126434138,,,,,,10.800000190734863,2.4000000953674316,0.4000000059604645
21759857231,Las Condes - intervalos pista,run,2026-02-04 05:40:30,4037.9951171875,11957.6298828125,140.0,172.0,739.0,266.0,300.0,,,,337.7237458949087,166.953125,8.10999984741211,260.0,,,,3.5,2.4000000953674316
21756242855,Natación en piscina,swim,2026-02-03 18:23:42,3005.763916015625,2150.0,111.0,160.0,367.0,,,,,,1095.2902667898713,,,,,,10.899999618530273,2.0999999046325684,1.0
21749570877,Las Condes - transición easy z2,run,2026-02-03 07:03:10,1256.0400390625,3715.679931640625,132.0,143.0,227.0,278.0,279.0,,,,338.06626730882243,176.21875,9.55999984741211,251.10000610351562,,,,2.299999952316284,0.0
21748927345,Zwift - HIIT on Volcano Flat in Watopia,bike,2026-02-03 05:46:43,4230.0,40746.76953125,120.0,151.0,625.0,155.0,185.9457407253221,,,,103.82059833558485,,,,,,,3.299999952316284,0.20000000298023224
21745533106,Las Condes - easy run z2 con acelaración,run,2026-02-02 18:23:30,3987.2958984375,11879.83984375,133.0,152.0,698.0,287.0,284.0,,,,335.683104822858,172.140625,10.09000015258789,254.0,,,,3.0,0.0
21741732230,Strength,str,2026-02-02 06:02:11,3596.006103515625,0.0,85.0,154.0,224.0,,,,,,,,,,,,,0.6000000238418579,0.699999988079071
21732103865,Colina - transición easy z2,run,2026-02-01 11:52:08,1822.197021484375,6230.5498046875,149.0,164.0,379.0,306.0,307.0,,,,292.4831898858638,175.046875,9.969999694824219,227.89999389648438,,,,3.200000047683716,0.0
21735935095,Colina Ciclismo en ruta,bike,2026-02-01 08:09:27,12313.673828125,115770.203125,123.0,149.0,2058.0,147.0,157.0,147.89999389648438,0.6589999794960022,,106.36034402871287,,,,,,,3.799999952316284,1.100000023841858
21725449335,Strength,str,2026-01-31 16:32:16,3011.510986328125,0.0,76.0,119.0,139.0,,,,,,,,,,,,,0.20000000298023224,0.0
21720316404,Providencia Carrera,run,2026-01-31 08:13:46,6214.05908203125,21265.5703125,147.0,164.0,1254.0,306.0,309.0,,,,292.2267738356576,179.46875,9.530000305175781,227.60000610351562,,,,4.199999809265137,0.10000000149011612
21714582339,Las Condes Carrera,run,2026-01-30 18:35:06,1947.7490234375,6413.16015625,148.0,163.0,394.0,299.0,303.0,,,,303.67446256086174,173.46875,9.9,239.89999389648438,,,,3.200000047683716,0.0
21714567182,Lo Barnechea Ciclismo,bike,2026-01-30 15:51:37,6459.4267578125,32754.19921875,124.0,164.0,1053.0,,,,,,197.19975950331454,,,,,,,3.700000047683716,2.200000047683716
21705698849,Natación en piscina,swim,2026-01-29 18:23:00,4609.7958984375,3400.0,124.0,170.0,4319.0,,,,,,1144.16474287109,,,,,,10.699999809265137,3.0999999046325684,2.0999999046325684
21699077543,Las Condes Carrera,run,2026-01-29 06:44:39,1004.5189819335938,2890.010009765625,129.0,141.0,178.0,271.0,273.0,,,,347.5842778987642,174.734375,9.630000305175782,254.3000030517578,,,,2.0999999046325684,0.0
21698923723,Zwift - torque on Volcano Flat in Watopia,bike,2026-01-29 05:34:51,3928.0,35993.94921875,117.0,136.0,543.0,144.0,155.18549413551835,,,,109.1345616439126,,,,,,,2.4000000953674316,0.0
21695542845,Natación en piscina,swim,2026-01-28 18:13:26,3098.93701171875,2175.0,104.0,132.0,334.0,,,,,,1126.1261116131864,,,,,,10.399999618530273,1.399999976158142,0.0
21688769212,Las Condes - intervalos pista,run,2026-01-28 05:38:56,5007.31884765625,15245.8701171875,141.0,173.0,939.0,272.0,301.0,,,,328.4072167305477,170.9375,8.219999694824219,253.39999389648438,,,,4.0,3.0999999046325684
21685186609,Natación en piscina,swim,2026-01-27 18:23:59,4522.533203125,2675.0,103.0,141.0,480.0,,,,,,1126.1261116131864,,,,,,10.199999809265137,1.7000000476837158,0.30000001192092896
21678130888,Las Condes - transición easy z2,run,2026-01-27 07:07:05,1213.8709716796875,3541.18994140625,134.0,143.0,221.0,273.0,274.0,,,,342.8179571606694,174.109375,9.51999969482422,256.29998779296875,,,,2.299999952316284,0.0
21677910119,Zwift - HIIT on Beach Island Loop in Watopia,bike,2026-01-27 05:43:26,4569.0,43500.62890625,123.0,150.0,701.0,160.0,187.5362466797571,,,,105.04201175583854,,,,,,,3.200000047683716,0.0
21674838065,Las Condes - easy run z2 con acelaración,run,2026-01-26 19:05:35,3959.416015625,11546.4296875,129.0,147.0,665.0,270.0,268.0,,,,342.9355411308858,172.0625,9.59000015258789,246.6999969482422,,,,2.9000000953674316,0.0
21667673248,Strength,str,2026-01-26 06:08:03,3312.653076171875,0.0,84.0,140.0,206.0,,,,,,,,,,,,,0.5,0.800000011920929
21658436589,Las Condes - T2 suave,run,2026-01-25 07:35:40,1241.489013671875,3429.81005859375,127.0,136.0,213.0,262.0,263.0,,,,361.9254418596063,170.59375,9.819999694824219,256.5,,,,2.0999999046325684,0.0
21657841496,Zwift - z2 on Going Coastal in Watopia,bike,2026-01-25 05:48:50,6007.0,51917.91015625,116.0,135.0,846.0,147.0,160.81646559721804,,,,115.71395244694372,,,,,,,2.799999952316284,0.0
21653715031,Natación en piscina,swim,2026-01-24 16:39:34,2996.33203125,2250.0,107.0,130.0,334.0,,,,,,1222.4938597380326,,,,,,10.800000190734863,1.2999999523162842,0.0
21653344918,Strength,str,2026-01-24 15:34:40,2999.693115234375,0.0,86.0,133.0,194.0,,,,,,,,,,,,,0.30000001192092896,0.0
21649548674,Providencia Carrera,run,2026-01-24 09:58:08,694.0560302734375,2054.77001953125,145.0,154.0,137.0,271.0,274.0,,,,337.7237458949087,171.078125,9.70999984741211,239.1999969482422,,,,2.0999999046325684,0.0
21649546764,Providencia - fondo de running en plano,run,2026-01-24 08:11:17,5708.51611328125,17815.0,141.0,163.0,1086.0,283.0,285.0,,,,320.41011967298533,176.671875,9.390000152587891,242.3000030517578,,,,3.5999999046325684,0.0
21643848794,Las Condes - easy run Z2,run,2026-01-23 18:33:34,1847.208984375,5739.68994140625,148.0,160.0,372.0,291.0,292.0,,,,321.8538666818911,172.171875,9.75,242.89999389648438,,,,2.9000000953674316,0.0
21643580502,Las Condes Ciclismo,bike,2026-01-23 15:53:28,8078.97802734375,46138.609375,108.0,157.0,907.0,,,,,,175.1006839452994,,,,,,,2.299999952316284,1.0
21635554522,Strength,str,2026-01-22 17:48:14,2891.48388671875,0.0,86.0,122.0,178.0,,,,,,,,,,,,,0.30000001192092896,0.0
21634071057,Zwift - torque on Volcano Flat in Watopia,bike,2026-01-22 16:26:13,4070.0,38673.6796875,119.0,214.0,556.0,143.0,154.07303327412018,,,,105.24100349985031,,,,,,,2.5,0.6000000238418579
21623805017,Natación en piscina,swim,2026-01-21 17:55:29,3466.948974609375,2400.0,110.0,138.0,412.0,,,,,,1194.743112530292,,,,,,11.300000190734863,1.7000000476837158,0.20000000298023224
21616974888,Las Condes Carrera,run,2026-01-21 07:09:50,364.5509948730469,1025.5400390625,134.0,141.0,66.0,257.0,261.0,,,,355.4923614941023,176.34375,8.719999694824219,255.3000030517578,,,,1.0,0.0
21616870525,Las Condes - intervalos pista,run,2026-01-21 06:03:19,3209.037109375,9455.7998046875,140.0,163.0,589.0,260.0,301.0,,,,339.3281272273368,164.28125,7.669999694824219,276.29998779296875,,,,3.200000047683716,1.7999999523162842
21613370626,Natación en piscina,swim,2026-01-20 18:29:12,4269.27880859375,3025.0,107.0,145.0,465.0,,,,,,1141.5525281929633,,,,,,10.100000381469727,1.5,0.800000011920929
21605925413,Zwift - UL SHORT on Volcano Flat in Watopia,bike,2026-01-20 06:14:09,4217.0,41434.01171875,129.0,157.0,684.0,169.0,194.0179042143892,,,,101.78117245936062,,,,,,,3.4000000953674316,0.0
21602963321,Las Condes - easy run z2,run,2026-01-19 19:44:57,4002.490966796875,11820.2900390625,134.0,151.0,701.0,273.0,271.0,,,,338.6386646622175,172.90625,9.76999969482422,247.6999969482422,,,,2.799999952316284,0.0
21594970689,Strength,str,2026-01-19 05:58:46,3814.458984375,0.0,85.0,144.0,243.0,,,,,,,,,,,,,0.800000011920929,0.800000011920929
21592788212,Strength,str,2026-01-18 19:06:22,1724.030029296875,0.0,69.0,129.0,65.0,,,,,,,,,,,,,0.10000000149011612,0.0
21586341476,Las Condes Ciclismo de montaña,mountain_biking,2026-01-18 07:41:03,6579.658203125,30732.51953125,91.0,128.0,500.0,,,,,,214.0869191143916,,,,,,,0.699999988079071,0.0
21580986845,Natación en piscina,swim,2026-01-17 16:33:35,3057.137939453125,2200.0,99.0,124.0,285.0,,,,,,1177.8563332850317,,,,,,10.5,0.800000011920929,0.0
21580985452,Strength,str,2026-01-17 15:18:51,3923.534912109375,0.0,87.0,135.0,261.0,,,,,,,,,,,,,0.4000000059604645,0.20000000298023224
21581031535,Pucón Ciclismo en ruta,bike,2026-01-11 07:58:04,8857.794921875,91231.953125,154.0,165.0,1906.0,195.0,203.0,169.5,0.8320000171661377,,97.08737684291772,,,,,,,5.0,1.2000000476837158
21520184976,Pucón Multideporte,triathlon,2026-01-11 07:19:05,17236.121459960938,115002.58251953125,,180.0,3751.0,,,,,,149.875951325125,,,,,,,5.0,2.799999952316284
21520157850,Pucón Carrera,run,2026-01-11 06:03:02,453.18798828125,1213.47998046875,130.0,142.0,78.0,242.0,242.0,,,,373.41299849559476,179.4375,8.280000305175781,257.70001220703125,,,,1.100000023841858,0.0
21491184439,Pucón - Activaciones pre carrera,run,2026-01-09 08:56:06,1286.6590576171875,3871.72998046875,131.0,144.0,235.0,270.0,270.0,,,,332.3363174084147,179.328125,8.9,242.1999969482422,,,,2.200000047683716,0.0
21490636937,Pucón Natación en aguas abiertas,swim,2026-01-09 07:50:12,1333.699951171875,1257.06005859375,141.0,151.0,277.0,,,,,,1060.4453661498087,,,,,,,2.5999999046325684,0.5
21482396989,Pucón Natación en aguas abiertas,swim,2026-01-08 10:37:38,1622.5279541015625,1463.27001953125,128.0,139.0,275.0,,,,,,1108.6474378031817,,,,,,,2.0999999046325684,0.0
21481355630,Pucón Ciclismo en ruta,bike,2026-01-08 07:02:40,6138.13720703125,53485.83984375,119.0,152.0,978.0,139.0,167.0,77.4000015258789,0.675000011920929,,114.75786422912437,,,,,,,2.9000000953674316,0.0
21470791609,Pucón Natación en aguas abiertas,swim,2026-01-07 08:29:58,1488.31298828125,1275.8900146484375,117.0,134.0,216.0,,,,,,1166.8611526133473,,,,,,,1.7000000476837158,0.20000000298023224
21469997302,Pucón - fartlek pre carrera,run,2026-01-07 06:58:50,2776.89306640625,9404.2900390625,141.0,161.0,558.0,305.0,311.0,,,,295.246523537622,182.6875,9.130000305175782,238.8000030517578,,,,3.299999952316284,0.0
21465221739,Pucón Natación en aguas abiertas,swim,2026-01-06 16:41:12,2099.160888671875,1801.3599853515625,121.0,143.0,308.0,,,,,,1165.501192058188,,,,,,,2.4000000953674316,0.6000000238418579
21460749930,Pucón Ciclismo en ruta,bike,2026-01-06 09:52:20,600.5059814453125,2409.97998046875,107.0,137.0,52.0,66.0,96.0,2.4000000953674316,0.3880000114440918,,249.19013136014087,,,,,,,0.6000000238418579,0.0
21460531504,Pucón - t2 fartlek ritmo 70.3,run,2026-01-06 09:22:36,1241.738037109375,4566.89013671875,153.0,168.0,274.0,332.0,348.0,,,,271.8868970256018,182.953125,8.919999694824218,222.8000030517578,,,,3.0,0.0
21460071128,Pucón Ciclismo en ruta,bike,2026-01-06 08:29:22,2271.43701171875,22275.98046875,121.0,143.0,387.0,151.0,176.0,31.299999237060547,0.7110000252723694,,101.96798038778087,,,,,,,2.5,0.0
21459521091,Pucón Ciclismo en ruta,bike,2026-01-06 07:16:15,3109.824951171875,23653.150390625,120.0,144.0,535.0,147.0,173.0,36.70000076293945,0.7009999752044678,,131.47515211958068,,,,,,,2.5,0.10000000149011612
21442044457,Colina - T2 suave,run,2026-01-04 10:43:53,1262.198974609375,4173.31005859375,143.0,153.0,256.0,294.0,296.0,,,,302.48033930151433,176.4375,9.60999984741211,232.3000030517578,,,,2.5,0.0
21445655373,Colina Ciclismo en ruta,bike,2026-01-04 07:50:46,8481.62109375,83892.8125,119.0,160.0,1458.0,152.0,170.0,113.30000305175781,0.6949999928474426,,101.10201403562563,,,,,,,3.0999999046325684,0.8999999761581421
21433985216,Natación en piscina,swim,2026-01-03 16:12:55,3108.22509765625,2200.0,106.0,131.0,353.0,,,,,,1141.5525281929633,,,,,,10.600000381469727,1.2000000476837158,0.0
21429529927,Providencia - fondo de running en plano,run,2026-01-03 07:58:02,5110.77880859375,17015.490234375,138.0,155.0,1001.0,296.0,298.0,,,,300.3905080041751,181.78125,9.05,232.1999969482422,,,,3.5,0.0
21423659114,Natación en piscina,swim,2026-01-02 16:00:01,3604.7939453125,2450.0,104.0,131.0,373.0,,,,,,1191.8951321972788,,,,,,10.699999809265137,1.2999999523162842,0.0
21418415969,Las Condes - easy run Z2 con desnivel,run,2026-01-02 07:19:57,2473.4580078125,7155.02001953125,129.0,146.0,425.0,275.0,277.0,,,,345.66195606587405,173.109375,10.0,251.89999389648438,,,,2.4000000953674316,0.0
21417973193,Zwift - race pace TT on Volcano Flat in Watopia,bike,2026-01-02 06:14:34,3318.0,31305.2890625,118.0,146.0,480.0,151.0,175.9608266477026,,,,105.99957583024961,,,,,,,2.9000000953674316,0.0
21414862888,Strength,str,2026-01-01 17:48:24,3323.54296875,0.0,77.0,129.0,159.0,,,,,,,,,,,,,0.20000000298023224,0.0
21411087410,Las Condes Carrera,run,2026-01-01 10:33:31,982.4140014648438,2948.7099609375,124.0,131.0,168.0,277.0,279.0,,,,333.2222672948015,173.21875,9.55,250.8000030517578,,,,1.7000000476837158,0.0
21410824454,Las Condes Ciclismo en ruta,bike,2026-01-01 08:18:54,7067.8408203125,41378.3203125,95.0,146.0,608.0,,,,,,170.82336596526372,,,,,,,1.2999999523162842,0.0
21407025477,Las Condes Ciclismo en ruta,bike,2025-12-31 18:43:28,5330.83984375,23065.76953125,81.0,108.0,317.0,,,,,,231.10699500362395,,,,,,,0.30000001192092896,0.0
21406401730,Strength,str,2025-12-31 17:52:13,1903.56103515625,0.0,79.0,145.0,105.0,,,,,,,,,,,,,0.20000000298023224,0.6000000238418579
21400616151,Vitacura Carrera,run,2025-12-31 06:04:18,4659.38916015625,15411.1904296875,142.0,167.0,921.0,306.0,319.0,,,,302.29745268349905,181.203125,8.980000305175782,240.60000610351562,,,,3.4000000953674316,0.20000000298023224
21397241644,Natación en piscina,swim,2025-12-30 18:17:42,4887.36083984375,3400.0,108.0,166.0,571.0,,,,,,1133.786810681936,,,,,,10.5,2.0,1.7000000476837158
21391087397,Las Condes - t2 fartlek ritmo 70.3,run,2025-12-30 07:33:11,1224.02294921875,4206.60986328125,146.0,159.0,253.0,310.0,316.0,,,,290.9514080465611,178.828125,9.45999984741211,235.89999389648438,,,,2.700000047683716,0.0
21390743325,Zwift - SWEET SPOT on Volcano Flat in Watopia,bike,2025-12-30 06:12:39,4474.0,44949.12890625,125.0,147.0,716.0,167.0,183.1525520131949,,,,99.54211099797475,,,,,,,3.0999999046325684,0.0
21387654631,Natación en piscina,swim,2025-12-29 18:49:00,4029.912109375,2750.0,106.0,144.0,423.0,,,,,,1103.7527373070727,,,,,,10.399999618530273,1.5,0.4000000059604645
21381033004,Strength,str,2025-12-29 06:06:21,3218.30908203125,0.0,76.0,115.0,146.0,,,,,,,,,,,,,0.10000000149011612,0.0
21375344292,Colina - T2 ritmo de carrera con desnivel,run,2025-12-28 10:44:37,2800.2119140625,10294.759765625,165.0,175.0,646.0,316.0,319.0,,,,272.03481170575515,182.03125,9.180000305175781,213.10000610351562,,,,4.099999904632568,0.0
21378408042,Colina Ciclismo en ruta,bike,2025-12-28 10:06:57,1735.8330078125,16292.8798828125,137.0,145.0,317.0,163.0,170.0,23.0,0.6959999799728394,,106.54166142548812,,,,,,,2.4000000953674316,0.0
21378404194,Colina Ciclismo en ruta,bike,2025-12-28 08:45:55,4813.8671875,53197.62890625,151.0,159.0,1095.0,207.0,210.0,98.19999694824219,0.8600000143051147,,90.48955139334748,,,,,,,4.199999809265137,0.6000000238418579
21378403079,Colina Ciclismo en ruta,bike,2025-12-28 07:48:56,2497.216064453125,22719.2890625,115.0,133.0,340.0,116.0,133.0,20.200000762939453,0.5450000166893005,,109.91427203346267,,,,,,,2.0,0.0
21365478224,Colina - fondo de running en plano,run,2025-12-27 10:14:02,5258.60498046875,16561.25,143.0,161.0,1011.0,287.0,287.0,,,,317.5611376344531,175.265625,9.76999969482422,239.6999969482422,,,,3.4000000953674316,0.0
21363642369,Colina Natación en aguas abiertas,swim,2025-12-27 08:26:00,2581.27197265625,1997.969970703125,140.0,153.0,499.0,,,,,,1291.9896823896381,,,,,,,3.0,0.4000000059604645
21359123844,Las Condes - easy run Z2 con desnivel,run,2025-12-26 18:26:14,3030.714111328125,10005.7998046875,147.0,157.0,615.0,296.0,298.0,,,,302.93849263127,176.34375,9.600000000000001,236.5,,,,3.299999952316284,0.0
21358802980,Las Condes Ciclismo en ruta,bike,2025-12-26 15:39:28,8655.228515625,55400.8515625,117.0,158.0,1230.0,122.0,170.0,121.0999984741211,0.7110000252723694,,156.22558919298234,,,,,,,3.299999952316284,0.0
21353361546,Natación en piscina,swim,2025-12-26 06:41:37,3784.320068359375,2475.0,105.0,133.0,453.0,,,,,,1213.5922316051315,,,,,,10.699999809265137,1.2999999523162842,0.0
21351026165,Strength,str,2025-12-25 18:40:49,3985.4560546875,0.0,84.0,135.0,230.0,,,,,,,,,,,,,0.20000000298023224,0.4000000059604645
21350261953,Zwift - Endurance/tempo on Volcano Flat in Watopia,bike,2025-12-25 17:12:48,4825.0,45239.359375,117.0,138.0,705.0,152.0,165.1797335675311,,,,106.65528550267615,,,,,,,2.5999999046325684,0.0
21343101549,Strength,str,2025-12-24 16:36:47,2182.4560546875,0.0,69.0,99.0,74.0,,,,,,,,,,,,,0.0,0.0
21338473907,Vitacura Carrera,run,2025-12-24 05:59:12,4415.1748046875,14401.9296875,144.0,170.0,869.0,304.0,327.0,,,,306.5603845102479,178.625,8.75,246.0,,,,3.5,0.10000000149011612
21335769294,Natación en piscina,swim,2025-12-23 18:40:26,3931.595947265625,2525.0,104.0,137.0,415.0,,,,,,1135.0738025267633,,,,,,10.0,1.2000000476837158,0.0
21329929537,Las Condes - t2 fartlek ritmo 70.3,run,2025-12-23 06:56:29,1388.009033203125,4990.1298828125,148.0,158.0,296.0,319.0,323.0,,,,278.1641146152047,182.59375,9.290000152587892,225.39999389648438,,,,2.9000000953674316,0.0
21329622072,Zwift - INTERVALOS FTP on Volcano Flat in Watopia,bike,2025-12-23 05:30:34,4666.0,46429.828125,124.0,144.0,761.0,170.0,188.97847546733385,,,,100.50251448938023,,,,,,,3.0999999046325684,0.0
21327100450,Las Condes - easy run z2,run,2025-12-22 18:51:58,3893.257080078125,11603.849609375,128.0,141.0,656.0,280.0,279.0,,,,335.4579060434032,174.78125,9.40999984741211,254.60000610351562,,,,2.5999999046325684,0.0
21321075003,Strength,str,2025-12-22 06:04:26,2762.010986328125,0.0,93.0,158.0,214.0,,,,,,,,,,,,,1.2000000476837158,2.0
21316172124,Colina - T2 ritmo de carrera,run,2025-12-21 11:46:44,2405.615966796875,8665.400390625,160.0,171.0,532.0,312.0,315.0,,,,277.6235426234106,178.84375,9.60999984741211,215.60000610351562,,,,3.5999999046325684,0.0
21321110076,Colina Ciclismo en ruta,bike,2025-12-21 08:05:49,11188.228515625,109040.25,133.0,171.0,2006.0,159.0,180.0,176.0,0.753000020980835,,102.60619436206862,,,,,,,4.0,1.7999999523162842
21316170705,Colina - INTERVALOS LARGOS,bike,2025-12-21 08:05:19,5103.10595703125,48688.578125,124.0,152.0,848.0,,,,,,104.81081245332084,,,,,,,4.0,1.0
21309186563,Strength,str,2025-12-20 15:59:09,3534.5419921875,0.0,88.0,190.0,236.0,,,,,,,,,,,,,0.6000000238418579,1.899999976158142
21306450643,Providencia Carrera,run,2025-12-20 08:08:57,6612.99609375,21561.359375,147.0,173.0,1291.0,299.0,309.0,,,,306.74846715502497,181.328125,8.95999984741211,242.1999969482422,,,,3.9000000953674316,0.0
21301693327,Las Condes - easy run Z2,run,2025-12-19 19:39:33,2686.68408203125,8152.25,145.0,160.0,528.0,265.0,268.0,,,,329.5978992760845,174.265625,8.85999984741211,248.1999969482422,,,,3.0,0.0
21301759902,Vitacura Ciclismo en ruta,bike,2025-12-19 19:03:15,1193.6939697265625,6509.259765625,,,66.0,34.0,56.0,1.7999999523162842,0.23600000143051147,,183.38529019034135,,,,,,,0.20000000298023224,0.0
21301637391,race pace TT,bike,2025-12-19 16:21:41,897.8839721679688,0.0,103.0,127.0,117.0,,,,,,,,,,,,,4.099999904632568,0.20000000298023224
21301759543,Las Condes Ciclismo en ruta,bike,2025-12-19 15:59:00,8223.90234375,51314.80859375,,,1158.0,121.0,171.0,116.4000015258789,0.7160000205039978,,160.25641613458058,,,,,,,2.200000047683716,0.0
21297053298,Natación en piscina,swim,2025-12-19 07:32:57,3174.031982421875,2175.0,109.0,167.0,387.0,,,,,,1160.0928228262283,,,,,,10.5,1.600000023841858,0.8999999761581421
21293736325,Natación en piscina,swim,2025-12-18 18:26:40,4633.52197265625,3400.0,111.0,137.0,569.0,,,,,,1055.9661793058722,,,,,,9.5,2.0,0.4000000059604645
21288094653,Zwift - Endurance/tempo on Volcano Flat in Watopia,bike,2025-12-18 05:34:22,4820.0,45826.91015625,0.0,0.0,715.0,155.0,168.83640097529377,,,,105.185653014622,,,,,,,,
21285820081,Las Condes - intervalos pista,run,2025-12-17 18:12:32,4244.64892578125,14234.73046875,150.0,182.0,887.0,286.0,323.0,,,,298.15145280364317,164.75,8.44000015258789,215.5,,,,4.300000190734863,3.0999999046325684
21277799265,Natación en piscina,swim,2025-12-16 18:32:43,4057.072021484375,2825.0,104.0,149.0,461.0,,,,,,1103.7527373070727,,,,,,9.800000190734863,2.0,1.899999976158142
21270556796,Las Condes - t2 ritmo progresivo,run,2025-12-16 07:04:19,1517.3260498046875,5438.66015625,167.0,183.0,348.0,310.0,318.0,,,,279.0178485304994,180.390625,8.890000152587891,226.6999969482422,,,,3.4000000953674316,0.20000000298023224
21270322500,Zwift - limite inferior y superior umbral on Volcano Flat in Watopia,bike,2025-12-16 05:39:23,4655.0,46108.98828125,0.0,0.0,779.0,175.0,194.94836993611503,,,,100.95911428157416,,,,,,,,
21267386327,Las Condes Carrera,run,2025-12-15 18:31:13,3676.469970703125,11488.8095703125,135.0,152.0,664.0,274.0,273.0,,,,320.0,172.640625,8.85,244.5,,,,3.0,0.0
21261456521,Strength,str,2025-12-15 05:54:06,3004.318115234375,0.0,87.0,164.0,202.0,,,,,,,,,,,,,0.8999999761581421,2.5
21255922005,Colina - T2 ritmo de carrera,run,2025-12-14 11:04:50,1802.7330322265625,6274.27001953125,143.0,155.0,371.0,301.0,305.0,,,,287.356320264113,177.1875,9.10999984741211,233.1999969482422,,,,3.0,0.0
21259371535,Colina Ciclismo en ruta,bike,2025-12-14 07:34:29,10603.5966796875,103280.9765625,,,1798.0,149.0,168.0,144.6999969482422,0.7020000219345093,,102.6694069300988,,,,,,,2.700000047683716,0.0
21249550740,Natación en piscina,swim,2025-12-13 16:24:07,3060.81689453125,2200.0,107.0,137.0,364.0,,,,,,1100.1100358159008,,,,,,10.100000381469727,1.2000000476837158,0.0
21249175483,Strength,str,2025-12-13 15:27:57,2816.487060546875,0.0,86.0,143.0,184.0,,,,,,,,,,,,,0.6000000238418579,0.800000011920929
21246112490,Providencia - fondo de running con altimetría,run,2025-12-13 08:10:51,6557.58984375,21956.33984375,157.0,176.0,1389.0,302.0,311.0,,,,298.685778132573,179.578125,9.259999847412109,229.1999969482422,,,,4.5,0.0
21241685673,Las Condes Ciclismo en ruta,bike,2025-12-12 15:26:00,7851.7177734375,44427.16015625,94.0,148.0,677.0,,,,,,176.74089808208308,,,,,,,1.2999999523162842,0.20000000298023224
21237209906,Natación en piscina,swim,2025-12-12 08:20:47,3218.906005859375,2350.0,103.0,128.0,363.0,,,,,,1157.40737738535,,,,,,10.699999809265137,0.8999999761581421,0.0
21233017001,Natación en piscina,swim,2025-12-11 17:16:46,3293.778076171875,2500.0,107.0,126.0,409.0,,,,,,1094.0919339718769,,,,,,9.899999618530273,1.2000000476837158,0.0
21227465944,Zwift - Endurance/tempo on Volcano Flat in Watopia,bike,2025-12-11 05:33:15,4575.0,42938.80078125,116.0,131.0,661.0,151.0,159.38576484801723,,,,106.55300752391604,,,,,,,2.5999999046325684,0.0
21209272621,Las Condes - t2 easy,run,2025-12-09 07:07:57,1265.81298828125,4034.93994140625,136.0,147.0,242.0,287.0,293.0,,,,313.6762896384915,175.671875,9.51999969482422,235.89999389648438,,,,2.299999952316284,0.0
21209074401,Zwift - limite inferior y superior umbral on Volcano Flat in Watopia,bike,2025-12-09 05:41:06,4775.0,47791.7109375,125.0,151.0,808.0,177.0,194.7576305957279,,,,99.92006021641203,,,,,,,3.299999952316284,0.0
21206096322,Las Condes - Fartlek,run,2025-12-08 18:27:06,4003.469970703125,11573.9599609375,127.0,142.0,652.0,265.0,264.0,,,,345.90106841376104,173.734375,9.26999969482422,257.29998779296875,,,,2.5999999046325684,0.0
21205522952,Strength,str,2025-12-08 17:17:52,2798.31494140625,0.0,73.0,130.0,108.0,,,,,,,,,,,,,0.10000000149011612,0.0
21201409871,Las Condes Ciclismo,bike,2025-12-08 07:43:39,7982.68212890625,43799.3984375,117.0,158.0,1104.0,,,,,,182.24895244863745,,,,,,,2.799999952316284,2.5
21194518079,Colina - T2,run,2025-12-07 11:52:20,1838.8499755859375,6501.08984375,157.0,170.0,404.0,,,,,,282.8854245317537,177.875,9.719999694824219,231.0,,,,3.4000000953674316,0.0
21199961131,Colina Ciclismo en ruta,bike,2025-12-07 08:15:02,11709.4697265625,112642.296875,126.0,152.0,2105.0,160.0,175.0,173.5,0.7310000061988831,,103.95010518670951,,,,,,,3.799999952316284,0.30000001192092896
21188031134,Natación en piscina,swim,2025-12-06 16:31:26,2974.549072265625,2150.0,115.0,143.0,385.0,,,,,,1129.9435150011086,,,,,,10.600000381469727,1.5,0.0
21188030323,Strength,str,2025-12-06 15:28:52,3143.4951171875,0.0,79.0,123.0,155.0,,,,,,,,,,,,,0.30000001192092896,0.0
21188029679,Providencia - fondo de running con altimetría,run,2025-12-06 08:11:01,6600.11083984375,21688.599609375,152.0,173.0,1288.0,,,,,,304.32136212321103,179.359375,9.35999984741211,235.6999969482422,,,,4.0,0.10000000149011612
21179546020,Las Condes Ciclismo,bike,2025-12-05 15:51:38,7565.4208984375,45514.87109375,104.0,151.0,787.0,,,,,,166.2234099469693,,,,,,,2.0,0.30000001192092896
21171923071,Strength,str,2025-12-04 19:21:21,5923.14892578125,0.0,84.0,130.0,329.0,,,,,,,,,,,,,0.5,0.0
21165717426,Zwift - Endurance/tempo on Volcano Flat in Watopia,bike,2025-12-04 05:35:03,4572.0,43828.91015625,123.0,147.0,693.0,158.0,169.8400096039909,,,,104.3187934319241,,,,,,,3.0,0.0
21162556551,Natación en piscina,swim,2025-12-03 17:39:36,4021.6640625,2525.0,112.0,142.0,478.0,,,,,,1172.3329628714764,,,,,,11.100000381469727,1.7000000476837158,0.0
21156791194,Las Condes - intervalos pista,run,2025-12-03 05:37:07,4424.30419921875,14564.5703125,146.0,172.0,846.0,,,,,,303.7667020649207,175.734375,7.919999694824219,247.89999389648438,,,,3.700000047683716,2.0
21154237507,Natación en piscina,swim,2025-12-02 18:28:00,4439.60400390625,2875.0,112.0,144.0,558.0,,,,,,1128.6682001071943,,,,,,10.5,1.600000023841858,0.0
21147279876,Las Condes - t2 ritmo de carrera,run,2025-12-02 06:59:09,1561.012939453125,5768.02001953125,153.0,166.0,325.0,,,,,,270.6359994768341,182.359375,9.10999984741211,233.3000030517578,,,,3.0,0.0
21147025131,Zwift - Untitled workout on Volcano Flat in Watopia,bike,2025-12-02 05:33:00,4827.0,47948.05859375,127.0,150.0,813.0,176.0,193.8966772010704,,,,100.6745232228298,,,,,,,3.299999952316284,0.0
21144245456,Las Condes - Fartlek,run,2025-12-01 18:45:02,4035.633056640625,11563.1201171875,130.0,142.0,637.0,,,,,,349.04013845420377,173.5625,9.36999969482422,256.29998779296875,,,,2.5,0.0
21137833359,Strength,str,2025-12-01 05:52:38,3488.408935546875,0.0,95.0,133.0,266.0,,,,,,,,,,,,,0.800000011920929,0.0
21135647619,Colina Ciclismo en ruta,bike,2025-11-30 08:03:01,11672.349609375,110482.96875,123.0,147.0,2084.0,158.0,174.0,172.10000610351562,0.7289999723434448,,105.65240188893004,,,,,,,3.799999952316284,0.5
21128744298,Natación en piscina,swim,2025-11-29 17:15:13,2461.654052734375,1900.0,106.0,120.0,325.0,,,,,,1146.789018418109,,,,,,10.699999809265137,0.699999988079071,0.0
21128736257,Strength,str,2025-11-29 16:00:15,3626.135009765625,0.0,77.0,132.0,169.0,,,,,,,,,,,,,0.4000000059604645,0.0
21121505208,Las Condes - fondo de running con altimetría,run,2025-11-29 06:42:23,6639.0810546875,21625.150390625,145.0,160.0,1278.0,,,,,,307.03101300885567,177.46875,9.450000000000001,226.3000030517578,,,,4.0,0.10000000149011612
21117303826,Las Condes - easy run,run,2025-11-28 17:58:27,1945.31494140625,6351.490234375,141.0,162.0,364.0,,,,,,306.2787037886938,177.109375,8.819999694824219,235.39999389648438,,,,2.700000047683716,0.0
21117301513,Las Condes Ciclismo,bike,2025-11-28 15:32:51,7430.05908203125,40789.1796875,98.0,134.0,657.0,,,,,,182.1493700711625,,,,,,,1.2000000476837158,0.0
21110093984,Natación en piscina,swim,2025-11-27 18:45:02,3461.485107421875,2400.0,120.0,148.0,453.0,,,,,,1054.8523052881958,,,,,,9.899999618530273,2.0,0.10000000149011612
21103587111,Zwift - torque on Volcano Flat in Watopia,bike,2025-11-27 05:36:52,4998.0,48323.1484375,121.0,138.0,773.0,161.0,172.8914420489683,,,,103.43400673510276,,,,,,,2.9000000953674316,0.0
21100488583,Natación en piscina,swim,2025-11-26 17:29:59,4262.541015625,2875.0,113.0,144.0,537.0,,,,,,1210.6537893690133,,,,,,11.399999618530273,1.7000000476837158,0.0
21094493063,Las Condes - intervalos pista,run,2025-11-26 05:35:22,4478.173828125,14668.58984375,146.0,173.0,834.0,,,,,,305.25030311763584,170.484375,7.840000152587891,249.39999389648438,,,,3.5999999046325684,2.4000000953674316
21091599276,Natación en piscina,swim,2025-11-25 19:06:03,3338.742919921875,1925.0,102.0,135.0,382.0,,,,,,1088.1392468230206,,,,,,10.100000381469727,0.800000011920929,0.0
21085652591,Las Condes - t2 ritmo de carrera,run,2025-11-25 07:00:14,1504.3599853515625,5615.419921875,149.0,161.0,318.0,,,,,,267.8810579346922,182.625,9.230000305175782,220.5,,,,3.0,0.0
21084987573,Zwift - SWEET SPOT/ THRESHOLD on Volcano Flat in Watopia,bike,2025-11-25 05:32:15,4880.0,47245.21875,121.0,147.0,778.0,166.0,191.56954670537795,,,,103.29511674605251,,,,,,,3.200000047683716,0.0
21082350052,Las Condes - Fartlek,run,2025-11-24 18:56:49,3632.0849609375,11523.6396484375,137.0,159.0,644.0,,,,,,315.1591457116178,174.46875,9.469999694824219,239.6999969482422,,,,3.0,0.0
21075995847,Strength,str,2025-11-24 05:50:13,3644.989013671875,0.0,79.0,119.0,178.0,,,,,,,,,,,,,0.30000001192092896,0.0
21070411676,Colina Carrera,run,2025-11-23 11:56:50,1217.2259521484375,4070.889892578125,157.0,168.0,260.0,,,,,,299.04305316085345,177.78125,8.950000000000001,229.0,,,,2.9000000953674316,0.0
21073730663,Colina Ciclismo en ruta,bike,2025-11-23 08:16:33,11236.978515625,108831.65625,136.0,165.0,2019.0,160.0,181.0,156.5,0.7110000252723694,,103.25244777217848,,,,,,,4.300000190734863,0.800000011920929
21063713744,Natación en piscina,swim,2025-11-22 16:39:06,3644.988037109375,2600.0,105.0,127.0,465.0,,,,,,1133.786810681936,,,,,,10.300000190734863,0.800000011920929,0.0
21060335706,Zwift - Flat Route in Watopia,bike,2025-11-22 09:59:17,3627.0,27086.05078125,0.0,0.0,286.0,82.0,83.43701030035984,,,,133.9225926045603,,,,,,,,
21059670074,Strength,str,2025-11-22 08:44:29,3630.778076171875,0.0,90.0,133.0,243.0,,,,,,,,,,,,,0.6000000238418579,0.0
21054572831,Las Condes Carrera,run,2025-11-21 16:33:42,5149.72314453125,16764.890625,154.0,173.0,1021.0,,,,,,307.2196512569896,176.953125,9.19000015258789,235.3000030517578,,,,3.9000000953674316,0.4000000059604645
21049400551,Zwift - Pre-RACE Efforts on Volcano Flat in Watopia,bike,2025-11-21 05:19:42,3730.0,32678.060546875,111.0,146.0,469.0,131.0,157.16719459711436,,,,114.15524815889694,,,,,,,2.299999952316284,1.0
21046946566,Natación en piscina,swim,2025-11-20 18:31:58,3967.987060546875,2800.0,104.0,138.0,502.0,,,,,,1168.2242906055071,,,,,,10.699999809265137,0.8999999761581421,0.0
21040806310,Las Condes Carrera,run,2025-11-20 06:45:11,952.64599609375,3018.89990234375,134.0,144.0,175.0,,,,,,315.55696695747116,178.828125,9.11999969482422,248.1999969482422,,,,2.0999999046325684,0.0
21040649611,Zwift - torque on Volcano Flat in Watopia,bike,2025-11-20 05:29:19,4107.0,39608.6796875,120.0,136.0,619.0,157.0,169.53808105202543,,,,103.69141377667783,,,,,,,2.700000047683716,0.0
21037522662,Natación en piscina,swim,2025-11-19 17:57:41,3323.697998046875,2275.0,103.0,135.0,385.0,,,,,,1129.9435150011086,,,,,,10.600000381469727,1.100000023841858,0.0
21031834540,Las Condes - intervalos pista,run,2025-11-19 05:37:35,4108.8310546875,12381.0703125,139.0,169.0,715.0,,,,,,331.89511988110246,165.203125,7.4,259.3999938964844,,,,3.200000047683716,2.299999952316284
21018926580,Strength,str,2025-11-17 19:07:52,3026.069091796875,0.0,109.0,179.0,314.0,,,,,,,,,,,,,2.0,0.4000000059604645
21005286220,Providencia - fondo de running,run,2025-11-16 08:01:23,6279.60986328125,21199.470703125,147.0,161.0,1232.0,,,,,,296.2085371649799,180.359375,8.990000152587891,229.0,,,,3.9000000953674316,0.20000000298023224
20996692402,Puente Alto Carrera,run,2025-11-15 10:51:27,2401.4541015625,8828.3798828125,162.0,172.0,535.0,,,,,,272.03481170575515,181.234375,8.780000305175781,217.10000610351562,,,,3.799999952316284,0.0
21002557522,Puente Alto Ciclismo en ruta,bike,2025-11-15 08:06:44,9075.04296875,78338.0078125,128.0,158.0,1650.0,162.0,187.0,134.60000610351562,0.7319999933242798,,115.8480078238416,,,,,,,3.700000047683716,0.4000000059604645
20991961901,Ciclismo en ruta,bike,2025-11-14 21:24:27,0.3799999952316284,0.0,,,0.0,,,,,,,,,,,,,0.0,0.0
20990653168,Natación en piscina,swim,2025-11-14 18:58:10,3010.243896484375,2200.0,104.0,128.0,394.0,,,,,,1126.1261116131864,,,,,,10.100000381469727,0.800000011920929,0.0
20990092435,Las Condes Ciclismo,bike,2025-11-14 15:38:50,8249.86328125,43715.0,94.0,143.0,700.0,,,,,,188.71485946666226,,,,,,,0.8999999761581421,0.10000000149011612
20982022610,Natación en piscina,swim,2025-11-13 18:35:55,3906.7529296875,3025.0,112.0,136.0,516.0,,,,,,1098.9010672309587,,,,,,10.300000190734863,1.2000000476837158,0.0
20975415140,Zwift - Endurance/tempo on Volcano Flat in Watopia,bike,2025-11-13 05:11:21,5064.0,48352.12890625,122.0,142.0,788.0,162.0,175.43157578516804,,,,104.73397201942826,,,,,,,2.9000000953674316,0.0
20955537623,Las Condes Carrera,run,2025-11-11 07:01:59,1202.8389892578125,4543.16015625,151.0,165.0,254.0,,,,,,264.76039532161764,183.0,8.94000015258789,222.1999969482422,,,,2.9000000953674316,0.0
20955272752,Zwift - SWEET SPOT/ THRESHOLD 7x3 on Volcano Flat in Watopia,bike,2025-11-11 05:36:44,4699.0,46450.2890625,125.0,148.0,771.0,171.0,192.30162191985565,,,,101.16337651447047,,,,,,,3.0999999046325684,0.0
20952063175,Las Condes Carrera,run,2025-11-10 18:17:01,3557.373046875,11447.8798828125,135.0,152.0,635.0,,,,,,310.7520261504734,177.59375,9.069999694824219,230.89999389648438,,,,2.9000000953674316,0.0
20945573737,Strength,str,2025-11-10 05:54:24,2989.443115234375,0.0,82.0,125.0,163.0,,,,,,,,,,,,,0.20000000298023224,0.0
20940094121,Colina Carrera,run,2025-11-09 12:14:21,1840.166015625,6459.169921875,157.0,164.0,393.0,,,,,,284.90028567436485,177.3125,9.3,229.3000030517578,,,,3.200000047683716,0.0
20939716425,Colina Ciclismo en ruta,bike,2025-11-09 08:19:01,12490.9697265625,118248.7890625,127.0,165.0,2282.0,163.0,179.0,200.8000030517578,0.7620000243186951,,105.63008336263931,,,,,,,3.799999952316284,0.8999999761581421
20927751148,Las Condes - fondo de running,run,2025-11-08 06:50:06,6663.708984375,21214.529296875,143.0,157.0,1231.0,,,,,,314.0703502536642,178.0,8.730000305175782,240.8000030517578,,,,3.700000047683716,0.8999999761581421
20922284914,Natación en piscina,swim,2025-11-07 16:13:11,2880.7119140625,2050.0,104.0,132.0,360.0,,,,,,1170.9602252748548,,,,,,10.5,0.800000011920929,0.0
20917576863,Zwift - UL SHORT on Volcano Flat in Watopia,bike,2025-11-07 05:33:43,4210.0,41035.69921875,130.0,152.0,689.0,171.0,195.5062359608173,,,,102.59567319311147,,,,,,,3.299999952316284,0.10000000149011612
20914309919,Natación en piscina,swim,2025-11-06 18:34:03,3895.093017578125,2975.0,114.0,141.0,527.0,,,,,,1066.0980544675872,,,,,,9.899999618530273,1.399999976158142,0.0
20907672950,Zwift - Endurance/tempo on Volcano Flat in Watopia,bike,2025-11-06 05:29:05,4590.0,43642.12109375,119.0,137.0,701.0,160.0,172.45646953652232,,,,105.17458568379239,,,,,,,2.9000000953674316,0.0
20911682386,Natación en piscina,swim,2025-11-05 18:25:14,3086.654052734375,2225.0,94.0,115.0,390.0,,,,,,1172.3329628714764,,,,,,11.0,0.30000001192092896,0.0
20897736983,Vitacura - intervalos pista,run,2025-11-05 05:36:40,4109.02880859375,14474.6298828125,149.0,176.0,783.0,,,,,,283.8489921824017,170.40625,7.919999694824219,241.3000030517578,,,,3.700000047683716,2.0999999046325684
20894811756,Natación en piscina,swim,2025-11-04 18:59:25,2818.1669921875,2050.0,105.0,128.0,357.0,,,,,,1097.6948247466444,,,,,,10.800000190734863,0.699999988079071,0.0
20887376544,Las Condes - t2 ritmo de carrera,run,2025-11-04 07:07:50,1201.261962890625,4595.490234375,156.0,170.0,259.0,,,,,,261.36957827516926,185.484375,8.70999984741211,221.1999969482422,,,,3.0,0.0
20887142369,Zwift - SWEET SPOT/ THRESHOLD 6x2 on Volcano Flat in Watopia,bike,2025-11-04 05:33:12,5183.0,51483.7890625,128.0,151.0,873.0,176.0,194.74925067296098,,,,100.6745232228298,,,,,,,3.5,0.0
20884096473,Las Condes Carrera,run,2025-11-03 18:46:24,3606.39990234375,11406.23046875,135.0,156.0,618.0,,,,,,316.1555378536027,176.875,9.15,242.39999389648438,,,,2.799999952316284,0.0
20877010210,Strength,str,2025-11-03 05:35:18,3346.2880859375,0.0,,,0.0,,,,,,,,,,,,,0.0,0.0
20869745820,Las Condes Carrera,run,2025-11-02 10:20:18,1703.614990234375,5639.77978515625,142.0,157.0,322.0,,,,,,302.114808848081,178.40625,9.10999984741211,233.89999389648438,,,,2.700000047683716,0.0
20869740014,Las Condes Ciclismo,bike,2025-11-02 07:31:48,8902.3671875,49760.05078125,101.0,159.0,802.0,,,,,,178.89087168218592,,,,,,,2.0999999046325684,1.100000023841858
20862453792,Natación en piscina,swim,2025-11-01 15:23:40,3237.583984375,2350.0,139.0,166.0,424.0,,,,,,1145.475338493607,,,,,,10.399999618530273,3.0,0.0
20858992031,Providencia - fondo de running,run,2025-11-01 08:10:03,6499.662109375,22030.650390625,151.0,162.0,1279.0,,,,,,294.98524160909045,180.28125,9.10999984741211,228.60000610351562,,,,4.0,0.0
20854187748,Colina Carrera,run,2025-10-31 11:14:57,1900.8299560546875,6760.740234375,164.0,174.0,419.0,,,,,,281.1357947667087,180.8125,9.05,234.60000610351562,,,,3.4000000953674316,0.0
20854208927,Colina Ciclismo en ruta,bike,2025-10-31 08:14:24,9222.5,86598.84375,125.0,169.0,1449.0,137.0,180.0,153.10000610351562,0.7739999890327454,,106.49626873667815,,,,,,,3.9000000953674316,2.299999952316284
20845021164,Las Condes Ciclismo,bike,2025-10-30 17:32:40,5719.6337890625,28687.2890625,99.0,141.0,553.0,,,,,,199.36204965456872,,,,,,,1.600000023841858,0.0
20838575007,Strength,str,2025-10-30 05:20:09,3125.337890625,0.0,91.0,129.0,214.0,,,,,,,,,,,,,0.4000000059604645,0.0
20836115514,Las Condes - intervalos pista,run,2025-10-29 18:39:31,4226.2529296875,14310.900390625,155.0,179.0,858.0,,,,,,295.33373426523593,178.78125,8.180000305175781,234.3000030517578,,,,3.799999952316284,1.7000000476837158
20829748353,Natación en piscina,swim,2025-10-29 06:34:55,2632.112060546875,2075.0,113.0,133.0,355.0,,,,,,1135.0738025267633,,,,,,10.5,1.100000023841858,0.0
20829746427,Natación en piscina,swim,2025-10-28 18:26:30,4585.994140625,3175.0,104.0,140.0,592.0,,,,,,1085.7763255788186,,,,,,10.0,1.2000000476837158,0.0
20819274844,Zwift - FTP on Volcano Flat in Watopia,bike,2025-10-28 05:39:42,5179.0,52245.5390625,126.0,148.0,852.0,172.0,191.3116605092376,,,,99.13750476742618,,,,,,,3.299999952316284,0.0
20816401674,Las Condes Carrera,run,2025-10-27 18:45:00,4569.3232421875,14199.6904296875,140.0,155.0,817.0,,,,,,321.7503176037675,176.234375,9.140000152587891,244.1999969482422,,,,3.0999999046325684,0.0
20809756451,Strength,str,2025-10-27 05:58:58,3705.757080078125,0.0,94.0,140.0,280.0,,,,,,,,,,,,,0.6000000238418579,0.0
20805576590,Colina Carrera,run,2025-10-26 11:29:46,1943.0770263671875,6955.2900390625,163.0,171.0,432.0,,,,,,279.329614891385,182.296875,8.790000152587892,221.1999969482422,,,,3.5,0.0
20805658911,Colina Ciclismo en ruta,bike,2025-10-26 08:13:05,10862.4287109375,93710.5625,130.0,162.0,1933.0,158.0,188.0,196.5,0.8080000281333923,,115.91515205782846,,,,,,,4.0,0.0
20792830471,Providencia Carrera,run,2025-10-25 08:04:37,6605.9150390625,23428.630859375,154.0,166.0,1347.0,,,,,,281.928395646599,183.265625,8.930000305175781,222.10000610351562,,,,4.400000095367432,0.0
20787340857,Natación en piscina,swim,2025-10-24 17:31:54,3241.112060546875,2250.0,110.0,140.0,409.0,,,,,,1117.31845956554,,,,,,10.600000381469727,1.0,0.0
20787339745,Strength,str,2025-10-24 16:10:24,4236.4921875,0.0,87.0,123.0,255.0,,,,,,,,,,,,,0.4000000059604645,0.0
20782640842,Las Condes Carrera,run,2025-10-24 07:26:14,1953.239013671875,5995.4501953125,136.0,147.0,342.0,,,,,,325.8390349089391,179.5,8.95999984741211,243.60000610351562,,,,2.299999952316284,0.0
20782192463,Zwift - UL SHORT on Volcano Flat in Watopia,bike,2025-10-24 06:12:49,3930.0,37612.6796875,121.0,147.0,611.0,162.0,186.97094747765036,,,,104.49321127364654,,,,,,,3.200000047683716,0.0
20781667932,Natación en piscina,swim,2025-10-23 18:21:45,4795.9091796875,3375.0,113.0,143.0,611.0,,,,,,1124.8593943859667,,,,,,10.199999809265137,1.5,0.0
20773012259,Zwift - Endurance/tempo on Volcano Flat in Watopia,bike,2025-10-23 05:33:00,4850.0,45845.0,125.0,148.0,714.0,154.0,166.47915086291442,,,,105.7977185268294,,,,,,,3.200000047683716,0.0
20769860448,Natación en piscina,swim,2025-10-22 17:14:00,5001.29296875,3700.0,117.0,136.0,636.0,,,,,,1138.9521367925206,,,,,,10.899999618530273,1.899999976158142,0.0
20763345972,Las Condes - intervalos pista,run,2025-10-22 05:40:55,4352.22021484375,14280.3896484375,146.0,168.0,819.0,,,,,,304.785135876431,174.8125,7.790000152587891,248.1999969482422,,,,3.5,1.0
20760976280,Natación en piscina,swim,2025-10-21 18:28:10,4526.72802734375,3100.0,105.0,128.0,568.0,,,,,,1137.656417267228,,,,,,10.600000381469727,1.0,0.0
20753508047,Las Condes Carrera,run,2025-10-21 07:03:48,1888.2349853515625,6014.7998046875,139.0,149.0,360.0,,,,,,313.97174818386424,178.109375,9.09000015258789,247.3000030517578,,,,2.700000047683716,0.0
20753165447,Zwift - FTP on Volcano Flat in Watopia,bike,2025-10-21 05:32:22,5064.0,49819.30859375,128.0,150.0,826.0,170.0,189.8439484606639,,,,101.6570103545939,,,,,,,3.700000047683716,0.5
20750004633,Las Condes Carrera,run,2025-10-20 18:21:01,4692.5498046875,14265.2197265625,141.0,156.0,818.0,,,,,,328.94737254879817,174.734375,9.34000015258789,247.5,,,,3.200000047683716,0.8999999761581421
20743509460,Strength,str,2025-10-20 05:43:47,3144.548095703125,0.0,91.0,130.0,221.0,,,,,,,,,,,,,0.5,0.0
20740800436,Strength,str,2025-10-19 17:18:26,3163.7958984375,0.0,89.0,139.0,205.0,,,,,,,,,,,,,0.4000000059604645,0.0
20736996662,Colina - fondo de running individual,run,2025-10-19 08:10:57,5727.21484375,18353.599609375,141.0,157.0,1060.0,,,,,,312.01248792657213,178.90625,8.950000000000001,241.60000610351562,,,,3.5,0.0
20727606251,Colina Carrera,run,2025-10-18 11:23:19,1722.0479736328125,6008.4501953125,155.0,167.0,369.0,,,,,,286.61506921552905,179.078125,9.05,227.3000030517578,,,,3.299999952316284,0.0
20730512702,Colina Ciclismo en ruta,bike,2025-10-18 08:20:48,9272.8115234375,87346.7109375,126.0,175.0,1523.0,144.0,168.0,134.6999969482422,0.7239999771118164,,106.15711166675744,,,,,,,4.300000190734863,2.0
20714806773,Las Condes - easy run,run,2025-10-17 06:38:12,2298.657958984375,7002.64013671875,136.0,145.0,405.0,,,,,,328.2994086499137,177.546875,9.05999984741211,252.6999969482422,,,,2.5,0.0
20714466831,Zwift - UL SHORT on Volcano Flat in Watopia,bike,2025-10-17 05:31:51,3559.0,33225.3203125,122.0,150.0,528.0,155.0,181.33727237226776,,,,107.1237274679758,,,,,,,3.200000047683716,0.0
20711461308,Natación en piscina,swim,2025-10-16 18:20:56,4303.14501953125,2600.0,107.0,131.0,503.0,,,,,,1101.3215951568468,,,,,,10.300000190734863,1.2000000476837158,0.0
20705006689,Las Condes Carrera,run,2025-10-16 06:58:43,1102.77099609375,3369.3798828125,133.0,142.0,201.0,,,,,,327.33223507306576,177.484375,,,,,,2.200000047683716,0.0
20704808365,Zwift - Endurance/tempo on Volcano Flat in Watopia,bike,2025-10-16 05:31:07,4825.0,45162.7890625,122.0,141.0,707.0,153.0,166.26422306436413,,,,106.83761075638705,,,,,,,3.0999999046325684,0.0
20701967471,Strength,str,2025-10-15 18:25:41,3744.466064453125,0.0,78.0,124.0,179.0,,,,,,,,,,,,,0.30000001192092896,0.0
20694786799,Las Condes - intervalos pista,run,2025-10-15 05:46:02,3842.839111328125,12644.8203125,147.0,169.0,739.0,,,,,,303.9513713054178,175.453125,8.009999847412109,258.3999938964844,,,,3.5,0.800000011920929
20693924960,Natación en piscina,swim,2025-10-14 18:39:01,4518.19287109375,2900.0,112.0,140.0,580.0,,,,,,1071.8113288813627,,,,,,9.5,1.5,0.0
20684343977,Las Condes Carrera,run,2025-10-14 06:53:05,1241.553955078125,4431.14990234375,149.0,160.0,256.0,,,,,,280.19052911088176,180.984375,9.009999847412109,241.6999969482422,,,,2.9000000953674316,0.10000000149011612
20684107836,Zwift - Sweet spot on Volcano Flat in Watopia,bike,2025-10-14 05:39:19,4051.0,38972.01953125,125.0,148.0,621.0,160.0,178.32777876399916,,,,103.95010518670951,,,,,,,3.299999952316284,0.0
20680841032,Las Condes Carrera,run,2025-10-13 18:00:04,3855.9169921875,12210.4599609375,145.0,160.0,709.0,,,,,,315.756230670837,177.234375,8.819999694824219,237.1999969482422,,,,3.4000000953674316,0.0
20674278931,Strength,str,2025-10-13 05:59:33,3681.97412109375,0.0,83.0,120.0,193.0,,,,,,,,,,,,,0.20000000298023224,0.0
20673268262,Las Condes - T2,run,2025-10-12 17:25:41,1704.8590087890625,5103.10986328125,142.0,157.0,319.0,,,,,,334.11292676367617,175.484375,,,,,,2.799999952316284,0.0
20669194106,Zwift - Zone 2 #1 on Volcano Flat in Watopia,bike,2025-10-12 12:04:10,6371.0,53820.0390625,106.0,138.0,704.0,115.0,134.9210370733349,,,,118.38523183251459,,,,,,,2.700000047683716,0.0
20659906804,Natación en piscina,swim,2025-10-11 16:00:12,3001.44189453125,2350.0,113.0,134.0,411.0,,,,,,1109.8778852351954,,,,,,10.699999809265137,1.2999999523162842,0.0
20659906006,Strength,str,2025-10-11 14:59:45,3173.97998046875,0.0,93.0,120.0,219.0,,,,,,,,,,,,,0.4000000059604645,0.0
20656084432,Providencia - FARTLEK ENDURANCE,run,2025-10-11 08:28:16,5558.97021484375,18619.51953125,152.0,171.0,1141.0,,,,,,298.5965980395144,181.625,8.76999969482422,239.5,,,,4.300000190734863,0.20000000298023224
20650457556,Natación en piscina,swim,2025-10-10 18:09:59,3004.846923828125,2350.0,120.0,137.0,416.0,,,,,,1096.4912274968774,,,,,,10.399999618530273,1.899999976158142,0.0
20650456551,Strength,str,2025-10-10 17:23:15,2320.319091796875,0.0,99.0,120.0,192.0,,,,,,,,,,,,,0.6000000238418579,0.0
20644665082,Zwift - SWEET SPOT on Volcano Flat in Watopia,bike,2025-10-10 05:36:38,4394.0,42766.83984375,135.0,161.0,709.0,169.0,191.25732424467935,,,,102.7432467256332,,,,,,,3.9000000953674316,0.0
20641812776,Las Condes - easy run,run,2025-10-09 19:11:24,3097.677001953125,9444.5400390625,136.0,156.0,537.0,,,,,,327.97638303301113,174.921875,8.880000305175782,244.8000030517578,,,,2.9000000953674316,0.10000000149011612
20634856258,Zwift - Z2 on Volcano Flat in Watopia,bike,2025-10-09 05:36:04,4451.0,40891.76953125,121.0,141.0,607.0,142.0,152.23540233012798,,,,108.84945794096043,,,,,,,3.0,0.0
20613909441,Zwift - TORQUE Z4 on Volcano Flat in Watopia,bike,2025-10-07 05:36:18,4705.0,46007.69140625,131.0,150.0,776.0,172.0,190.80519911800695,,,,102.27040422214975,,,,,,,3.9000000953674316,0.0
20613270788,Las Condes Carrera,run,2025-10-06 19:54:28,3118.48193359375,9608.330078125,141.0,156.0,551.0,,,,,,324.5699353793583,176.296875,9.10999984741211,244.6999969482422,,,,3.0999999046325684,0.0
20613219379,Strength,str,2025-10-06 06:03:01,3823.279052734375,0.0,97.0,152.0,309.0,,,,,,,,,,,,,1.600000023841858,0.0
20597200732,Las Condes - 75' Z2,run,2025-10-05 09:38:29,4991.203125,16381.3798828125,147.0,161.0,965.0,,,,,,304.6922547960853,177.703125,9.19000015258789,241.3000030517578,,,,4.199999809265137,1.0
20595806569,Strength,str,2025-10-05 08:39:59,1045.6739501953125,0.0,77.0,96.0,38.0,,,,,,,,,,,,,0.0,0.0
20590509173,Natación en piscina,swim,2025-10-04 17:53:49,2906.85595703125,2325.0,104.0,138.0,395.0,,,,,,1126.1261116131864,,,,,,10.600000381469727,0.8999999761581421,0.0
20590232860,Strength,str,2025-10-04 16:41:14,3797.498046875,0.0,99.0,135.0,303.0,,,,,,,,,,,,,0.699999988079071,0.0
20587290957,Puente Alto Ciclismo en ruta,bike,2025-10-04 08:28:10,9893.6904296875,84771.1328125,131.0,160.0,1718.0,154.0,172.0,177.6999969482422,0.8050000071525574,,116.7133541899506,,,,,,,4.400000095367432,1.100000023841858
20580377588,Natación en piscina,swim,2025-10-03 15:54:28,3542.407958984375,2550.0,116.0,142.0,470.0,,,,,,1124.8593943859667,,,,,,10.800000190734863,1.7999999523162842,0.0
20572595752,Natación en piscina,swim,2025-10-02 18:43:23,3381.299072265625,2475.0,113.0,139.0,446.0,,,,,,1067.235885737448,,,,,,10.300000190734863,1.399999976158142,0.0
20561682052,Natación en piscina,swim,2025-10-01 17:42:47,4199.31103515625,2525.0,116.0,155.0,499.0,,,,,,1079.9136080236347,,,,,,10.199999809265137,2.0,0.20000000298023224
20554970574,Las Condes - fartlek LT1,run,2025-10-01 05:46:46,3488.547119140625,11758.4501953125,146.0,165.0,670.0,,,,,,296.64787443580695,183.84375,8.65999984741211,237.3000030517578,,,,3.5999999046325684,0.0
20554214146,Natación en piscina,swim,2025-09-30 19:42:12,2688.426025390625,1975.0,116.0,140.0,350.0,,,,,,1234.5678976006923,,,,,,11.0,1.600000023841858,0.0
20540952328,Strength,str,2025-09-29 19:14:44,2607.239990234375,0.0,92.0,130.0,205.0,,,,,,,,,,,,,0.6000000238418579,0.0
20534549900,Las Condes Carrera,run,2025-09-29 05:50:18,3015.6689453125,9320.9599609375,154.0,168.0,657.0,,,,,,323.51988808905236,175.203125,,,,,,4.0,0.0
20528890039,Colina Ciclismo en ruta,bike,2025-09-28 08:12:59,12317.7763671875,98858.90625,139.0,182.0,2088.0,149.0,186.0,248.1999969482422,0.8529999852180481,,124.59506568007043,,,,,,,5.0,3.200000047683716
20520043332,Las Condes Carrera,run,2025-09-27 17:21:46,3449.76806640625,10694.2998046875,150.0,168.0,680.0,,,,,,322.5806550850608,173.1875,9.419999694824218,241.39999389648438,,,,3.299999952316284,0.0
20516030152,Strength,str,2025-09-27 09:36:13,3242.597900390625,0.0,107.0,141.0,336.0,,,,,,,,,,,,,1.7000000476837158,0.0
20509416175,Natación en piscina,swim,2025-09-26 16:13:35,3422.3740234375,2600.0,131.0,154.0,458.0,,,,,,1166.8611526133473,,,,,,10.800000190734863,2.700000047683716,0.0
20501168280,Strength,str,2025-09-25 19:03:24,3698.43896484375,0.0,99.0,148.0,332.0,,,,,,,,,,,,,1.0,0.0
20491700033,Natación en piscina,swim,2025-09-24 18:43:29,3081.31689453125,2275.0,127.0,148.0,396.0,,,,,,1175.0881164659336,,,,,,10.600000381469727,2.4000000953674316,0.0
20484501525,Las Condes Carrera,run,2025-09-24 05:50:53,3268.94189453125,10357.150390625,144.0,171.0,650.0,,,,,,315.6565673669836,180.765625,8.44000015258789,248.10000610351562,,,,3.299999952316284,0.20000000298023224
20481021589,Natación en piscina,swim,2025-09-23 18:46:17,2933.339111328125,2250.0,110.0,127.0,390.0,,,,,,1168.2242906055071,,,,,,10.399999618530273,1.2999999523162842,0.0
20470985682,Las Condes Carrera,run,2025-09-22 18:27:46,3356.405029296875,9737.26953125,140.0,157.0,613.0,,,,,,344.70871841097676,174.109375,8.95999984741211,251.5,,,,3.0,0.0
20470981928,Strength,str,2025-09-22 06:43:00,2292.5419921875,0.0,86.0,125.0,152.0,,,,,,,,,,,,,0.4000000059604645,0.0
20470981307,Strength,str,2025-09-20 17:07:56,1961.8809814453125,0.0,108.0,154.0,231.0,,,,,,,,,,,,,2.0,0.0
20384002487,Las Condes Carrera,run,2025-09-14 10:44:38,1663.468017578125,5008.1298828125,143.0,156.0,323.0,,,,,,332.1155852669508,178.203125,8.950000000000001,236.3000030517578,,,,2.5999999046325684,0.0
20364385895,Natación en piscina,swim,2025-09-12 12:33:06,3252.876953125,2450.0,119.0,146.0,446.0,,,,,,1126.1261116131864,,,,,,10.199999809265137,2.0,0.0
20350149295,Strength,str,2025-09-11 05:26:59,2920.758056640625,0.0,81.0,115.0,164.0,,,,,,,,,,,,,0.30000001192092896,0.0
20347431516,Natación en piscina,swim,2025-09-10 18:29:48,3411.1279296875,2600.0,115.0,146.0,441.0,,,,,,1152.0737713253993,,,,,,10.899999618530273,1.899999976158142,0.0
20340071331,Las Condes Carrera,run,2025-09-10 06:10:02,2717.40087890625,8253.6298828125,137.0,154.0,510.0,,,,,,329.27231460953243,178.421875,8.61999969482422,251.8000030517578,,,,2.799999952316284,0.0
20339615676,Natación en piscina,swim,2025-09-09 19:07:10,3097.68701171875,2000.0,108.0,138.0,390.0,,,,,,1019.3679854037279,,,,,,9.800000190734863,1.2999999523162842,0.0
20317985843,Strength,str,2025-09-08 05:34:48,3936.616943359375,0.0,82.0,120.0,225.0,,,,,,,,,,,,,0.30000001192092896,0.0
20312803719,Colina Carrera,run,2025-09-07 12:04:25,1205.9949951171875,3874.81005859375,147.0,156.0,251.0,,,,,,311.23559962568356,177.84375,8.719999694824219,237.1999969482422,,,,2.5,0.0
20528885263,Colina Ciclismo en ruta,bike,2025-09-07 08:45:42,10754.02734375,88244.171875,129.0,169.0,1757.0,143.0,175.0,191.89999389648438,0.8029999732971191,,121.86204728509061,,,,,,,4.699999809265137,2.9000000953674316
20303539860,Natación en piscina,swim,2025-09-06 16:31:26,4211.89111328125,3200.0,114.0,142.0,558.0,,,,,,1118.5682404182032,,,,,,10.5,2.0,0.0
20299199936,Las Condes Carrera,run,2025-09-06 09:07:09,1717.594970703125,5086.27978515625,136.0,151.0,311.0,,,,,,337.7237458949087,175.5625,9.169999694824218,242.60000610351562,,,,2.299999952316284,0.0
20292877153,Natación en piscina,swim,2025-09-05 17:12:00,4095.798095703125,3025.0,121.0,148.0,556.0,,,,,,1050.4201438650732,,,,,,10.199999809265137,2.200000047683716,0.0
20283749098,Natación en piscina,swim,2025-09-04 18:17:42,4967.14990234375,3600.0,112.0,137.0,669.0,,,,,,1086.956502021148,,,,,,10.199999809265137,1.7000000476837158,0.0
20273320119,Strength,str,2025-09-03 18:54:36,3809.658935546875,0.0,84.0,133.0,236.0,,,,,,,,,,,,,0.6000000238418579,0.0
20244006017,Strength,str,2025-09-01 05:57:08,3411.763916015625,0.0,79.0,135.0,189.0,,,,,,,,,,,,,0.6000000238418579,0.0
20240024995,Strength,str,2025-08-31 15:28:41,2937.556884765625,0.0,88.0,126.0,201.0,,,,,,,,,,,,,0.4000000059604645,0.0
20236659592,Las Condes Carrera,run,2025-08-31 09:30:32,1707.2440185546875,5112.93994140625,130.0,147.0,296.0,,,,,,333.88982911875075,179.3125,8.730000305175782,248.5,,,,2.200000047683716,0.0
20229629410,Strength,str,2025-08-30 17:15:18,3298.090087890625,0.0,79.0,117.0,170.0,,,,,,,,,,,,,0.20000000298023224,0.0
20228300831,Colina Ciclismo en ruta,bike,2025-08-30 08:45:28,10346.7666015625,96388.703125,140.0,176.0,1842.0,158.0,182.0,195.3000030517578,0.824999988079071,,107.3422071315921,,,,,,,5.0,2.700000047683716
20219452143,Natación en piscina,swim,2025-08-29 17:28:03,2792.1669921875,2300.0,119.0,136.0,394.0,,,,,,1075.2688089344927,,,,,,10.300000190734863,2.0,0.0
20217827268,Strength,str,2025-08-29 13:11:15,2959.56005859375,0.0,80.0,133.0,171.0,,,,,,,,,,,,,0.6000000238418579,0.0
20170428415,Strength,str,2025-08-25 05:17:29,2737.9951171875,0.0,87.0,127.0,195.0,,,,,,,,,,,,,0.699999988079071,0.0
20228297718,Las Condes Ciclismo en ruta,bike,2025-08-24 19:36:02,7.428999900817871,9.899999618530273,,,0.0,,,,,,750.1875780159102,,,,,,,0.10000000149011612,0.0
20167525191,Colina Ciclismo en ruta,bike,2025-08-24 09:04:08,12836.1845703125,120089.609375,128.0,169.0,2007.0,136.0,160.0,188.60000610351562,0.7279999852180481,,106.88328406457708,,,,,,,4.900000095367432,1.7999999523162842
20155965498,Natación en piscina,swim,2025-08-23 16:39:07,3299.02294921875,2325.0,115.0,134.0,398.0,,,,,,1108.6474378031817,,,,,,10.600000381469727,1.7999999523162842,0.0
20153062259,Strength,str,2025-08-23 10:25:50,3201.864013671875,0.0,77.0,114.0,143.0,,,,,,,,,,,,,0.20000000298023224,0.0
20152377385,Las Condes Carrera,run,2025-08-23 09:51:28,1704.739990234375,5028.60986328125,136.0,154.0,322.0,,,,,,338.9830453681454,181.375,8.5,247.3000030517578,,,,2.5999999046325684,0.0
20145822264,Natación en piscina,swim,2025-08-22 18:09:27,2951.572998046875,2275.0,111.0,127.0,382.0,,,,,,1144.16474287109,,,,,,10.800000190734863,1.2999999523162842,0.0
20118308204,Strength,str,2025-08-20 05:35:33,2594.472900390625,0.0,74.0,120.0,109.0,,,,,,,,,,,,,0.10000000149011612,0.0
20106969289,Strength,str,2025-08-19 05:41:14,2693.27294921875,0.0,74.0,112.0,118.0,,,,,,,,,,,,,0.10000000149011612,0.0
20103361480,Rancagua Carrera,run,2025-08-18 19:27:33,1583.0279541015625,4589.06005859375,147.0,163.0,315.0,,,,,,344.9465416845577,173.0625,,,,,,2.700000047683716,0.0
20095709468,Strength,str,2025-08-18 05:13:46,2523.843994140625,0.0,93.0,141.0,209.0,,,,,,,,,,,,,0.8999999761581421,0.0
20092974630,Colina Ciclismo en ruta,bike,2025-08-17 08:49:19,7609.630859375,66456.2890625,125.0,153.0,1253.0,145.0,168.0,126.4000015258789,0.7749999761581421,,114.50818993637148,,,,,,,3.799999952316284,0.20000000298023224
20081305570,Natación en piscina,swim,2025-08-16 16:23:08,2768.4580078125,2250.0,119.0,141.0,378.0,,,,,,1137.656417267228,,,,,,10.899999618530273,1.899999976158142,0.0
20077754479,Las Condes Carrera,run,2025-08-16 09:41:12,1717.7030029296875,5047.97021484375,136.0,150.0,328.0,,,,,,340.25179890840144,179.78125,8.55999984741211,244.60000610351562,,,,2.4000000953674316,0.0
20071316962,Strength,str,2025-08-15 17:51:07,4405.02197265625,0.0,78.0,136.0,232.0,,,,,,,,,,,,,0.5,0.0
20070885870,Colina Ciclismo en ruta,bike,2025-08-15 08:36:37,12701.44140625,123413.859375,132.0,168.0,2053.0,141.0,163.0,192.1999969482422,0.7390000224113464,,102.91242144847592,,,,,,,5.0,2.5
20061688667,Natación en piscina,swim,2025-08-14 18:01:28,4893.48876953125,3875.0,127.0,156.0,660.0,,,,,,1111.1111405455044,,,,,,10.899999618530273,2.700000047683716,0.0
20021312237,Strength,str,2025-08-11 05:30:34,3505.302001953125,0.0,79.0,125.0,188.0,,,,,,,,,,,,,0.5,0.0
20015088448,Colina Ciclismo,bike,2025-08-10 08:42:19,2675.80810546875,22845.490234375,107.0,130.0,317.0,98.0,120.0,19.600000381469727,0.515999972820282,,117.12344664908248,,,,,,,2.0999999046325684,0.4000000059604645
20015825390,Colina Ciclismo en ruta,bike,2025-08-10 08:41:56,12086.615234375,118373.453125,129.0,182.0,1879.0,135.0,160.0,159.8000030517578,0.6909999847412109,,102.1033319886077,,,,,,,4.199999809265137,2.799999952316284
20007342137,Ciclismo en ruta,bike,2025-08-09 20:09:09,0.8429999947547913,0.0,,,0.0,,,,,,,,,,,,,0.0,0.0
20007084107,Natación en piscina,swim,2025-08-09 17:47:53,3212.0849609375,2550.0,115.0,135.0,429.0,,,,,,1172.3329628714764,,,,,,10.899999618530273,1.7000000476837158,0.0
20003967740,Strength,str,2025-08-09 10:07:27,4268.77685546875,0.0,90.0,128.0,304.0,,,,,,,,,,,,,0.6000000238418579,0.0
19996601146,Natación en piscina,swim,2025-08-08 18:43:33,2963.076904296875,2500.0,114.0,126.0,414.0,,,,,,1154.7344155361916,,,,,,10.399999618530273,1.399999976158142,0.0
19953049060,Strength,str,2025-08-04 00:02:56,2959.097900390625,0.0,105.0,166.0,337.0,,,,,,,,,,,,,2.299999952316284,0.0
19904475875,Strength,str,2025-07-31 05:36:06,3881.343017578125,0.0,84.0,123.0,236.0,,,,,,,,,,,,,0.30000001192092896,0.0
19901407308,Natación en piscina,swim,2025-07-30 18:45:57,4161.537109375,3000.0,109.0,128.0,541.0,,,,,,1128.6682001071943,,,,,,10.899999618530273,1.399999976158142,0.0
19890242940,Natación en piscina,swim,2025-07-29 18:39:44,4519.05517578125,3000.0,110.0,132.0,539.0,,,,,,1172.3329628714764,,,,,,11.100000381469727,1.2000000476837158,0.0
19883252029,Las Condes - Z2,run,2025-07-29 06:58:56,1999.3199462890625,5726.2001953125,139.0,151.0,382.0,,,,,,349.16200117427815,180.671875,8.5,252.3000030517578,,,,2.4000000953674316,0.0
19878774903,Las Condes - AER CONTINUO,run,2025-07-28 17:46:58,3725.777099609375,12020.419921875,148.0,160.0,745.0,,,,,,309.9813943347874,181.546875,8.65,235.10000610351562,,,,3.0999999046325684,0.0
19873284629,Strength,str,2025-07-28 07:13:46,4874.02099609375,0.0,86.0,118.0,311.0,,,,,,,,,,,,,0.4000000059604645,0.0
19866393373,Colina Ciclismo en ruta,bike,2025-07-27 08:36:17,13055.5517578125,123917.3125,129.0,157.0,2296.0,156.0,167.0,187.39999389648438,0.7200000286102295,,105.35187941264029,,,,,,,4.300000190734863,1.399999976158142
19862855355,Ciclismo en ruta,bike,2025-07-27 06:54:14,1.0570000410079956,0.0,,,0.0,,,,,,,,,,,,,0.0,0.0
19858122355,Natación en piscina,swim,2025-07-26 15:38:32,4150.44091796875,3300.0,118.0,139.0,563.0,,,,,,1137.656417267228,,,,,,10.800000190734863,2.0,0.0
19855491685,Providencia - endurance en plano,run,2025-07-26 08:36:15,5183.35302734375,17053.189453125,149.0,167.0,1046.0,,,,,,303.9513713054178,183.5,8.51999969482422,229.10000610351562,,,,3.5999999046325684,0.0
19848327845,Las Condes Carrera,run,2025-07-25 16:24:56,3675.426025390625,11668.76953125,144.0,162.0,705.0,,,,,,314.960634651494,182.625,8.44000015258789,246.5,,,,3.0999999046325684,0.0
19844682159,Strength,str,2025-07-25 09:08:43,2900.971923828125,0.0,89.0,134.0,207.0,,,,,,,,,,,,,0.4000000059604645,0.0
19839463131,Natación en piscina,swim,2025-07-24 18:09:52,5124.5751953125,3575.0,111.0,139.0,646.0,,,,,,1098.9010672309587,,,,,,10.0,1.600000023841858,0.0
19829516834,Natación en piscina,swim,2025-07-23 18:33:14,3933.784912109375,3250.0,117.0,139.0,533.0,,,,,,1152.0737713253993,,,,,,10.899999618530273,1.7999999523162842,0.0
19822350948,Las Condes - AER CONTINUO,run,2025-07-23 06:20:16,2703.962890625,8857.5595703125,151.0,166.0,562.0,,,,,,305.25030311763584,182.3125,8.530000305175781,241.0,,,,3.200000047683716,0.0
19818776408,Natación en piscina,swim,2025-07-22 18:27:20,5046.48583984375,3050.0,115.0,143.0,589.0,,,,,,1104.9724106226677,,,,,,10.399999618530273,2.0,0.0
19806987580,Yoga,str,2025-07-21 18:43:51,629.6010131835938,0.0,79.0,96.0,23.0,,,,,,,,,,,,,0.0,0.0
19806986957,Entrenamiento en cinta,run,2025-07-21 18:12:00,1815.68798828125,4628.5400390625,129.0,141.0,308.0,,,,,,392.31070626616213,176.421875,8.15,271.8999938964844,,,,2.0999999046325684,0.0
19800724662,Strength,str,2025-07-21 06:02:17,3195.402099609375,0.0,86.0,120.0,208.0,,,,,,,,,,,,,0.30000001192092896,0.0
19797197708,Colina Ciclismo en ruta,bike,2025-07-20 08:41:41,16222.7353515625,149043.0625,121.0,146.0,2591.0,140.0,154.0,198.60000610351562,0.6650000214576721,,108.84945794096043,,,,,,,4.400000095367432,0.10000000149011612
19783600599,Natación en piscina,swim,2025-07-19 10:20:46,4071.780029296875,3250.0,121.0,141.0,543.0,,,,,,1142.857142857143,,,,,,10.899999618530273,2.0999999046325684,0.0
19782722678,Elíptica,elliptical,2025-07-19 08:36:54,5525.64208984375,0.0,113.0,133.0,562.0,,,,,,,2.8125,,,,,,1.7000000476837158,0.0
19776505437,Natación en piscina,swim,2025-07-18 17:53:35,3610.944091796875,3150.0,121.0,140.0,518.0,,,,,,1097.6948247466444,,,,,,10.600000381469727,2.0,0.0
19767010381,Strength,str,2025-07-17 18:43:56,3419.824951171875,0.0,91.0,138.0,260.0,,,,,,,,,,,,,0.699999988079071,0.0
19752394999,Natación en piscina,swim,2025-07-16 09:51:40,4205.3837890625,3400.0,119.0,136.0,562.0,,,,,,1156.069351416027,,,,,,11.0,2.0,0.0
19751615401,Elíptica,elliptical,2025-07-16 08:37:09,3946.511962890625,0.0,126.0,150.0,557.0,,,,,,,50.03125,,,,,,2.200000047683716,0.0
19746227267,Natación en piscina,swim,2025-07-15 18:28:19,4676.52685546875,3150.0,106.0,132.0,577.0,,,,,,1094.0919339718769,,,,,,10.199999809265137,1.2000000476837158,0.0
19735398951,Elíptica,elliptical,2025-07-14 18:38:39,3136.39599609375,0.0,121.0,139.0,435.0,,,,,,,13.734375,,,,,,2.0,0.0
19735398122,Strength,str,2025-07-14 05:56:34,4069.950927734375,0.0,79.0,115.0,210.0,,,,,,,,,,,,,0.20000000298023224,0.0
19724820637,Puente Alto Ciclismo en ruta,bike,2025-07-13 08:30:44,15603.74609375,132911.546875,136.0,158.0,2745.0,156.0,177.0,251.0,0.7620000243186951,,117.39845517741725,,,,,,,4.900000095367432,0.800000011920929
19713849744,Strength,str,2025-07-12 15:37:22,3691.3291015625,0.0,95.0,159.0,294.0,,,,,,,,,,,,,1.100000023841858,0.10000000149011612
19711749979,Natación en piscina,swim,2025-07-12 10:33:16,4879.8779296875,4000.0,153.0,171.0,656.0,,,,,,1148.1056364027672,,,,,,10.800000190734863,4.0,0.30000001192092896
19710666549,Elíptica,elliptical,2025-07-12 08:43:53,5782.30322265625,0.0,122.0,140.0,729.0,,,,,,,12.375,,,,,,2.0999999046325684,0.0
19704348679,Natación en piscina,swim,2025-07-11 17:34:15,4433.240234375,3500.0,132.0,152.0,586.0,,,,,,1142.857142857143,,,,,,10.699999809265137,2.700000047683716,0.0
19704347469,Strength,str,2025-07-10 18:38:24,3407.93408203125,0.0,92.0,124.0,261.0,,,,,,,,,,,,,0.4000000059604645,0.0
19674351403,Natación en piscina,swim,2025-07-08 18:40:33,4056.87109375,3050.0,107.0,137.0,551.0,,,,,,1084.5987091392217,,,,,,10.199999809265137,0.8999999761581421,0.0
19663751513,Natación en piscina,swim,2025-07-07 18:37:21,3855.966064453125,3000.0,108.0,124.0,523.0,,,,,,1216.5449726456745,,,,,,10.699999809265137,1.0,0.0
19643363704,Natación en piscina,swim,2025-07-05 15:20:05,3854.81103515625,3025.0,114.0,132.0,501.0,,,,,,1213.5922316051315,,,,,,11.100000381469727,1.399999976158142,0.0
19640702181,Providencia Carrera,run,2025-07-05 08:37:12,7194.65283203125,25530.759765625,158.0,172.0,1629.0,,,,,,281.7695105701254,184.53125,8.509999847412109,222.39999389648438,,,,4.400000095367432,0.0
19634366767,Natación en piscina,swim,2025-07-04 17:45:03,3791.2099609375,3000.0,113.0,132.0,511.0,,,,,,1200.4801858920744,,,,,,10.800000190734863,1.2999999523162842,0.0
19624766349,Las Condes - EASY RUN,run,2025-07-03 18:11:57,2399.801025390625,6538.31005859375,128.0,143.0,419.0,,,,,,366.9724899072381,175.25,8.94000015258789,261.20001220703125,,,,2.200000047683716,0.0
19615094041,Natación en piscina,swim,2025-07-02 19:04:49,3582.85400390625,3000.0,116.0,137.0,491.0,,,,,,1157.40737738535,,,,,,10.699999809265137,1.5,0.0
19608630877,Las Condes - intervalos intensidad,run,2025-07-02 05:32:28,4742.64892578125,16861.599609375,148.0,173.0,971.0,,,,,,281.29394689777865,184.953125,8.35,235.6999969482422,,,,3.5999999046325684,0.0
19604878190,Natación en piscina,swim,2025-07-01 18:25:48,4630.10107421875,3175.0,121.0,164.0,576.0,,,,,,1078.7486676561339,,,,,,10.199999809265137,2.700000047683716,0.0
19598734657,Las Condes - EASY RUN,run,2025-07-01 07:06:52,2401.279052734375,7415.06005859375,145.0,156.0,482.0,,,,,,323.8341906905422,172.890625,9.819999694824219,230.5,,,,2.799999952316284,0.0
19594690809,Strength,str,2025-06-30 19:30:00,3342.794921875,0.0,80.0,120.0,181.0,,,,,,,,,,,,,0.20000000298023224,0.0
19588188897,Las Condes - fartlek AER,run,2025-06-30 05:31:40,4784.31396484375,15347.0703125,144.0,160.0,933.0,,,,,,311.7207036291277,173.453125,9.5,234.10000610351562,,,,3.200000047683716,0.0
19581558077,Las Condes - EASY RUN,run,2025-06-29 10:53:45,1802.0870361328125,5679.4599609375,140.0,152.0,345.0,,,,,,317.2588882402303,171.328125,10.030000305175783,232.6999969482422,,,,2.299999952316284,0.0
19574095819,Natación en piscina,swim,2025-06-28 16:04:56,3751.590087890625,3150.0,117.0,144.0,532.0,,,,,,1081.0810671486588,,,,,,10.300000190734863,1.7000000476837158,0.0
19571170848,Providencia - endurance plano,run,2025-06-28 09:06:01,6224.59423828125,20565.580078125,147.0,164.0,1272.0,,,,,,302.66344734225333,176.078125,9.290000152587892,230.10000610351562,,,,3.5999999046325684,0.0
19564121965,Las Condes - EASY RUN,run,2025-06-27 16:07:29,3853.340087890625,11430.9404296875,126.0,144.0,660.0,,,,,,337.0407810679417,171.84375,,,,,,2.5,0.0
19546270312,Strength,str,2025-06-25 19:28:53,2674.180908203125,0.0,90.0,126.0,195.0,,,,,,,,,,,,,0.30000001192092896,0.0
19539491067,Las Condes - intervalos intensidad,run,2025-06-25 05:34:51,4035.384033203125,14141.5498046875,154.0,168.0,912.0,,,,,,285.38813204824083,180.875,,,,,,4.0,0.0
19536237527,Natación en piscina,swim,2025-06-24 18:39:06,4628.958984375,3150.0,104.0,126.0,572.0,,,,,,1114.8271834121274,,,,,,10.199999809265137,0.800000011920929,0.0
19529634229,Las Condes - EASY RUN,run,2025-06-24 07:19:11,1804.635986328125,5339.4599609375,187.0,200.0,531.0,,,,,,337.9519981796714,171.828125,,,,,,4.900000095367432,2.5
19525613638,Natación en piscina,swim,2025-06-23 19:02:42,3940.965087890625,3200.0,113.0,130.0,537.0,,,,,,1140.25088866654,,,,,,10.699999809265137,1.2999999523162842,0.0
19519116900,Las Condes - fartlek AER,run,2025-06-23 05:41:12,3553.510986328125,11352.509765625,166.0,194.0,816.0,,,,,,312.98905192309024,173.796875,,,,,,4.099999904632568,0.0
19512031603,Natación en piscina,swim,2025-06-22 09:01:31,3952.589111328125,3000.0,106.0,127.0,517.0,,,,,,1146.789018418109,,,,,,10.699999809265137,1.0,0.0
19511012687,EASY RUN,run,2025-06-22 08:02:31,1803.0589599609375,5690.10986328125,156.0,171.0,423.0,,,,,,316.85679088431164,168.765625,,,,,,3.299999952316284,0.0
19505411168,Natación en piscina,swim,2025-06-21 16:33:17,4484.72216796875,3275.0,113.0,135.0,586.0,,,,,,1109.8778852351954,,,,,,10.699999809265137,1.600000023841858,0.0
19502399268,Providencia - endurance terreno mixto,run,2025-06-21 08:58:37,6379.97802734375,22059.580078125,152.0,172.0,1542.0,,,,,,289.18450433652237,176.0625,,,,,,5.0,0.0
19495818598,Colina Ciclismo en ruta,bike,2025-06-20 08:57:52,14570.7861328125,132038.75,,,2407.0,145.0,166.0,207.3000030517578,0.7170000076293945,,110.35091256800007,,,,,,,2.799999952316284,0.0
19486679410,Strength,str,2025-06-19 18:28:16,3277.0,0.0,83.0,119.0,193.0,,,,,,,,,,,,,0.20000000298023224,0.0
19476093507,Las Condes Carrera,run,2025-06-18 17:50:29,4770.30810546875,15012.5,151.0,170.0,983.0,,,,,,317.7629413291059,169.453125,,,,,,3.5999999046325684,0.0
19466221241,Natación en piscina,swim,2025-06-17 18:28:57,4352.494140625,2950.0,104.0,125.0,552.0,,,,,,1100.1100358159008,,,,,,10.100000381469727,0.8999999761581421,0.0
19459130947,Las Condes - EASY RUN,run,2025-06-17 07:10:28,2402.72509765625,6966.27978515625,156.0,182.0,538.0,,,,,,344.9465416845577,169.578125,,,,,,3.4000000953674316,0.0
19455229916,Las Condes - fartlek aceleraciones,run,2025-06-16 19:39:18,4012.425048828125,11377.3896484375,147.0,172.0,787.0,,,,,,352.6093131544006,167.671875,,,,,,3.4000000953674316,0.0
19448000192,Strength,str,2025-06-16 05:28:23,3565.47607421875,0.0,76.0,112.0,167.0,,,,,,,,,,,,,0.20000000298023224,0.0
19441954412,Las Condes - EASY RUN,run,2025-06-15 11:12:32,1835.873046875,6302.27001953125,173.0,190.0,484.0,,,,,,291.29040910071404,173.140625,,,,,,4.300000190734863,0.30000001192092896
19430597921,Vitacura - endurance terreno mixto,run,2025-06-14 07:45:54,7219.77197265625,24003.41015625,148.0,170.0,1538.0,,,,,,300.75187538617536,172.96875,,,,,,4.400000095367432,1.600000023841858
19423864490,Natación en piscina,swim,2025-06-13 11:43:35,4054.56396484375,3000.0,110.0,130.0,519.0,,,,,,1109.8778852351954,,,,,,10.5,1.2999999523162842,0.0
19419837713,Las Condes - EASY RUN,run,2025-06-13 06:56:08,2401.716064453125,6832.43994140625,151.0,178.0,525.0,,,,,,351.49384532291054,168.953125,8.530000305175781,265.79998779296875,,,,3.5,0.0
19409878782,Strength,str,2025-06-12 07:17:52,2609.7509765625,0.0,84.0,108.0,118.0,,,,,,,,,,,,,0.10000000149011612,0.0
19405959338,Natación en piscina,swim,2025-06-11 17:40:42,3883.589111328125,2900.0,107.0,125.0,506.0,,,,,,1114.8271834121274,,,,,,10.699999809265137,1.0,0.0
19398942704,Las Condes - intervalos intensidad,run,2025-06-11 05:40:58,4864.9560546875,16386.94921875,141.0,168.0,968.0,,,,,,296.91211132391965,181.984375,8.669999694824218,239.10000610351562,,,,3.4000000953674316,2.299999952316284
19395089991,Natación en piscina,swim,2025-06-10 18:35:45,4415.384765625,2800.0,108.0,139.0,540.0,,,,,,1043.841331440834,,,,,,10.600000381469727,1.2000000476837158,0.0
19388781960,Las Condes - EASY RUN,run,2025-06-10 07:17:29,2401.512939453125,6871.18017578125,135.0,146.0,434.0,,,,,,349.5281295583698,170.28125,9.9,246.5,,,,2.299999952316284,0.0
19384981452,Strength,str,2025-06-09 18:26:48,3984.488037109375,0.0,77.0,125.0,197.0,,,,,,,,,,,,,0.30000001192092896,0.0
19371864372,Puente Alto - EASY RUN,run,2025-06-08 12:29:25,1220.280029296875,4285.8798828125,152.0,157.0,269.0,,,,,,284.73803419813015,174.34375,10.030000305175783,234.5,,,,2.5999999046325684,0.0
19374410656,Puente Alto Ciclismo en ruta,bike,2025-06-08 07:55:44,13779.7275390625,123623.8828125,130.0,170.0,2421.0,156.0,184.0,240.8000030517578,0.7940000295639038,,111.47029667447133,,,,,,,4.699999809265137,2.700000047683716
19361804965,Ñuñoa - endurance terreno mixto,run,2025-06-07 10:39:11,5913.46923828125,20647.98046875,153.0,170.0,1266.0,,,,,,286.36883462340177,177.21875,9.35,230.39999389648438,,,,4.199999809265137,0.5
19360320287,Natación en piscina,swim,2025-06-07 08:12:04,6615.8701171875,5050.0,114.0,147.0,899.0,,,,,,1018.3299458228979,,,,,,10.300000190734863,2.0,0.0
19353978183,Las Condes - z2,bike,2025-06-06 15:20:42,9579.5234375,48795.171875,104.0,146.0,874.0,,,,,,196.30938888083867,,,,,,,2.0999999046325684,0.0
19335476385,Natación en piscina,swim,2025-06-04 17:48:02,3730.033935546875,2675.0,113.0,141.0,482.0,,,,,,1097.6948247466444,,,,,,10.699999809265137,1.399999976158142,0.0
19329072233,Las Condes - intervalos intensidad,run,2025-06-04 05:47:27,4298.97705078125,14067.240234375,144.0,175.0,860.0,,,,,,305.62346493450815,175.015625,8.240000152587891,246.5,,,,3.4000000953674316,2.299999952316284
19325655881,Las Condes - EASY RUN pm,run,2025-06-03 18:40:42,2586.305908203125,7188.68017578125,119.0,132.0,399.0,,,,,,359.7122339177876,171.875,9.51999969482422,257.3999938964844,,,,2.0,0.0
19314193292,Natación en piscina,swim,2025-06-02 17:58:41,4221.92919921875,2850.0,104.0,146.0,522.0,,,,,,1050.4201438650732,,,,,,10.600000381469727,1.100000023841858,0.0
19308564727,Las Condes - fartlek AER,run,2025-06-02 05:29:47,2830.51611328125,8557.83984375,139.0,153.0,540.0,,,,,,330.79722109462597,176.59375,9.15999984741211,254.5,,,,2.700000047683716,0.0
19303097922,Colina - EASY RUN,run,2025-06-01 13:24:21,1711.1099853515625,6095.2998046875,164.0,171.0,402.0,,,,,,280.74115379731785,177.09375,9.65999984741211,232.39999389648438,,,,3.200000047683716,0.0
19303267425,Colina - INTERVALOS LARGOS,bike,2025-06-01 08:50:53,14336.7646484375,119610.53125,127.0,176.0,2141.0,129.0,163.0,185.89999389648438,0.6840000152587891,,119.86095536603237,,,,,,,4.199999809265137,2.200000047683716
19291932800,Natación en piscina,swim,2025-05-31 11:16:29,3822.408935546875,3050.0,153.0,173.0,528.0,,,,,,1091.703046539124,,,,,,10.600000381469727,3.5999999046325684,0.10000000149011612
19284513870,Natación en piscina,swim,2025-05-30 16:10:11,3504.114990234375,2600.0,115.0,135.0,458.0,,,,,,1117.31845956554,,,,,,10.600000381469727,1.7000000476837158,0.0
19277984373,Las Condes - EASY RUN,run,2025-05-30 05:38:58,2381.7041015625,7390.52978515625,140.0,156.0,466.0,,,,,,322.26877988155906,172.125,10.15999984741211,241.8000030517578,,,,2.700000047683716,0.0
19274535228,Strength,str,2025-05-29 17:45:53,4245.34716796875,0.0,88.0,128.0,290.0,,,,,,,,,,,,,0.4000000059604645,0.0
19264365276,Natación en piscina,swim,2025-05-28 17:37:52,4138.32177734375,2725.0,111.0,135.0,516.0,,,,,,1103.7527373070727,,,,,,10.399999618530273,1.600000023841858,0.0
19258490528,Las Condes - intervalos intensidad,run,2025-05-28 05:50:50,3739.423095703125,12471.8896484375,142.0,170.0,771.0,,,,,,299.85007153272187,178.953125,8.540000152587892,243.89999389648438,,,,3.299999952316284,0.6000000238418579
19238181726,Strength,str,2025-05-26 05:34:10,3725.091064453125,0.0,80.0,123.0,203.0,,,,,,,,,,,,,0.20000000298023224,0.0
19234290553,Colina Ciclismo en ruta,bike,2025-05-25 08:45:56,10949.232421875,98937.703125,127.0,168.0,1790.0,143.0,169.0,152.3000030517578,0.7089999914169312,,110.66843427811047,,,,,,,4.199999809265137,1.100000023841858
19234288364,Ciclismo en ruta,bike,2025-05-25 07:24:32,1.1660000085830688,0.0,74.0,75.0,0.0,,,,,,,,,,,,,0.0,0.0
19224762435,Natación en piscina,swim,2025-05-24 16:03:04,4455.1201171875,3450.0,118.0,140.0,588.0,,,,,,1052.631592156154,,,,,,10.5,2.0,0.0
19221735005,Providencia - endurance,run,2025-05-24 08:51:32,6584.22021484375,22747.1796875,152.0,165.0,1410.0,,,,,,289.4356069702415,178.421875,9.59000015258789,227.10000610351562,,,,4.099999904632568,0.0
19215080305,Las Condes Ciclismo,bike,2025-05-23 15:42:25,8584.38671875,41817.05859375,102.0,142.0,794.0,,,,,,205.29666154261673,,,,,,,2.0,0.0
19206731671,Natación en piscina,swim,2025-05-22 18:17:13,4753.15576171875,3300.0,112.0,132.0,598.0,,,,,,1135.0738025267633,,,,,,10.100000381469727,1.399999976158142,0.0
19200941887,Las Condes - FARTLEK,run,2025-05-22 05:29:34,5067.009765625,16269.26953125,144.0,165.0,991.0,,,,,,311.42946455686143,175.421875,9.55,243.1999969482422,,,,3.4000000953674316,0.0
19196870724,Strength,str,2025-05-21 17:04:30,3240.7060546875,0.0,84.0,124.0,196.0,,,,,,,,,,,,,0.30000001192092896,0.0
19193523412,Natación en piscina,swim,2025-05-21 10:49:37,3365.468017578125,2650.0,119.0,143.0,466.0,,,,,,1054.8523052881958,,,,,,10.199999809265137,2.0,0.0
19192701792,Las Condes Ciclismo,bike,2025-05-21 07:53:03,8768.5556640625,54064.359375,116.0,159.0,1040.0,,,,,,162.17969801189216,,,,,,,3.0999999046325684,1.7999999523162842
19187425920,Natación en piscina,swim,2025-05-20 18:37:22,3665.906005859375,2425.0,115.0,141.0,446.0,,,,,,1091.703046539124,,,,,,10.300000190734863,1.399999976158142,0.0
19176636693,Natación en piscina,swim,2025-05-19 17:40:10,4267.16796875,2900.0,105.0,140.0,526.0,,,,,,1118.5682404182032,,,,,,10.600000381469727,1.7000000476837158,0.0
19169843936,Strength,str,2025-05-19 05:32:51,3523.9990234375,0.0,80.0,108.0,192.0,,,,,,,,,,,,,0.20000000298023224,0.0
19162660591,Santiago Carrera,run,2025-05-18 08:11:34,5545.876953125,21186.0390625,167.0,177.0,1324.0,,,,,,261.7801092868345,181.4375,9.530000305175781,215.10000610351562,,,,5.0,0.0
19161255942,Santiago Carrera,run,2025-05-18 07:19:54,1018.2899780273438,2713.860107421875,134.0,155.0,186.0,,,,,,375.2345269471149,167.78125,8.65,260.1000061035156,,,,2.0,0.30000001192092896
19146603894,Natación en piscina,swim,2025-05-16 18:17:02,2736.072998046875,2000.0,113.0,136.0,358.0,,,,,,1118.5682404182032,,,,,,10.399999618530273,1.2999999523162842,0.0
19146228644,Las Condes - Z2,run,2025-05-16 16:47:14,2815.1220703125,8308.6904296875,127.0,141.0,462.0,,,,,,338.86818312518363,168.34375,10.430000305175781,251.60000610351562,,,,2.299999952316284,0.0
19137530938,Strength,str,2025-05-15 18:21:22,2969.948974609375,0.0,83.0,111.0,178.0,,,,,,,,,,,,,0.20000000298023224,0.0
19127880301,Natación en piscina,swim,2025-05-14 17:59:16,3092.49609375,2050.0,111.0,145.0,396.0,,,,,,1038.4215996834455,,,,,,10.100000381469727,1.5,0.0
19117570215,Natación en piscina,swim,2025-05-13 18:09:35,5272.52490234375,3625.0,105.0,138.0,633.0,,,,,,1131.221715185679,,,,,,10.399999618530273,1.2999999523162842,0.0
19106299718,Strength,str,2025-05-12 18:13:10,4485.47216796875,0.0,79.0,115.0,234.0,,,,,,,,,,,,,0.20000000298023224,0.0
19099472887,Las Condes - ACTIVACIONES,run,2025-05-12 05:29:25,3341.967041015625,10461.1796875,139.0,153.0,617.0,,,,,,319.4888062100344,172.75,9.850000000000001,251.5,,,,2.9000000953674316,0.0
19093883309,Colina Ciclismo en ruta,bike,2025-05-11 08:44:00,11311.490234375,104650.2734375,124.0,160.0,1804.0,139.0,161.0,142.6999969482422,0.6759999990463257,,108.0847401283832,,,,,,,3.700000047683716,1.100000023841858
19093878325,Ciclismo en ruta,bike,2025-05-11 06:52:44,16.770999908447266,0.0,55.0,62.0,1.0,,,,,,,,,,,,,0.0,0.0
19093877805,Ciclismo en ruta,bike,2025-05-11 06:52:27,1.4079999923706055,0.0,55.0,55.0,0.0,,,,,,,,,,,,,0.0,0.0
19082272945,Providencia - endurance,run,2025-05-10 08:46:46,5401.451171875,19947.380859375,158.0,176.0,1222.0,,,,,,270.7825558690641,181.453125,9.230000305175782,222.6999969482422,,,,4.5,0.0
19075883628,Natación en piscina,swim,2025-05-09 18:26:31,2991.111083984375,2400.0,127.0,145.0,408.0,,,,,,1119.8208202960689,,,,,,10.399999618530273,2.200000047683716,0.0
19075521909,Las Condes Ciclismo,bike,2025-05-09 15:30:02,8900.06640625,50872.890625,106.0,156.0,928.0,,,,,,174.9475132934206,,,,,,,2.4000000953674316,0.699999988079071
19067031634,Natación en piscina,swim,2025-05-08 17:42:14,3250.695068359375,2350.0,106.0,134.0,416.0,,,,,,1179.2452969439476,,,,,,10.199999809265137,1.100000023841858,0.0
19056884304,Natación en piscina,swim,2025-05-07 17:55:28,3415.18505859375,2450.0,110.0,132.0,431.0,,,,,,1141.5525281929633,,,,,,10.399999618530273,1.2999999523162842,0.0
19050547936,Las Condes - intervalos en pista,run,2025-05-07 05:46:26,3930.4169921875,13993.91015625,151.0,177.0,846.0,,,,,,280.89888091942777,182.9375,8.780000305175781,233.39999389648438,,,,3.799999952316284,2.0
19046599291,Strength,str,2025-05-06 18:06:31,3194.93603515625,0.0,90.0,128.0,237.0,,,,,,,,,,,,,0.5,0.0
19036724498,Strength,str,2025-05-05 18:15:22,2988.68896484375,0.0,89.0,137.0,214.0,,,,,,,,,,,,,0.30000001192092896,0.0
19030305616,Las Condes Carrera,run,2025-05-05 05:21:26,3580.452880859375,10509.4404296875,138.0,152.0,667.0,,,,,,340.71550919792094,169.609375,10.290000152587892,250.1999969482422,,,,2.9000000953674316,0.0
19025013849,Colina - EASY RUN,run,2025-05-04 12:25:28,1305.47802734375,4429.81982421875,156.0,166.0,295.0,,,,,,294.72444243041366,173.3125,9.640000152587891,233.3000030517578,,,,3.0,0.0
19027502025,Colina Ciclismo en ruta,bike,2025-05-04 09:33:29,8712.890625,80099.7890625,125.0,162.0,1285.0,127.0,147.0,92.19999694824219,0.6179999709129333,,108.77842025760722,,,,,,,3.4000000953674316,1.0
19013326721,Providencia - endurance,run,2025-05-03 08:17:03,5615.48095703125,19865.849609375,158.0,174.0,1310.0,,,,,,282.6455539316557,178.046875,9.480000305175782,225.0,,,,4.900000095367432,0.5
19006819377,Las Condes Ciclismo,bike,2025-05-02 15:47:01,8723.4150390625,47449.421875,108.0,157.0,929.0,,,,,,183.85732233016347,,,,,,,2.5,0.8999999761581421
19002250921,Natación en piscina,swim,2025-05-02 06:38:00,3068.4580078125,2400.0,118.0,141.0,422.0,,,,,,1177.8563332850317,,,,,,10.300000190734863,1.899999976158142,0.0
18997225912,Strength,str,2025-05-01 17:51:57,1696.7550048828125,0.0,85.0,105.0,78.0,,,,,,,,,,,,,0.10000000149011612,0.0
18997224926,Las Condes Carrera,run,2025-05-01 16:44:04,2685.4150390625,7558.85986328125,141.0,160.0,473.0,,,,,,355.23977963517467,168.625,10.05,257.8999938964844,,,,2.5,0.0
18980246089,Las Condes - intervalos en pista,run,2025-04-30 05:42:07,4741.48486328125,15811.919921875,153.0,176.0,1003.0,,,,,,299.85007153272187,172.328125,8.480000305175782,244.5,,,,4.099999904632568,2.200000047683716
18975855322,Natación en piscina,swim,2025-04-29 17:17:19,2528.113037109375,2000.0,123.0,138.0,335.0,,,,,,1146.789018418109,,,,,,10.399999618530273,2.0999999046325684,0.0
18969603761,Las Condes Carrera,run,2025-04-29 06:56:05,1030.85400390625,2976.68994140625,142.0,150.0,220.0,,,,,,346.2603864395306,177.578125,8.919999694824218,256.8999938964844,,,,2.5,0.0
18965637732,Strength,str,2025-04-28 18:38:56,3613.56201171875,0.0,90.0,121.0,262.0,,,,,,,,,,,,,0.4000000059604645,0.0
18958767482,Las Condes Carrera,run,2025-04-28 04:59:26,3347.573974609375,10641.509765625,156.0,170.0,740.0,,,,,,314.5643382193019,173.171875,10.040000152587892,238.0,,,,3.799999952316284,0.0
18952905798,Vitacura Carrera,run,2025-04-27 10:57:38,2567.009033203125,7304.72998046875,147.0,164.0,493.0,,,,,,351.37034975905567,171.078125,9.990000152587891,249.5,,,,3.0,0.0
18858481023,Entrenamiento en cinta,run,2025-04-18 05:36:46,3810.889892578125,9217.5595703125,123.0,143.0,492.0,,,,,,413.3939797680293,150.25,,,,,,2.0999999046325684,0.0
18849468428,Strength,str,2025-04-17 06:19:40,2899.45703125,0.0,99.0,132.0,240.0,,,,,,,,,,,,,0.6000000238418579,0.0
18849157418,Pudong - easy run,run,2025-04-17 05:27:31,2701.25,8339.3603515625,144.0,162.0,528.0,,,,,,323.9391106577356,171.9375,,,,,,3.200000047683716,0.0
18841278640,Pudong Carrera,run,2025-04-16 12:07:03,3056.153076171875,8487.099609375,139.0,156.0,550.0,,,,,,360.1008346625077,167.453125,,,,,,3.0999999046325684,0.0
18820964799,Strength,str,2025-04-13 17:14:59,2094.68603515625,0.0,77.0,116.0,96.0,,,,,,,,,,,,,0.20000000298023224,0.0
18816175278,Las Condes Carrera,run,2025-04-13 08:34:17,1644.9119873046875,4517.7998046875,143.0,159.0,305.0,,,,,,364.03349386156776,172.171875,9.390000152587891,258.6000061035156,,,,2.5999999046325684,0.0
18806543410,Las Condes Carrera,run,2025-04-12 07:15:22,5773.1220703125,17220.5703125,154.0,177.0,1154.0,,,,,,335.23298242456264,171.5625,,,,,,4.099999904632568,0.0
18768535004,Natación en piscina,swim,2025-04-08 11:05:56,1958.77001953125,1475.0,106.0,129.0,251.0,,,,,,1194.743112530292,,,,,,11.0,0.6000000238418579,0.0
19027500862,San Juan Ciclismo en ruta,bike,2025-04-06 16:20:51,2590.05908203125,22805.939453125,112.0,132.0,337.0,110.0,131.0,21.600000381469727,0.5509999990463257,,113.57183024879363,,,,,,,1.7999999523162842,0.0
18751982667,Zonda Ciclismo en ruta,bike,2025-04-06 08:43:47,8383.9853515625,89627.953125,147.0,165.0,1743.0,188.0,196.0,152.3000030517578,0.8109999895095825,,93.54537317616472,,,,,,,4.599999904632568,0.20000000298023224
18751375369,Zonda Multideporte,triathlon,2025-04-06 08:04:22,16476.954803466797,113644.91377258301,,174.0,2971.0,,,,,,144.98629332799834,,,,,,,5.0,1.899999976158142
18742462839,San Juan Ciclismo en ruta,bike,2025-04-05 18:38:25,5.482999801635742,1.7300000190734863,,,0.0,,,,,,3164.556816380261,,,,,,,0.0,0.0
18738824563,San Juan Carrera,run,2025-04-05 10:26:13,924.4390258789062,2621.469970703125,133.0,146.0,155.0,,,,,,352.6093131544006,178.40625,8.8,252.3000030517578,,,,1.7999999523162842,0.0
18729284611,Zonda Natación en aguas abiertas,swim,2025-04-04 09:37:30,1710.779052734375,1455.25,136.0,149.0,291.0,,,,,,1175.0881164659336,,,,,,,2.200000047683716,0.0
18723750055,Ciclismo en ruta,bike,2025-04-03 19:35:13,12.446000099182129,0.0,,,0.0,,,,,,,,,,,,,0.0,0.0
18723787610,Zonda - Base,bike,2025-04-03 11:35:55,4119.93408203125,37863.609375,126.0,153.0,748.0,161.0,182.0,92.5,0.9020000100135803,,108.81393315126697,,,,,,,3.0,0.0
18722075409,Zonda Natación en aguas abiertas,swim,2025-04-03 10:49:54,1141.5780029296875,1026.1600341796875,138.0,151.0,200.0,,,,,,1112.3470658502708,,,,,,,2.0,0.0
18714018148,San Juan Carrera,run,2025-04-02 18:24:51,2208.179931640625,8277.240234375,153.0,169.0,458.0,,,,,,266.808971434362,184.078125,8.830000305175782,221.6999969482422,,,,3.200000047683716,0.5
18713944701,San Juan - intervalos,run,2025-04-02 17:56:22,950.4530029296875,2784.679931640625,126.0,147.0,162.0,,,,,,341.29692055152645,167.328125,8.5,253.3000030517578,,,,2.0,0.0
18710116081,Zonda Natación en aguas abiertas,swim,2025-04-02 10:02:52,2428.68994140625,2202.0,123.0,147.0,381.0,,,,,,1102.5358260385551,,,,,,,2.0,0.0
18703839455,San Juan - BASE AER + Aceleraciones,run,2025-04-01 18:06:22,2292.239013671875,6895.47021484375,129.0,148.0,390.0,,,,,,332.4468198939386,177.140625,9.20999984741211,252.60000610351562,,,,2.5,0.0
18687452629,Las Condes Carrera,run,2025-03-31 05:37:03,2952.830078125,8616.169921875,141.0,161.0,401.0,,,,,,342.70048179672506,172.203125,10.040000152587892,254.1999969482422,,,,2.0999999046325684,0.0
18679402994,Las Condes - LARGO STGO 21K,run,2025-03-30 06:59:06,3993.48193359375,14284.8203125,150.0,165.0,828.0,,,,,,279.5638879492636,181.875,8.980000305175782,223.0,,,,4.0,0.0
18671345586,Colina - EASY RUN,run,2025-03-29 11:12:03,1657.06396484375,6200.47021484375,157.0,166.0,370.0,,,,,,267.23676442422806,182.421875,9.11999969482422,211.60000610351562,,,,3.299999952316284,0.0
18671154008,Colina Ciclismo en ruta,bike,2025-03-29 08:19:26,8956.384765625,82704.21875,117.0,160.0,1477.0,145.0,172.0,179.89999389648438,0.8519999980926514,,108.2954275169839,,,,,,,3.299999952316284,0.8999999761581421
18664842684,Natación en piscina,swim,2025-03-28 16:07:59,3911.261962890625,3000.0,103.0,128.0,476.0,,,,,,1060.4453661498087,,,,,,10.0,0.800000011920929,0.0
18659670414,Strength,str,2025-03-28 05:33:05,3632.304931640625,0.0,74.0,111.0,148.0,,,,,,,,,,,,,0.10000000149011612,0.0
18640929413,Las Condes - intervalos en pista,run,2025-03-26 05:46:19,4122.7060546875,13584.26953125,134.0,167.0,741.0,,,,,,303.4901295434114,177.28125,8.0,248.1999969482422,,,,3.200000047683716,1.7999999523162842
18638237611,Natación en piscina,swim,2025-03-25 18:33:05,4164.81396484375,3025.0,103.0,148.0,535.0,,,,,,1077.586237903725,,,,,,10.699999809265137,1.5,0.0
18630886680,Las Condes - t2 race pace,run,2025-03-25 07:05:40,964.6409912109375,3494.639892578125,145.0,158.0,199.0,,,,,,276.01435986649875,182.859375,9.01999969482422,234.8000030517578,,,,2.4000000953674316,0.20000000298023224
18627703483,Strength,str,2025-03-24 18:49:25,3603.174072265625,0.0,84.0,126.0,208.0,,,,,,,,,,,,,0.30000001192092896,0.0
18621016784,Las Condes - BASE AER + Aceleraciones,run,2025-03-24 05:30:42,3079.966064453125,9074.349609375,131.0,162.0,489.0,,,,,,339.4433015387952,173.234375,9.740000152587891,251.0,,,,2.4000000953674316,0.0
18615151877,Colina - RUN RACE PACE,run,2025-03-23 11:03:41,2155.7548828125,8104.0400390625,161.0,168.0,498.0,,,,,,266.02819453458875,179.109375,9.740000152587891,208.60000610351562,,,,3.9000000953674316,0.0
18615157568,Colina Ciclismo en ruta,bike,2025-03-23 10:32:15,1362.9019775390625,10664.01953125,108.0,130.0,137.0,80.0,92.0,7.599999904632568,0.453000009059906,,127.81186287250388,,,,,,,0.6000000238418579,0.0
18615151449,Colina Ciclismo en ruta,bike,2025-03-23 09:09:03,4493.89599609375,49198.7109375,146.0,159.0,1005.0,203.0,206.0,129.60000610351562,1.0219999551773071,,91.34088456167828,,,,,,,3.9000000953674316,0.5
18615143526,Colina Ciclismo en ruta,bike,2025-03-23 08:53:11,4.070000171661377,0.0,63.0,69.0,0.0,0.0,0.0,0.0,0.0,,,,,,,,,0.0,0.0
18615156042,Colina Ciclismo en ruta,bike,2025-03-23 08:01:42,2553.9951171875,22862.390625,111.0,134.0,361.0,121.0,145.0,53.599998474121094,0.8740000128746033,,111.7068853328038,,,,,,,2.0,0.0
18615152176,Colina Ciclismo en ruta,bike,2025-03-23 07:59:04,72.3030014038086,306.19000244140625,111.0,125.0,6.0,65.0,72.0,0.20000000298023224,0.4309999942779541,,236.12750141052592,,,,,,,0.0,0.0
18608052310,Natación en piscina,swim,2025-03-22 16:06:53,3801.552001953125,3050.0,112.0,144.0,521.0,,,,,,1069.5187138503406,,,,,,10.5,1.399999976158142,0.10000000149011612
18607280081,Ciclismo en ruta,bike,2025-03-22 15:11:38,73.95500183105469,0.0,,,2.0,0.0,0.0,0.0,0.0,,,,,,,,,0.0,0.0
18603986718,Providencia - long run,run,2025-03-22 08:01:40,5656.23876953125,20297.990234375,146.0,162.0,1161.0,,,,,,278.6291456450544,183.1875,8.990000152587891,223.60000610351562,,,,4.0,0.0
18593331079,Las Condes - run 2,run,2025-03-21 06:51:54,942.5800170898438,3498.14990234375,151.0,162.0,210.0,,,,,,269.46914827579866,183.6875,9.11999969482422,224.6999969482422,,,,2.799999952316284,0.0
18593166334,Las Condes - run 1,run,2025-03-21 05:54:09,1349.114013671875,4358.75,133.0,160.0,260.0,,,,,,309.50170737517004,176.4375,9.30999984741211,245.6999969482422,,,,2.4000000953674316,0.0
18590487948,Natación en piscina,swim,2025-03-20 18:26:25,4344.56298828125,3025.0,102.0,126.0,534.0,,,,,,1092.896149233872,,,,,,10.699999809265137,0.800000011920929,0.0
18584052916,Las Condes Carrera,run,2025-03-20 06:55:04,1060.7259521484375,3280.830078125,142.0,162.0,197.0,,,,,,323.3107083629654,176.484375,9.290000152587892,252.6999969482422,,,,2.200000047683716,0.0
18574567400,Las Condes - TEST UL,run,2025-03-19 05:44:48,4291.6240234375,13228.1904296875,135.0,172.0,757.0,,,,,,324.4646315477597,174.765625,8.44000015258789,245.89999389648438,,,,3.200000047683716,1.0
18571614400,Strength,str,2025-03-18 20:35:06,2675.823974609375,0.0,89.0,116.0,169.0,,,,,,,,,,,,,0.20000000298023224,0.0
18564311882,Las Condes - t2 race pace,run,2025-03-18 06:56:27,1207.43798828125,4468.4599609375,152.0,165.0,263.0,,,,,,270.19724579834764,182.71875,8.880000305175782,235.60000610351562,,,,3.0,0.0
18561240614,Natación en piscina,swim,2025-03-17 18:29:24,4355.13720703125,3000.0,107.0,133.0,539.0,,,,,,1082.2510532088843,,,,,,10.399999618530273,1.100000023841858,0.0
18555202278,Las Condes - BASE AER + Aceleraciones,run,2025-03-17 05:19:56,4142.0458984375,12284.7197265625,132.0,157.0,712.0,,,,,,337.1544076166615,171.703125,9.95999984741211,244.6999969482422,,,,2.9000000953674316,0.0
18549854174,Colina - t2 easy run,run,2025-03-16 12:39:54,1332.9420166015625,4600.22021484375,146.0,156.0,279.0,,,,,,289.77108292814495,177.078125,9.19000015258789,226.0,,,,2.9000000953674316,0.0
18549515284,Colina Ciclismo en ruta,bike,2025-03-16 08:09:05,13005.7548828125,108745.421875,122.0,168.0,1730.0,134.0,171.06051639929046,,,,119.60291743810755,,,,,,,,
18542347306,Natación en piscina,swim,2025-03-15 16:11:41,4170.3232421875,3050.0,106.0,128.0,533.0,,,,,,1071.8113288813627,,,,,,10.600000381469727,1.100000023841858,0.0
18538749695,Providencia - endurance Fartlek,run,2025-03-15 08:01:18,6940.7939453125,23656.419921875,143.0,163.0,1358.0,,,,,,293.42723070383573,179.765625,8.70999984741211,238.10000610351562,,,,4.199999809265137,0.0
18533035379,Natación en piscina,swim,2025-03-14 15:53:22,4218.583984375,3400.0,80.0,92.0,599.0,,,,,,982.3182646781121,,,,,,10.100000381469727,0.10000000149011612,0.0
18528088414,Las Condes - easy run,run,2025-03-14 05:26:42,2501.333984375,7368.47021484375,146.0,163.0,462.0,,,,,,339.4433015387952,172.359375,,,,,,2.799999952316284,0.0
18517068682,Las Condes Ciclismo,bike,2025-03-12 18:07:27,4856.9658203125,15279.1396484375,111.0,141.0,555.0,,,,,,317.86396347784967,,,,,,,2.0999999046325684,0.0
18510416649,Las Condes - intervalos en pista,run,2025-03-12 05:43:24,4176.09814453125,14110.419921875,143.0,169.0,814.0,,,,,,295.9455505299575,177.734375,8.26999969482422,246.8000030517578,,,,3.700000047683716,0.5
18507467836,Las Condes Carrera,run,2025-03-11 20:03:39,134.29100036621094,331.32000732421875,144.0,151.0,20.0,,,,,,405.3506270398947,173.796875,8.509999847412109,275.79998779296875,,,,0.20000000298023224,0.0
18507467282,Las Condes - t2 race pace,run,2025-03-11 19:35:53,1558.3690185546875,6003.5400390625,146.0,158.0,345.0,,,,,,259.6053999208614,182.25,9.44000015258789,220.60000610351562,,,,3.299999952316284,0.0
18497280061,Natación en piscina,swim,2025-03-10 17:59:02,4114.3681640625,3000.0,112.0,141.0,522.0,,,,,,1112.3470658502708,,,,,,10.5,1.2000000476837158,0.0
18490692769,Las Condes Carrera,run,2025-03-10 05:16:30,2664.405029296875,7341.35986328125,125.0,148.0,430.0,,,,,,362.9763914557708,171.6875,9.630000305175782,256.5,,,,2.200000047683716,0.0
18485264412,Colina - t2 fartlek,run,2025-03-09 11:54:50,1794.14404296875,6731.9599609375,157.0,174.0,400.0,,,,,,266.5245136168968,182.8125,9.240000152587891,221.1999969482422,,,,3.4000000953674316,0.0
18484551378,Colina Ciclismo en ruta,bike,2025-03-09 08:51:30,9603.23046875,95613.96875,136.0,166.0,1678.0,176.0,185.5097307445727,,,,100.44194124634578,,,,,,,,
18482340179,Colina Ciclismo en ruta,bike,2025-03-09 08:05:19,2120.64697265625,16703.759765625,92.0,118.0,162.0,77.0,91.64672822635261,,,,126.95188757176015,,,,,,,,
18473365383,Providencia - endurance progresiones,run,2025-03-08 08:04:44,7077.51806640625,25412.029296875,148.0,166.0,1457.0,,,,,,278.4739564722443,179.5625,9.509999847412109,221.0,,,,4.699999809265137,0.0
18467360436,Natación en piscina,swim,2025-03-07 15:31:57,4107.419921875,3050.0,105.0,142.0,542.0,,,,,,1121.0762086127772,,,,,,10.600000381469727,1.100000023841858,0.0
18462622280,Las Condes - t2 easy,run,2025-03-07 06:58:00,1651.5369873046875,5092.06982421875,143.0,154.0,298.0,,,,,,324.3593960237843,173.90625,9.66999969482422,238.3000030517578,,,,2.4000000953674316,0.0
18459461060,Natación en piscina,swim,2025-03-06 17:53:03,4632.68115234375,3200.0,102.0,123.0,561.0,,,,,,1126.1261116131864,,,,,,10.800000190734863,0.699999988079071,0.0
18453526210,Strength,str,2025-03-06 06:58:51,3050.5,0.0,87.0,137.0,169.0,,,,,,,,,,,,,0.30000001192092896,0.0
18450771104,Las Condes - EASY RIDE,bike,2025-03-05 18:24:46,5308.6650390625,17794.029296875,96.0,130.0,377.0,,,,,,298.32935577834667,,,,,,,1.0,0.0
18443864924,Las Condes - intervalos en pista,run,2025-03-05 05:44:54,3939.06201171875,13673.3798828125,141.0,169.0,753.0,,,,,,288.1014153381522,177.828125,8.25,240.3000030517578,,,,3.4000000953674316,1.0
18440979305,Natación en piscina,swim,2025-03-04 18:23:47,4698.15283203125,3175.0,103.0,138.0,579.0,,,,,,1133.786810681936,,,,,,10.600000381469727,0.8999999761581421,0.0
18434480262,Las Condes - t2 easy run,run,2025-03-04 07:09:13,1711.1650390625,6373.4501953125,145.0,154.0,375.0,,,,,,268.45638271194514,182.234375,9.240000152587891,224.3000030517578,,,,3.299999952316284,0.0
18431867734,Strength,str,2025-03-03 18:35:27,3867.4609375,0.0,74.0,112.0,149.0,,,,,,,,,,,,,0.10000000149011612,0.0
18425081601,Las Condes - BASE AER + Aceleraciones,run,2025-03-03 05:37:10,4479.72119140625,13402.669921875,129.0,154.0,765.0,,,,,,334.2245874251097,170.875,10.190000152587892,246.10000610351562,,,,3.0,0.4000000059604645
18422360540,Strength,str,2025-03-02 16:42:11,3538.70703125,0.0,79.0,113.0,164.0,,,,,,,,,,,,,0.10000000149011612,0.0
18418232895,Providencia Carrera,run,2025-03-02 08:33:43,6141.44580078125,20791.599609375,141.0,155.0,1189.0,,,,,,295.4209757215226,174.734375,9.830000305175782,229.8000030517578,,,,3.799999952316284,0.0
18409655184,Las Condes - ruta con desnivel,bike,2025-03-01 07:13:46,13280.5791015625,80978.5390625,124.0,172.0,1795.0,,,,,,163.98819151650557,,,,,,,3.5,0.800000011920929
18403045376,Natación en piscina,swim,2025-02-28 15:47:04,3764.958984375,3050.0,122.0,159.0,500.0,,,,,,1126.1261116131864,,,,,,10.800000190734863,2.4000000953674316,0.10000000149011612
18398671301,Las Condes - t2 easy,run,2025-02-28 07:16:28,1839.884033203125,5010.259765625,138.0,150.0,304.0,,,,,,367.24200579804557,169.40625,9.819999694824219,250.8000030517578,,,,2.200000047683716,0.0
18396034813,Natación en piscina,swim,2025-02-27 17:36:22,4322.3837890625,3125.0,106.0,139.0,553.0,,,,,,1153.4025590536294,,,,,,11.0,1.0,0.0
18386657959,Natación en piscina,swim,2025-02-26 18:38:27,3950.658935546875,3000.0,104.0,136.0,508.0,,,,,,1122.334489904304,,,,,,11.0,0.800000011920929,0.0
18380962170,Las Condes Carrera,run,2025-02-26 06:15:46,4929.02001953125,16477.5703125,142.0,173.0,883.0,,,,,,299.13252150723906,173.03125,8.180000305175781,236.0,,,,3.4000000953674316,2.5999999046325684
18371169752,Las Condes - t2 easy run,run,2025-02-25 07:10:58,1621.154052734375,5987.35986328125,144.0,151.0,349.0,,,,,,270.7825558690641,182.34375,9.20999984741211,233.60000610351562,,,,3.200000047683716,0.0
18367697687,Strength,str,2025-02-24 17:54:17,4196.2080078125,0.0,71.0,104.0,147.0,,,,,,,,,,,,,0.10000000149011612,0.0
18361671439,Las Condes - EAYS RUN Z2,run,2025-02-24 05:40:05,2701.568115234375,8068.0400390625,128.0,144.0,451.0,,,,,,334.8961753380977,172.703125,9.480000305175782,250.60000610351562,,,,2.4000000953674316,0.0
18355321372,Las Condes Carrera,run,2025-02-23 11:08:40,144.51600646972656,379.4599914550781,139.0,145.0,24.0,,,,,,380.80732201090194,170.90625,9.25,253.1999969482422,,,,0.30000001192092896,0.0
18355320199,Las Condes - t2 progresiva easy a race pace,run,2025-02-23 10:33:21,1930.781982421875,7043.60009765625,148.0,163.0,403.0,,,,,,274.12280687421935,177.21875,9.700000000000001,227.3000030517578,,,,3.200000047683716,0.0
18344224734,Vitacura - endurance,run,2025-02-22 06:02:42,7408.748046875,26237.330078125,144.0,163.0,1493.0,,,,,,282.40610879455534,178.34375,9.630000305175782,225.89999389648438,,,,4.699999809265137,0.0
18340650125,Las Condes - bike en ruta por FC,bike,2025-02-21 15:59:21,12763.4130859375,73640.0078125,106.0,149.0,1197.0,,,,,,173.31022587619245,,,,,,,2.0999999046325684,0.20000000298023224
18340644295,Strength,str,2025-02-21 05:40:54,2923.43505859375,0.0,69.0,115.0,95.0,,,,,,,,,,,,,0.10000000149011612,0.0
18332617355,Strength,str,2025-02-20 19:36:07,3398.425048828125,0.0,83.0,111.0,172.0,,,,,,,,,,,,,0.20000000298023224,0.0
18332161923,Natación en piscina,swim,2025-02-20 17:43:08,4067.66796875,3000.0,107.0,132.0,523.0,,,,,,1090.5125459977885,,,,,,10.699999809265137,1.100000023841858,0.0
18323540167,Natación en piscina,swim,2025-02-19 17:38:20,4235.14306640625,3100.0,112.0,147.0,543.0,,,,,,1078.7486676561339,,,,,,10.600000381469727,1.600000023841858,0.0
18317654750,Las Condes - intervalos,run,2025-02-19 06:01:19,4278.42578125,13902.169921875,140.0,173.0,760.0,,,,,,307.78700452195426,169.28125,7.830000305175782,243.89999389648438,,,,3.5,3.0
18314872653,Las Condes Ciclismo,bike,2025-02-18 19:17:25,4549.0859375,15197.0595703125,120.0,160.0,604.0,,,,,,299.31157618154924,,,,,,,2.5,0.0
18314282140,Natación en piscina,swim,2025-02-18 17:34:48,3956.34912109375,3025.0,106.0,130.0,522.0,,,,,,1118.5682404182032,,,,,,10.899999618530273,0.8999999761581421,0.0
18305218416,Strength,str,2025-02-17 18:18:56,3933.946044921875,0.0,82.0,155.0,200.0,,,,,,,,,,,,,0.800000011920929,0.0
18299257862,Las Condes - BASE AER + TEMPO,run,2025-02-17 05:36:34,4878.89990234375,14518.259765625,134.0,162.0,823.0,,,,,,336.0214974080392,168.28125,9.469999694824219,244.1999969482422,,,,3.200000047683716,0.0
18294197750,Colina - t2 easy,run,2025-02-16 12:05:51,1778.762939453125,6370.85009765625,152.0,168.0,374.0,,,,,,279.1736446699237,178.96875,9.330000305175782,220.1999969482422,,,,3.299999952316284,0.0
18294100242,Colina - ruta plana AER 4x30',bike,2025-02-16 08:00:59,12548.466796875,116836.1484375,125.0,152.0,1679.0,,,,,,107.39985113626133,,,,,,,3.200000047683716,0.30000001192092896
18294072691,Ciclismo en sala,bike,2025-02-16 07:57:19,13563.685546875,0.0,122.0,152.0,1973.0,147.0,168.88728654130753,,,,,,,,,,,,
18284006638,Natación en piscina,swim,2025-02-15 10:26:14,3802.5009765625,3025.0,155.0,185.0,492.0,,,,,,1206.2726231623217,,,,,,11.199999809265137,3.5999999046325684,0.0
18284004209,Providencia Carrera,run,2025-02-15 09:27:46,1079.0009765625,3295.070068359375,138.0,148.0,198.0,,,,,,327.4394343405829,178.3125,9.080000305175782,239.89999389648438,,,,2.200000047683716,0.0
18284000760,Providencia Carrera,run,2025-02-15 09:06:08,1145.0560302734375,5012.43994140625,169.0,175.0,260.0,,,,,,228.46699408687044,188.453125,9.450000000000001,190.8000030517578,,,,3.200000047683716,0.4000000059604645
18283996818,Providencia - test running,run,2025-02-15 08:03:01,2248.885986328125,7326.81005859375,139.0,163.0,414.0,,,,,,306.9367807285188,176.265625,9.219999694824219,244.1999969482422,,,,2.799999952316284,0.30000001192092896
18278674731,Las Condes Ciclismo,bike,2025-02-14 16:20:40,12252.2431640625,67013.9609375,98.0,180.0,962.0,,,,,,182.81536350204564,,,,,,,1.0,0.0
18273181908,Las Condes Carrera,run,2025-02-14 05:34:39,3612.595947265625,10320.419921875,131.0,146.0,586.0,,,,,,350.0174870883035,170.296875,9.85999984741211,262.3999938964844,,,,2.5999999046325684,0.0
18270684634,Strength,str,2025-02-13 18:57:29,3347.991943359375,0.0,84.0,121.0,175.0,,,,,,,,,,,,,0.20000000298023224,0.0
18270370737,Natación en piscina,swim,2025-02-13 17:30:45,4246.06103515625,3050.0,105.0,128.0,528.0,,,,,,1152.0737713253993,,,,,,10.899999618530273,0.8999999761581421,0.0
18262491217,Natación en piscina,swim,2025-02-12 17:50:50,4365.52490234375,3050.0,99.0,124.0,538.0,,,,,,1142.857142857143,,,,,,11.899999618530273,0.6000000238418579,0.0
18256465443,Las Condes - intervalos,run,2025-02-12 06:05:09,4318.3779296875,14349.3095703125,144.0,173.0,800.0,,,,,,300.9328961106273,174.296875,8.20999984741211,240.60000610351562,,,,3.5999999046325684,3.0
18253765935,Natación en piscina,swim,2025-02-11 19:44:48,4147.43115234375,3150.0,109.0,146.0,547.0,,,,,,1136.363642521141,,,,,,10.800000190734863,1.2000000476837158,0.0
18244265103,Strength,str,2025-02-10 18:24:47,3923.9150390625,0.0,76.0,113.0,152.0,,,,,,,,,,,,,0.10000000149011612,0.0
18238070021,Las Condes Carrera,run,2025-02-10 05:36:17,3751.903076171875,10488.23046875,130.0,141.0,598.0,,,,,,357.78174336437183,169.265625,10.16999969482422,254.0,,,,2.5999999046325684,0.0
18233508032,Colina - easy,run,2025-02-09 11:46:02,1861.7769775390625,5904.39990234375,162.0,170.0,375.0,,,,,,315.35793087259697,171.828125,10.080000305175782,232.89999389648438,,,,3.0999999046325684,0.0
18233504470,Colina - ruta plana AER 4x30',bike,2025-02-09 07:52:45,12656.486328125,118278.2265625,127.0,157.0,1778.0,,,,,,107.00909271540819,,,,,,,3.299999952316284,1.2000000476837158
18294046997,Ciclismo en sala,bike,2025-02-09 07:51:40,12692.5078125,0.0,127.0,157.0,1826.0,144.0,157.6704878043609,,,,,,,,,,,,
18222731776,Natación en piscina,swim,2025-02-08 10:30:00,2688.85498046875,2050.0,128.0,150.0,345.0,,,,,,1173.708922815343,,,,,,11.5,2.0999999046325684,0.0
18221788554,Providencia - endurance en terreno mixto,run,2025-02-08 08:02:47,5776.11376953125,20397.5390625,157.0,176.0,1173.0,,,,,,283.2058987904662,176.859375,9.330000305175782,225.6999969482422,,,,4.400000095367432,0.10000000149011612
18217475573,Las Condes Ciclismo,bike,2025-02-07 16:41:23,11552.55078125,64243.8515625,108.0,170.0,1179.0,,,,,,179.82377689679757,,,,,,,2.4000000953674316,1.5
18211888599,Strength,str,2025-02-07 05:33:15,3992.738037109375,0.0,114.0,154.0,423.0,,,,,,,,,,,,,2.0999999046325684,0.0
18209754596,Natación en piscina,swim,2025-02-06 17:08:43,3264.06591796875,2300.0,105.0,124.0,411.0,,,,,,1126.1261116131864,,,,,,11.300000190734863,0.699999988079071,0.0
18200161393,Natación en piscina,swim,2025-02-05 17:49:47,3197.4599609375,2250.0,112.0,133.0,393.0,,,,,,1169.590617183426,,,,,,11.800000190734863,1.100000023841858,0.0
18194233990,Las Condes - Fartlek,run,2025-02-05 06:04:26,3998.541015625,13719.259765625,146.0,168.0,762.0,,,,,,291.460216166642,182.140625,8.94000015258789,233.39999389648438,,,,3.5,0.6000000238418579
18191303039,Natación en piscina,swim,2025-02-04 18:31:52,3478.179931640625,2325.0,104.0,130.0,420.0,,,,,,1135.0738025267633,,,,,,11.300000190734863,0.800000011920929,0.0
18184827224,Las Condes Carrera,run,2025-02-04 06:53:02,2691.097900390625,7445.64990234375,132.0,141.0,430.0,,,,,,361.40224592545053,168.15625,10.25,256.70001220703125,,,,2.4000000953674316,0.0
18181468015,Strength,str,2025-02-03 18:22:02,3896.092041015625,0.0,102.0,147.0,325.0,,,,,,,,,,,,,0.8999999761581421,0.0
18175288219,Las Condes - easy,run,2025-02-03 05:39:11,3676.98095703125,10481.0,133.0,147.0,604.0,,,,,,350.8772047235992,169.671875,10.20999984741211,253.6999969482422,,,,2.700000047683716,0.0
18169805003,Las Condes Carrera,run,2025-02-02 11:20:02,2561.5400390625,7456.77978515625,140.0,154.0,431.0,,,,,,343.52456043059163,168.859375,9.950000000000001,250.60000610351562,,,,2.5,0.0
18169799054,Las Condes Ciclismo,bike,2025-02-02 07:04:58,12271.861328125,72717.296875,124.0,170.0,1620.0,,,,,,168.7478872839377,,,,,,,4.099999904632568,1.600000023841858
18163190948,Strength,str,2025-02-01 18:10:49,2841.924072265625,0.0,103.0,136.0,234.0,,,,,,,,,,,,,0.8999999761581421,0.0
18158960077,Providencia - endurance en terreno mixto,run,2025-02-01 08:05:04,6220.70703125,21052.359375,153.0,169.0,1217.0,,,,,,295.50826873521555,176.375,9.640000152587891,231.89999389648438,,,,4.199999809265137,0.4000000059604645
18154495987,Las Condes Ciclismo,bike,2025-01-31 16:03:36,10019.3564453125,42459.55078125,94.0,138.0,681.0,,,,,,235.96036333236947,,,,,,,0.8999999761581421,0.0
18148959625,Las Condes Carrera,run,2025-01-31 05:40:37,3670.702880859375,10533.259765625,135.0,148.0,603.0,,,,,,348.43206964281745,168.6875,10.450000000000001,251.6999969482422,,,,2.700000047683716,0.0
18146125943,Natación en piscina,swim,2025-01-30 18:41:30,3122.06298828125,2250.0,115.0,146.0,400.0,,,,,,1144.16474287109,,,,,,11.0,1.5,0.0
18137026698,Natación en piscina,swim,2025-01-29 17:41:20,3755.251953125,2450.0,94.0,116.0,441.0,,,,,,1172.3329628714764,,,,,,12.199999809265137,0.30000001192092896,0.0
18131277427,Las Condes - intervalos,run,2025-01-29 05:59:51,3730.98291015625,11544.4404296875,138.0,176.0,633.0,,,,,,323.20619499911265,172.90625,7.95999984741211,254.1999969482422,,,,3.0999999046325684,3.0999999046325684
18128364080,Strength,str,2025-01-28 20:01:13,2078.197021484375,0.0,75.0,100.0,79.0,,,,,,,,,,,,,0.0,0.0
18128203639,Natación en piscina,swim,2025-01-28 18:46:44,3961.010986328125,2250.0,108.0,138.0,436.0,,,,,,1219.512205759306,,,,,,12.699999809265137,1.2000000476837158,0.0
18122163046,Las Condes Carrera,run,2025-01-28 07:00:08,1910.51904296875,5031.4599609375,126.0,136.0,291.0,,,,,,379.65071226417365,171.75,9.530000305175781,265.79998779296875,,,,2.0,0.0
18119345356,Las Condes Ciclismo,bike,2025-01-27 19:40:44,2953.35595703125,10972.990234375,91.0,117.0,222.0,,,,,,269.17901025674826,,,,,,,0.5,0.0
18119344154,Strength,str,2025-01-27 18:33:06,3413.669921875,0.0,96.0,183.0,249.0,,,,,,,,,,,,,1.2999999523162842,0.0
18113065981,Las Condes Carrera,run,2025-01-27 05:37:09,3770.507080078125,10480.66015625,128.0,138.0,596.0,,,,,,359.7122339177876,170.453125,9.65,261.79998779296875,,,,2.5,0.0
18226668627,Ciclismo en sala,bike,2025-01-26 07:57:33,12436.3564453125,0.0,129.0,162.0,1721.0,138.0,162.34191994910066,,,,,,,,,,,,
18111028825,Colina - intervalos resistencia aerobica,bike,2025-01-26 07:56:57,12458.787109375,118079.65625,129.0,162.0,1777.0,,,,,,105.50749451395762,,,,,,,3.9000000953674316,2.0
18101079540,Natación en piscina,swim,2025-01-25 16:46:19,4226.0400390625,3100.0,124.0,174.0,524.0,,,,,,1196.1722126434138,,,,,,11.300000190734863,2.9000000953674316,0.0
18097056763,Providencia - endurance en terreno mixto,run,2025-01-25 08:03:29,6087.05908203125,18769.7890625,139.0,153.0,1060.0,,,,,,324.25420367347044,173.109375,9.44000015258789,247.8000030517578,,,,3.5,0.10000000149011612
18092541706,Las Condes Carrera,run,2025-01-24 19:20:40,2021.7840576171875,5447.58984375,138.0,150.0,327.0,,,,,,371.19524791239934,170.890625,9.09000015258789,255.0,,,,2.200000047683716,0.0
18092538812,Las Condes - HIIT,bike,2025-01-24 16:03:21,7671.6337890625,42569.171875,118.0,181.0,904.0,,,,,,180.21265786584556,,,,,,,3.200000047683716,3.700000047683716
18087160275,Strength,str,2025-01-24 05:41:37,3952.18798828125,0.0,112.0,156.0,402.0,,,,,,,,,,,,,1.899999976158142,0.0
18084565076,Natación en piscina,swim,2025-01-23 18:30:59,4391.0849609375,3000.0,111.0,135.0,534.0,,,,,,1146.789018418109,,,,,,11.399999618530273,1.2999999523162842,0.0
18078983450,Las Condes Carrera,run,2025-01-23 06:58:05,1863.116943359375,5064.2998046875,126.0,138.0,290.0,,,,,,367.9175952389265,172.96875,9.419999694824218,261.70001220703125,,,,2.0999999046325684,0.0
18076084453,Strength,str,2025-01-22 19:20:35,2311.195068359375,0.0,82.0,123.0,117.0,,,,,,,,,,,,,0.30000001192092896,0.0
18075846713,Natación en piscina,swim,2025-01-22 18:15:37,3141.132080078125,2050.0,104.0,129.0,378.0,,,,,,1180.6375402859135,,,,,,11.600000381469727,0.699999988079071,0.0
18070126050,Vitacura - INTERVALOS,run,2025-01-22 05:49:33,4159.06787109375,12990.3203125,142.0,168.0,765.0,,,,,,320.2049407385144,179.078125,9.01999969482422,244.1999969482422,,,,3.5999999046325684,2.700000047683716
18067155003,Natación en piscina,swim,2025-01-21 18:44:42,3265.547119140625,2350.0,120.0,152.0,422.0,,,,,,1212.1212296358922,,,,,,11.300000190734863,2.200000047683716,0.0
18061081984,Las Condes Carrera,run,2025-01-21 06:49:34,1945.321044921875,5141.7099609375,129.0,141.0,305.0,,,,,,378.3579427082746,172.40625,9.509999847412109,262.1000061035156,,,,2.200000047683716,0.0
18060793709,Zwift - Nueva sesin de entrenamiento on Temple Trek in Watopia,bike,2025-01-21 05:37:47,3984.0,38827.80078125,133.0,149.0,631.0,165.0,170.8944230957666,,,,102.61672773150872,,,,,,,3.299999952316284,0.0
18058358964,Zwift - Temple Trek in Watopia,bike,2025-01-20 20:12:20,1565.0,11359.4404296875,93.0,105.0,112.0,74.0,76.07099005124968,,,,137.77900443521634,,,,,,,0.6000000238418579,0.0
18058148685,Strength,str,2025-01-20 18:57:19,3515.235107421875,0.0,89.0,119.0,215.0,,,,,,,,,,,,,0.30000001192092896,0.0
18052133524,Las Condes Carrera,run,2025-01-20 05:49:35,4005.218017578125,10868.900390625,128.0,138.0,620.0,,,,,,368.4598396902983,169.890625,9.819999694824219,261.1000061035156,,,,2.5999999046325684,0.0
18049162641,Strength,str,2025-01-19 17:17:09,1688.35302734375,0.0,76.0,111.0,71.0,,,,,,,,,,,,,0.10000000149011612,0.0
18046388555,Colina Carrera,run,2025-01-19 11:35:38,1329.1629638671875,5001.93994140625,173.0,183.0,302.0,,,,,,265.74541508338694,178.765625,9.600000000000001,218.6999969482422,,,,3.5,0.0
18046384365,Colina Ciclismo,bike,2025-01-19 08:03:18,11021.396484375,99551.796875,136.0,162.0,1775.0,,,,,,110.70519216701136,,,,,,,4.0,2.0
18040105856,Strength,str,2025-01-18 18:37:26,1974.947998046875,0.0,91.0,122.0,131.0,,,,,,,,,,,,,0.4000000059604645,0.0
18039917622,Natación en piscina,swim,2025-01-18 17:17:53,4105.8330078125,2825.0,110.0,133.0,489.0,,,,,,1200.4801858920744,,,,,,11.5,1.399999976158142,0.0
18035817407,Providencia Carrera,run,2025-01-18 08:06:33,6135.4560546875,21094.189453125,160.0,182.0,1257.0,,,,,,290.86678607937836,178.0,9.690000152587892,232.6999969482422,,,,4.699999809265137,1.100000023841858
18031023689,Las Condes Ciclismo,bike,2025-01-17 16:47:04,8242.7412109375,43990.0390625,119.0,168.0,1063.0,,,,,,187.37118606209515,,,,,,,3.0999999046325684,0.800000011920929
18016789705,Zwift - Nueva sesin de entrenamiento on Temple Trek in Watopia,bike,2025-01-16 05:46:14,3985.0,38844.98046875,137.0,159.0,631.0,165.0,171.12361706289593,,,,102.59567319311147,,,,,,,3.4000000953674316,0.0
18014011651,Strength,str,2025-01-15 19:06:32,2335.613037109375,0.0,87.0,125.0,138.0,,,,,,,,,,,,,0.30000001192092896,0.0
18014010971,Natación en piscina,swim,2025-01-15 17:59:04,2912.306884765625,2150.0,104.0,131.0,328.0,,,,,,1170.9602252748548,,,,,,10.899999618530273,1.399999976158142,0.0
18007818477,Vitacura Carrera,run,2025-01-15 05:41:38,3478.14208984375,12118.4296875,152.0,176.0,693.0,,,,,,287.0264091006918,183.125,8.35,238.1999969482422,,,,3.799999952316284,3.200000047683716
18005365554,Zwift - Temple Trek in Watopia,bike,2025-01-14 20:24:10,1951.0,15176.669921875,0.0,0.0,167.0,90.0,92.11552142239718,,,,128.56775722477582,,,,,,,,
18004833379,Strength,str,2025-01-14 18:31:32,2989.843994140625,0.0,105.0,145.0,260.0,,,,,,,,,,,,,1.0,0.0
17998988774,Las Condes Ciclismo,bike,2025-01-14 06:19:55,5747.53076171875,31674.8203125,107.0,159.0,586.0,,,,,,181.45526612591667,,,,,,,2.5,0.5
17995750846,Strength,str,2025-01-13 19:32:14,2429.68603515625,0.0,85.0,110.0,131.0,,,,,,,,,,,,,0.20000000298023224,0.0
17995481897,Natación en piscina,swim,2025-01-13 18:28:43,3228.012939453125,2150.0,111.0,140.0,376.0,,,,,,1170.9602252748548,,,,,,11.199999809265137,1.399999976158142,0.0
17989441117,Las Condes Carrera,run,2025-01-13 05:38:47,3370.5849609375,10559.0302734375,142.0,153.0,608.0,,,,,,319.1829022900817,171.734375,10.35999984741211,247.10000610351562,,,,3.299999952316284,0.0
17986728540,Strength,str,2025-01-12 17:58:48,2800.842041015625,0.0,115.0,167.0,290.0,,,,,,,,,,,,,2.5,0.0
17981365187,Zwift - Temple Trek in Watopia,bike,2025-01-12 05:48:46,9944.0,80452.7890625,105.0,128.0,930.0,97.0,100.90281370359754,,,,123.60939198253443,,,,,,,2.700000047683716,0.0
17976969993,Natación en piscina,swim,2025-01-11 16:54:23,3076.1279296875,2075.0,112.0,149.0,366.0,,,,,,1148.1056364027672,,,,,,10.899999618530273,1.600000023841858,0.0
17973548308,Providencia - LARGO,run,2025-01-11 07:49:01,4718.77490234375,16526.4296875,156.0,176.0,991.0,,,,,,285.55110602866074,178.421875,,,,,,4.699999809265137,0.0
17969258467,Ciclismo en sala,bike,2025-01-10 17:59:22,5592.44287109375,0.0,121.0,161.0,741.0,,,,,,,,,,,,,3.0,1.0
17963259205,Strength,str,2025-01-10 06:06:27,2243.554931640625,0.0,85.0,124.0,124.0,,,,,,,,,,,,,0.20000000298023224,0.0
17960674576,Natación en piscina,swim,2025-01-09 18:37:43,3055.508056640625,2000.0,112.0,137.0,355.0,,,,,,1207.7294553841602,,,,,,11.399999618530273,1.2999999523162842,0.0
17954950932,Zwift - Temple Trek in Watopia,bike,2025-01-09 06:08:34,3644.0,29055.80078125,0.0,0.0,328.0,94.0,95.52080708685912,,,,125.42330286970085,,,,,,,,
17951768774,Natación en piscina,swim,2025-01-08 17:39:02,3228.95703125,2150.0,111.0,130.0,385.0,,,,,,1231.5271290328287,,,,,,11.699999809265137,1.2999999523162842,0.0
17949242464,Vitacura - Fartlek,run,2025-01-08 06:27:06,3405.02587890625,11539.8701171875,149.0,168.0,701.0,,,,,,295.07229802590257,171.8125,9.26999969482422,252.3000030517578,,,,4.400000095367432,2.0
17922912076,Titusville Carrera,run,2025-01-05 08:47:56,1627.6219482421875,4836.22998046875,150.0,164.0,297.0,,,,,,336.5870127114581,180.078125,,,,,,2.700000047683716,0.0
17915049293,Titusville Carrera,run,2025-01-04 09:02:22,1702.498046875,5026.169921875,147.0,162.0,314.0,,,,,,338.753398696532,178.328125,,,,,,2.799999952316284,0.0
17896064176,Melbourne Carrera,run,2025-01-02 07:30:32,1798.218994140625,5073.06982421875,138.0,157.0,322.0,,,,,,354.4842129888342,173.03125,,,,,,2.5999999046325684,0.0
17892482758,Melbourne Carrera,run,2025-01-01 10:58:26,1805.1209716796875,5648.60009765625,147.0,167.0,347.0,,,,,,319.59092887773267,177.375,,,,,,3.0999999046325684,0.0
17882090396,Melbourne Carrera,run,2024-12-31 09:17:41,1820.4599609375,5318.02001953125,145.0,161.0,330.0,,,,,,342.3485103368861,174.25,,,,,,2.799999952316284,0.0
17857852880,Weston Carrera,run,2024-12-28 09:27:29,2653.740966796875,8011.990234375,139.0,157.0,475.0,,,,,,331.23550258698765,175.484375,,,,,,3.0,0.0
17833791451,Mogi Guaçu Carrera,run,2024-12-25 07:40:39,2889.208984375,9130.08984375,151.0,177.0,558.0,,,,,,316.45568760708557,173.046875,,,,,,3.4000000953674316,0.0
17827042415,Mogi Guaçu Carrera,run,2024-12-24 06:35:48,2795.322998046875,9128.0703125,146.0,164.0,535.0,,,,,,306.2787037886938,176.453125,,,,,,3.299999952316284,0.0
17820476196,Mogi Guaçu Carrera,run,2024-12-23 08:10:29,3297.381103515625,10284.58984375,147.0,167.0,622.0,,,,,,320.61558623070385,173.5625,,,,,,3.299999952316284,0.0
17813780189,Mogi Guaçu Carrera,run,2024-12-22 07:36:55,3356.868896484375,10302.1396484375,144.0,172.0,624.0,,,,,,325.8390349089391,172.8125,,,,,,3.299999952316284,0.0
17806564063,Las Condes - endurance plano,run,2024-12-21 05:40:39,7057.68212890625,23170.419921875,144.0,160.0,1291.0,,,,,,304.59945242884845,177.171875,9.60999984741211,243.60000610351562,,,,4.0,0.0
17805484710,Las Condes Ciclismo,bike,2024-12-20 17:33:03,7415.88916015625,39269.23828125,122.0,175.0,921.0,,,,,,188.85740993226122,,,,,,,3.0,1.100000023841858
17799851551,Las Condes Carrera,run,2024-12-20 05:32:54,3773.27392578125,10347.3095703125,125.0,135.0,581.0,,,,,,364.697287540969,172.078125,9.450000000000001,259.20001220703125,,,,2.5999999046325684,0.0
17792811030,Zwift - Temple Trek in Watopia,bike,2024-12-19 05:30:47,3696.0,29902.169921875,0.0,0.0,352.0,99.0,102.16112236823825,,,,123.60939198253443,,,,,,,,
17790678688,Las Condes Carrera,run,2024-12-18 18:18:07,3584.509033203125,10189.0595703125,133.0,154.0,567.0,,,,,,351.7411265600987,173.421875,9.10999984741211,262.70001220703125,,,,2.5999999046325684,0.0
17778036402,Zwift - Temple Trek in Watopia,bike,2024-12-17 05:31:23,3628.0,29283.740234375,0.0,0.0,346.0,99.0,101.33993996807285,,,,123.90038256861557,,,,,,,,
17770930503,Las Condes Carrera,run,2024-12-16 05:59:45,3899.9208984375,10573.3896484375,126.0,136.0,600.0,,,,,,368.8675812113845,171.9375,9.15999984741211,261.6000061035156,,,,2.5,0.0
17766670025,Colina Carrera,run,2024-12-15 11:39:39,1642.842041015625,6011.35009765625,170.0,179.0,363.0,,,,,,273.2987214795271,180.640625,9.4,230.39999389648438,,,,3.5999999046325684,0.10000000149011612
17766667178,Colina - intervalos endurance + race pace,bike,2024-12-15 07:50:29,11938.5302734375,108696.34375,132.0,174.0,1768.0,,,,,,109.82976938781752,,,,,,,3.700000047683716,1.7999999523162842
17758026181,Providencia - endurance en cerro,run,2024-12-14 07:43:38,6856.5927734375,23005.400390625,158.0,175.0,1380.0,,,,,,298.06259145004685,179.0625,9.469999694824219,236.39999389648438,,,,4.800000190734863,0.0
17749923061,Las Condes Carrera,run,2024-12-13 05:24:20,3440.639892578125,10291.5703125,145.0,157.0,609.0,,,,,,334.33634939617764,172.171875,9.850000000000001,246.60000610351562,,,,3.0999999046325684,0.0
17747851675,Las Condes Ciclismo,bike,2024-12-12 17:52:43,6817.5771484375,31452.83984375,120.0,168.0,851.0,,,,,,216.7786729227813,,,,,,,2.799999952316284,0.20000000298023224
17743112656,Zwift - Temple Trek in Watopia,bike,2024-12-12 05:40:05,5427.0,39975.23828125,0.0,0.0,466.0,89.0,91.43957142962049,,,,135.77732940624094,,,,,,,,
17740980244,Las Condes Carrera,run,2024-12-11 19:26:44,2537.533935546875,6423.75,120.0,140.0,371.0,,,,,,395.10076647195973,156.390625,,,,,,2.700000047683716,0.0
17735607570,Zwift - Temple Trek in Watopia,bike,2024-12-11 05:27:32,3626.0,28452.099609375,0.0,0.0,325.0,93.0,95.20709075772976,,,,127.45347631965106,,,,,,,,
17728165051,Zwift - bike rodillo sweet TT on Temple Trek in Watopia,bike,2024-12-10 05:58:02,4531.0,41625.9609375,0.0,0.0,659.0,152.0,172.28514884347456,,,,108.86131222722408,,,,,,,,
17728459111,Strength,str,2024-12-09 19:18:35,3346.360107421875,0.0,79.0,115.0,150.0,,,,,,,,,,,,,0.10000000149011612,0.0
17721141595,Las Condes Carrera,run,2024-12-09 05:44:26,3717.5380859375,10460.8095703125,133.0,148.0,604.0,,,,,,355.3660407373828,173.40625,9.11999969482422,260.3999938964844,,,,2.799999952316284,0.0
17716132879,Colina Carrera,run,2024-12-08 12:04:18,1090.0419921875,4006.639892578125,163.0,172.0,235.0,,,,,,272.03481170575515,182.1875,8.70999984741211,229.8000030517578,,,,3.0999999046325684,0.0
17716130218,Colina - intervalos tempo,bike,2024-12-08 07:51:07,12909.267578125,116768.4765625,138.0,170.0,2104.0,,,,,,110.55831858099167,,,,,,,4.5,2.5
17707781389,Providencia - endurance en terreno mixto,run,2024-12-07 07:39:50,6625.5888671875,22149.2109375,156.0,176.0,1319.0,,,,,,299.13252150723906,178.5625,9.15,235.10000610351562,,,,4.599999904632568,0.0
17704194865,Las Condes Carrera,run,2024-12-06 19:24:49,1290.511962890625,4815.5,160.0,170.0,275.0,,,,,,268.0246621050821,179.46875,8.84000015258789,233.89999389648438,,,,3.200000047683716,0.0
17704077042,Las Condes Ciclismo,bike,2024-12-06 16:45:30,8756.1484375,43214.30859375,107.0,166.0,873.0,,,,,,202.63424753694522,,,,,,,3.0,1.600000023841858
17701966336,Natación en piscina,swim,2024-12-06 11:43:42,2932.95703125,2025.0,111.0,152.0,350.0,,,,,,1160.0928228262283,,,,,,11.100000381469727,1.399999976158142,0.10000000149011612
17692658058,Zwift - Temple Trek in Watopia,bike,2024-12-05 05:29:08,3619.0,29289.19921875,0.0,0.0,342.0,99.0,99.96567079943829,,,,123.56356716834041,,,,,,,,
17690711360,Natación en piscina,swim,2024-12-04 17:28:48,2550.47705078125,1950.0,112.0,130.0,324.0,,,,,,1160.0928228262283,,,,,,11.199999809265137,1.100000023841858,0.0
17685433841,Las Condes - sesión pista,run,2024-12-04 05:58:34,4204.97900390625,13082.009765625,143.0,162.0,750.0,,,,,,321.4400451240298,171.25,7.95999984741211,252.8000030517578,,,,3.5999999046325684,0.6000000238418579
17682723712,Natación en piscina,swim,2024-12-03 18:43:49,2559.243896484375,2000.0,105.0,123.0,332.0,,,,,,1133.786810681936,,,,,,11.0,0.699999988079071,0.0
17677175209,Zwift - Temple Trek in Watopia,bike,2024-12-03 05:37:25,3082.0,24347.1796875,0.0,0.0,275.0,93.0,96.7063445490696,,,,126.59830089263141,,,,,,,,
17669651177,Las Condes Carrera,run,2024-12-02 05:49:57,3536.868896484375,9678.98046875,125.0,135.0,537.0,,,,,,365.3635382467131,173.375,8.640000152587891,261.70001220703125,,,,2.5,0.0
17664742299,Colina - intervalos endurance,bike,2024-12-01 07:57:41,11365.62890625,108585.8828125,133.0,173.0,1771.0,,,,,,104.6682028868762,,,,,,,4.300000190734863,3.4000000953674316
17656043738,Providencia - z2,run,2024-11-30 08:08:11,5666.47607421875,18106.490234375,148.0,168.0,1067.0,,,,,,312.98905192309024,178.03125,8.80999984741211,247.6999969482422,,,,4.0,0.0
17652049676,Las Condes Ciclismo,bike,2024-11-29 17:04:30,8457.298828125,43466.44921875,128.0,173.0,1243.0,,,,,,194.5525342364914,,,,,,,3.5999999046325684,2.0
17651248931,Natación en piscina,swim,2024-11-29 15:18:33,3133.52099609375,2400.0,120.0,150.0,397.0,,,,,,1132.5028104635783,,,,,,11.0,2.0,0.0
17647573996,Las Condes Carrera,run,2024-11-29 05:31:35,3034.4619140625,9039.8896484375,137.0,152.0,519.0,,,,,,335.683104822858,176.484375,8.85,256.6000061035156,,,,3.0,0.0
17645588932,Natación en piscina,swim,2024-11-28 18:39:24,2709.802001953125,2050.0,107.0,124.0,340.0,,,,,,1132.5028104635783,,,,,,11.199999809265137,1.0,0.0
17640447318,Zwift - Temple Trek in Watopia,bike,2024-11-28 05:58:45,3614.0,29328.390625,0.0,0.0,350.0,101.0,102.78844029259484,,,,123.22859250829163,,,,,,,,
17633095445,Las Condes Carrera,run,2024-11-27 05:59:55,3573.2529296875,11153.7802734375,144.0,162.0,675.0,,,,,,320.41011967298533,181.015625,,,,,,3.5,0.10000000149011612
17630609725,Natación en piscina,swim,2024-11-26 19:08:24,2573.16796875,2000.0,111.0,135.0,339.0,,,,,,1109.8778852351954,,,,,,10.899999618530273,1.100000023841858,0.0
17625026711,Zwift - Temple Trek in Watopia,bike,2024-11-26 05:26:00,4232.0,34728.6484375,0.0,0.0,410.0,101.0,102.51337382690166,,,,121.86204728509061,,,,,,,,
17622807981,Zwift - Temple Trek in Watopia,bike,2024-11-25 19:55:45,1956.0,17002.669921875,0.0,0.0,215.0,115.0,117.13840273084507,,,,115.04831514436283,,,,,,,,
17622594881,Strength,str,2024-11-25 18:54:20,2950.324951171875,0.0,105.0,148.0,261.0,,,,,,,,,,,,,2.0,0.0
17617492049,Las Condes Carrera,run,2024-11-25 06:13:20,2580.80908203125,7524.31982421875,136.0,148.0,441.0,,,,,,343.0531777311973,178.015625,8.6,258.1000061035156,,,,2.9000000953674316,0.0
17614763234,Lo Barnechea Ciclismo,bike,2024-11-24 10:51:34,4557.701171875,34240.23828125,101.0,159.0,356.0,,,,,,133.10262191890874,,,,,,,2.0999999046325684,1.600000023841858
17614740197,Las Condes Ciclismo,bike,2024-11-24 07:30:43,8236.0927734375,33961.80078125,124.0,162.0,1108.0,,,,,,242.48302192653077,,,,,,,3.0999999046325684,0.699999988079071
17607680960,Natación en piscina,swim,2024-11-23 17:35:15,2906.888916015625,2100.0,112.0,136.0,362.0,,,,,,1153.4025590536294,,,,,,11.300000190734863,1.399999976158142,0.0
17603512643,Providencia Carrera,run,2024-11-23 08:06:59,3694.968017578125,11277.400390625,138.0,150.0,651.0,,,,,,327.65399246434816,180.640625,8.180000305175781,256.1000061035156,,,,3.200000047683716,0.0
17600133965,Las Condes Ciclismo,bike,2024-11-22 17:23:26,9528.8994140625,44775.23828125,120.0,162.0,1159.0,,,,,,212.8112417889177,,,,,,,3.0999999046325684,0.20000000298023224
17593383947,Strength,str,2024-11-21 19:27:07,1641.0479736328125,0.0,83.0,122.0,85.0,,,,,,,,,,,,,0.20000000298023224,0.0
17593255389,Las Condes Carrera,run,2024-11-21 18:16:35,3436.7060546875,10296.16015625,144.0,161.0,610.0,,,,,,333.7783654242136,174.15625,,,,,,3.200000047683716,0.0
17586338318,Zwift - Temple Trek in Watopia,bike,2024-11-20 19:43:07,3623.0,28542.7890625,0.0,0.0,323.0,93.0,94.55011906047874,,,,126.93577400363397,,,,,,,,
17578401857,Yoga,str,2024-11-19 19:42:22,836.8709716796875,0.0,77.0,110.0,30.0,,,,,,,,,,,,,0.0,0.0
17578241965,Las Condes Carrera,run,2024-11-19 18:48:05,2448.705078125,7413.14013671875,142.0,162.0,442.0,,,,,,330.3600979130852,177.453125,,,,,,3.0,0.0
17559735879,Valdivia Natación en aguas abiertas,swim,2024-11-17 10:27:52,1987.1009521484375,1615.25,140.0,151.0,271.0,,,,,,1230.0122647733551,,,,,,,2.700000047683716,0.0
17546665036,Valdivia Carrera,run,2024-11-15 18:12:42,1655.9849853515625,4357.490234375,150.0,164.0,297.0,,,,,,380.0836123341151,179.78125,,,,,,2.5999999046325684,0.0
17546663597,Valdivia Natación en aguas abiertas,swim,2024-11-15 10:13:15,1174.6510009765625,976.489990234375,119.0,142.0,165.0,,,,,,1203.3694772277972,,,,,,,1.2999999523162842,0.0
17546662320,Natación en piscina,swim,2024-11-12 18:44:21,2654.27001953125,2050.0,117.0,141.0,341.0,,,,,,1137.656417267228,,,,,,11.5,1.600000023841858,0.0
17518701499,Zwift - Temple Trek in Watopia,bike,2024-11-12 06:41:31,3636.0,30581.080078125,0.0,0.0,382.0,109.0,111.32835961245611,,,,118.90606636666182,,,,,,,,
17510057906,Zwift - Mayan San Remo in Watopia,bike,2024-11-11 05:35:24,3611.0,27242.419921875,0.0,0.0,404.0,117.0,118.23177632219226,,,,132.5556707687261,,,,,,,,
17504986503,Strength,str,2024-11-10 11:45:45,399.75799560546875,0.0,69.0,94.0,10.0,,,,,,,,,,,,,0.0,0.0
17504857908,Las Condes Ciclismo,bike,2024-11-10 09:34:34,7066.60302734375,40166.1015625,106.0,152.0,629.0,,,,,,175.93244147000073,,,,,,,2.200000047683716,0.10000000149011612
17499130433,Natación en piscina,swim,2024-11-09 17:35:00,2704.93701171875,2025.0,117.0,141.0,340.0,,,,,,1175.0881164659336,,,,,,11.5,1.7000000476837158,0.0
17496916820,Yoga,str,2024-11-09 12:16:51,900.7960205078125,0.0,72.0,102.0,25.0,,,,,,,,,,,,,0.0,0.0
17496727410,Vitacura Ciclismo,bike,2024-11-09 11:49:59,1265.4329833984375,6347.009765625,93.0,123.0,82.0,,,,,,199.36204965456872,,,,,,,0.20000000298023224,0.0
17496387266,Las Condes Ciclismo,bike,2024-11-09 08:34:48,8245.626953125,40359.421875,103.0,148.0,712.0,,,,,,204.29009272656268,,,,,,,2.0,0.10000000149011612
17490499273,Natación en piscina,swim,2024-11-08 15:43:57,3631.243896484375,2625.0,115.0,135.0,447.0,,,,,,1127.3956849867059,,,,,,11.399999618530273,1.7000000476837158,0.0
17486468346,Zwift - Going Coastal in Watopia,bike,2024-11-08 05:40:47,3634.0,28940.599609375,0.0,0.0,375.0,108.0,109.00634558716979,,,,125.58081407955306,,,,,,,,
17478652044,Zwift - Temple Trek in Watopia,bike,2024-11-07 05:31:51,3930.0,34161.5390625,0.0,0.0,428.0,114.0,116.03994712850353,,,,115.04831514436283,,,,,,,,
17476678428,Natación en piscina,swim,2024-11-06 18:38:52,3016.22509765625,2100.0,117.0,138.0,363.0,,,,,,1146.789018418109,,,,,,11.300000190734863,1.899999976158142,0.0
17470776667,Zwift - Temple Trek in Watopia,bike,2024-11-06 06:13:40,3635.0,30116.41015625,0.0,0.0,361.0,104.0,105.8650881335211,,,,120.7000625730076,,,,,,,,
17462214164,Zwift - race pace on Going Coastal in Watopia,bike,2024-11-05 05:44:36,4211.0,37267.1015625,72.0,153.0,615.0,152.0,169.1847780917269,,,,113.0071197408213,,,,,,,3.299999952316284,0.0
17454179750,Strength,str,2024-11-04 06:16:53,3099.65087890625,0.0,121.0,157.0,414.0,,,,,,,,,,,,,2.299999952316284,0.0
17453905886,Zwift - Temple Trek in Watopia,bike,2024-11-04 05:21:32,3132.0,24888.0703125,0.0,0.0,297.0,99.0,100.83174404136976,,,,125.8494824462598,,,,,,,,
17449139196,Natación en piscina,swim,2024-11-03 11:40:43,2638.944091796875,1800.0,120.0,152.0,325.0,,,,,,1090.5125459977885,,,,,,10.699999809265137,2.0,0.0
17447992664,Las Condes Ciclismo,bike,2024-11-03 08:53:41,7588.73388671875,44983.859375,115.0,156.0,832.0,,,,,,168.69095892451665,,,,,,,2.5999999046325684,0.30000001192092896
17442702151,Natación en piscina,swim,2024-11-02 18:11:58,3550.693115234375,2600.0,116.0,142.0,447.0,,,,,,1141.5525281929633,,,,,,11.100000381469727,1.7999999523162842,0.0
17439447971,Colina - race pace,bike,2024-11-02 08:11:47,9864.8447265625,86736.6484375,133.0,159.0,1505.0,,,,,,113.72682529712979,,,,,,,4.5,1.7000000476837158
17432383534,Natación en piscina,swim,2024-11-01 11:43:18,3462.35595703125,2600.0,110.0,132.0,445.0,,,,,,1057.0824748101063,,,,,,11.100000381469727,1.399999976158142,0.0
17431426540,Las Condes Ciclismo,bike,2024-11-01 08:56:23,7115.31494140625,45080.69140625,109.0,153.0,711.0,,,,,,157.8282836834918,,,,,,,2.4000000953674316,0.20000000298023224
17424351799,Las Condes Ciclismo,bike,2024-10-31 09:05:24,8486.74609375,44566.94140625,99.0,148.0,722.0,,,,,,190.439918835068,,,,,,,1.7000000476837158,0.10000000149011612
17419155233,Zwift - Going Coastal in Watopia,bike,2024-10-30 18:33:12,3609.0,27616.44921875,105.0,120.0,302.0,87.0,0.0,0.0,0.0,,,,0.0,0.0,,,0.0,2.0,0.0
17419177351,Strength,str,2024-10-30 17:26:33,3382.44189453125,0.0,101.0,140.0,288.0,,,,,,,,,,,,,1.0,0.0
17413362378,Zwift - Beach Island Loop in Watopia,bike,2024-10-30 05:22:39,3636.0,28157.650390625,0.0,0.0,341.0,98.0,99.30407731371888,,,,129.13223210467513,,,,,,,,
17411060452,Natación en piscina,swim,2024-10-29 19:03:31,3826.27197265625,2725.0,116.0,140.0,476.0,,,,,,1098.9010672309587,,,,,,11.0,2.0,0.0
17405279427,Zwift - Beach Island Loop in Watopia,bike,2024-10-29 06:18:11,3628.0,26894.529296875,0.0,0.0,311.0,90.0,91.15965654937452,,,,134.89814995161515,,,,,,,,
17402501464,Strength,str,2024-10-28 19:17:00,3067.68505859375,0.0,98.0,127.0,238.0,,,,,,,,,,,,,0.800000011920929,0.0
17396617443,Zwift - Beach Island Loop in Watopia,bike,2024-10-28 05:30:57,3652.0,27351.650390625,101.0,113.0,326.0,93.0,94.41746111688798,,,,133.5291789136479,,,,,,,2.0,0.0
17391350984,Puente Alto - race pace,bike,2024-10-27 08:10:46,9333.84765625,81353.921875,144.0,173.0,1682.0,,,,,,114.731533446222,,,,,,,5.0,3.4000000953674316
17382285541,Las Condes Ciclismo,bike,2024-10-26 08:15:17,5793.380859375,24083.140625,100.0,142.0,531.0,,,,,,240.5580910271453,,,,,,,2.0,0.0
17376808892,Natación en piscina,swim,2024-10-25 18:32:32,2212.541015625,1900.0,111.0,132.0,318.0,,,,,,1044.9320606714236,,,,,,11.100000381469727,1.2000000476837158,0.0
17376246707,Las Condes Ciclismo,bike,2024-10-25 15:39:04,5668.95703125,25709.5,109.0,146.0,620.0,,,,,,220.50717390225458,,,,,,,2.299999952316284,0.30000001192092896
17371837358,Zwift - Volcano Flat in Watopia,bike,2024-10-25 05:25:44,3624.0,28962.5390625,0.0,0.0,338.0,97.0,98.14755009445679,,,,125.14078063331085,,,,,,,,
17372020276,Strength,str,2024-10-24 19:07:31,3314.611083984375,0.0,90.0,126.0,214.0,,,,,,,,,,,,,0.5,0.0
17363848887,Zwift - Beach Island Loop in Watopia,bike,2024-10-24 05:38:42,3701.0,28213.939453125,0.0,0.0,333.0,94.0,95.30579446687285,,,,131.18194686921976,,,,,,,,
17361141417,Zwift - Beach Island Loop in Watopia,bike,2024-10-23 18:17:42,3609.0,26347.580078125,0.0,0.0,297.0,86.0,86.72099010862395,,,,136.98629779067633,,,,,,,,
17355428541,Zwift - Beach Island Loop in Watopia,bike,2024-10-23 05:30:40,3648.0,26443.55078125,0.0,0.0,302.0,86.0,87.75620858910206,,,,137.9690921633841,,,,,,,,
17352474379,Natación en piscina,swim,2024-10-22 17:33:30,4037.85888671875,3025.0,114.0,138.0,516.0,,,,,,1101.3215951568468,,,,,,11.199999809265137,2.0,0.0
17346645644,Zwift - Beach Island Loop in Watopia,bike,2024-10-22 05:27:06,3641.0,27742.779296875,0.0,0.0,336.0,96.0,98.8550160933109,,,,131.25082104049136,,,,,,,,
17347149616,Strength,str,2024-10-21 19:21:21,4793.06591796875,0.0,84.0,130.0,260.0,,,,,,,,,,,,,0.6000000238418579,0.0
17338415002,Zwift - Beach Island Loop in Watopia,bike,2024-10-21 05:56:23,3695.0,27860.599609375,0.0,0.0,320.0,90.0,91.77683686288881,,,,132.6259953659523,,,,,,,,
17332394722,Natación en piscina,swim,2024-10-20 09:38:32,3514.705078125,2500.0,115.0,143.0,429.0,,,,,,1097.6948247466444,,,,,,11.399999618530273,2.0999999046325684,0.0
17331566099,Zwift - Beach Island Loop in Watopia,bike,2024-10-20 08:04:27,3349.0,25826.869140625,0.0,0.0,301.0,94.0,95.1242489636021,,,,129.6848663535698,,,,,,,,
17331561484,Natación en piscina,swim,2024-10-19 18:49:03,1545.8370361328125,1200.0,119.0,135.0,198.0,,,,,,1158.7485842169795,,,,,,11.199999809265137,1.399999976158142,0.0
17324068837,Colina Ciclismo,bike,2024-10-19 08:11:05,10482.0703125,96575.8984375,145.0,168.0,1917.0,,,,,,108.54227371145541,,,,,,,5.0,2.700000047683716
17318289228,Natación en piscina,swim,2024-10-18 15:36:25,4009.39501953125,3000.0,132.0,164.0,516.0,,,,,,1090.5125459977885,,,,,,10.800000190734863,3.0,0.10000000149011612
17314075361,Zwift - Volcano Flat in Watopia,bike,2024-10-18 05:28:44,3895.0,32862.76171875,0.0,0.0,429.0,115.0,116.90596349278275,,,,118.52553839587397,,,,,,,,
17306081062,Zwift - Volcano Flat in Watopia,bike,2024-10-17 05:20:01,3630.0,30698.1796875,0.0,0.0,393.0,113.0,114.59853699475734,,,,118.25921963143466,,,,,,,,
17303789111,Natación en piscina,swim,2024-10-16 19:10:21,3584.469970703125,2800.0,122.0,141.0,470.0,,,,,,1104.9724106226677,,,,,,10.899999618530273,2.0999999046325684,0.0
17298266691,Strength,str,2024-10-16 07:07:13,1897.4449462890625,0.0,112.0,134.0,217.0,,,,,,,,,,,,,1.399999976158142,0.0
17289735412,Strength,str,2024-10-15 07:03:21,2741.64306640625,0.0,107.0,142.0,260.0,,,,,,,,,,,,,1.399999976158142,0.0
17289225473,Zwift - Beach Island Loop in Watopia,bike,2024-10-15 05:27:13,4053.0,32354.51953125,0.0,0.0,413.0,106.0,107.45983944088051,,,,125.2818862153735,,,,,,,,
17286928175,Natación en piscina,swim,2024-10-14 19:04:28,4167.4228515625,3200.0,122.0,145.0,541.0,,,,,,1127.3956849867059,,,,,,11.0,2.200000047683716,0.0
17274872431,Las Condes Ciclismo,bike,2024-10-13 08:36:09,3207.613037109375,13045.4501953125,126.0,158.0,502.0,,,,,,245.88149042861062,,,,,,,2.9000000953674316,0.0
17274869965,Strength,str,2024-10-12 17:50:00,3651.41796875,0.0,92.0,126.0,251.0,,,,,,,,,,,,,0.5,0.0
17266577535,Natación en piscina,swim,2024-10-12 09:27:15,4006.256103515625,3000.0,126.0,155.0,525.0,,,,,,1068.3760803501186,,,,,,10.800000190734863,2.4000000953674316,0.0
17265370500,Zwift - Volcano Flat in Watopia,bike,2024-10-12 07:36:11,2848.0,24063.609375,0.0,0.0,305.0,112.0,114.48122459071924,,,,118.35719701258063,,,,,,,,
17261590896,Natación en piscina,swim,2024-10-11 18:12:36,2772.787109375,1850.0,117.0,138.0,328.0,,,,,,1203.3694772277972,,,,,,11.0,1.7999999523162842,0.0
17248993738,Zwift - Volcano Flat in Watopia,bike,2024-10-10 06:28:53,3658.0,30387.470703125,0.0,0.0,380.0,108.0,113.07934509589975,,,,120.3803997487636,,,,,,,,
17245800796,Natación en piscina,swim,2024-10-09 17:44:46,2541.10205078125,2075.0,122.0,140.0,343.0,,,,,,1132.5028104635783,,,,,,11.399999618530273,1.899999976158142,0.0
17240928468,Zwift - Volcano Flat in Watopia,bike,2024-10-09 06:23:00,3875.0,33237.62890625,113.0,126.0,429.0,116.0,117.22376174051584,,,,116.5908871562069,,,,,,,2.0999999046325684,0.0
17238155760,Strength,str,2024-10-08 19:07:59,1647.9210205078125,0.0,77.0,100.0,59.0,,,,,,,,,,,,,0.0,0.0
17237728890,Zwift - Volcano Flat in Watopia,bike,2024-10-08 17:46:04,4522.0,36400.421875,102.0,117.0,453.0,104.0,106.31080041625444,,,,124.2390392024254,,,,,,,2.0,0.0
17219206352,Las Condes Carrera,run,2024-10-06 11:36:05,1238.2139892578125,3689.070068359375,143.0,163.0,227.0,,,,,,335.683104822858,189.875,7.130000305175781,250.8000030517578,,,,2.4000000953674316,0.0
17196677319,Strength,str,2024-10-03 19:36:46,3171.658935546875,0.0,91.0,122.0,210.0,,,,,,,,,,,,,0.4000000059604645,0.0
17196284100,Natación en piscina,swim,2024-10-03 18:23:33,2330.967041015625,2050.0,104.0,131.0,334.0,,,,,,1085.7763255788186,,,,,,11.0,0.699999988079071,0.0
17191180212,Zwift - Z2 on Volcano Flat in Watopia,bike,2024-10-03 06:15:26,4523.0,41995.19921875,128.0,144.0,612.0,141.0,148.55735660610267,,,,107.71218841743897,,,,,,,2.700000047683716,0.0
17187863195,Natación en piscina,swim,2024-10-02 17:46:06,2463.998046875,2025.0,123.0,141.0,332.0,,,,,,1148.1056364027672,,,,,,11.199999809265137,1.899999976158142,0.0
17174382571,Zwift - Sweet spot on Volcano Flat in Watopia,bike,2024-10-01 06:18:26,4757.0,46750.4296875,0.0,0.0,732.0,161.0,175.49641309328982,,,,101.76045936301114,,,,,,,,
17171692877,Zwift - Beach Island Loop in Watopia,bike,2024-09-30 20:26:53,2732.0,21213.94921875,0.0,0.0,264.0,101.0,103.30084453900986,,,,128.7995888538515,,,,,,,,
17171461464,Strength,str,2024-09-30 19:29:32,3032.7109375,0.0,83.0,116.0,166.0,,,,,,,,,,,,,0.20000000298023224,0.0
17138694887,Yoga,str,2024-09-26 19:06:20,699.3200073242188,0.0,72.0,98.0,22.0,,,,,,,,,,,,,0.0,0.0
17138463716,Zwift - Beach Island Loop in Watopia,bike,2024-09-26 17:55:14,1828.0,13341.2099609375,104.0,116.0,152.0,87.0,88.75881145110024,,,,137.02384479858398,,,,,,,0.699999988079071,0.0
17131611242,Natación en piscina,swim,2024-09-25 19:07:11,2861.181884765625,2350.0,122.0,143.0,384.0,,,,,,1154.7344155361916,,,,,,11.300000190734863,1.7999999523162842,0.0
17125818049,Zwift - Volcano Flat in Watopia,bike,2024-09-25 07:22:00,2131.0,16304.76953125,95.0,112.0,174.0,85.0,89.10258680359667,,,,130.70186864572887,,,,,,,0.800000011920929,0.0
17131610766,Yoga,str,2024-09-24 20:01:42,686.4949951171875,0.0,97.0,230.0,28.0,,,,,,,,,,,,,0.0,0.0
17122462117,Zwift - rodillo suave on Volcano Flat in Watopia,bike,2024-09-24 18:46:04,2737.0,24149.009765625,113.0,122.0,338.0,129.0,131.75192259823072,,,,113.34013432940039,,,,,,,1.899999976158142,0.0
17104348130,Ciudad de Buenos Aires Carrera,run,2024-09-22 07:01:44,12194.931640625,42725.8984375,163.0,172.0,2546.0,,,,,,285.38813204824083,183.109375,8.45999984741211,242.8000030517578,,,,5.0,0.0
17094386502,Ciudad de Buenos Aires - easy run,run,2024-09-21 09:42:07,1498.4119873046875,3866.610107421875,130.0,144.0,241.0,,,,,,387.59691068654945,180.09375,7.25999984741211,272.5,,,,1.899999976158142,0.0
17075837896,Las Condes - easy run,run,2024-09-19 09:29:02,2009.862060546875,5892.25,124.0,136.0,325.0,,,,,,341.0641291513152,180.9375,7.719999694824219,262.5,,,,2.0999999046325684,0.0
17074758453,Zwift - RODILLO SUAVE on Volcano Flat in Watopia,bike,2024-09-19 08:07:02,2723.0,22826.060546875,100.0,114.0,292.0,112.0,113.78130892732939,,,,119.30326934393305,,,,,,,1.399999976158142,0.0
17066328549,Providencia Carrera,run,2024-09-18 08:42:49,3067.464111328125,10886.7998046875,150.0,164.0,636.0,,,,,,281.7695105701254,186.6875,8.280000305175781,236.10000610351562,,,,3.5,0.0
17065547069,Yoga,str,2024-09-17 18:19:05,704.1900024414062,0.0,69.0,83.0,21.0,,,,,,,,,,,,,0.0,0.0
17055996567,Las Condes - easy run,run,2024-09-17 06:38:04,2423.666015625,7814.72021484375,138.0,153.0,448.0,,,,,,310.1736994724915,178.953125,8.569999694824219,250.10000610351562,,,,2.700000047683716,0.0
17055630314,Zwift - RODILLO SUAVE on Beach Island Loop in Watopia,bike,2024-09-17 05:45:11,2737.0,22896.8203125,109.0,121.0,306.0,117.0,118.68468034012797,,,,119.54572951127867,,,,,,,1.600000023841858,0.0
17047204027,Las Condes Carrera,run,2024-09-16 05:52:40,2772.326904296875,8175.6201171875,158.0,176.0,532.0,,,,,,339.0980129197166,173.5625,,,,,,3.0,0.0
17041578426,Colina Ciclismo,bike,2024-09-15 08:24:42,11593.2958984375,77161.09375,135.0,169.0,1817.0,,,,,,150.24038151556843,,,,,,,4.800000190734863,2.299999952316284
17035075019,Natación en piscina,swim,2024-09-14 16:11:58,2585.205078125,2000.0,110.0,134.0,324.0,,,,,,1140.25088866654,,,,,,11.0,1.2000000476837158,0.0
17031837614,Providencia - largo aerobico,run,2024-09-14 08:23:04,5701.55810546875,20147.640625,154.0,173.0,1186.0,,,,,,282.9654846259142,180.1875,9.180000305175781,235.8000030517578,,,,4.0,0.0
17026491513,Natación en piscina,swim,2024-09-13 15:36:29,3608.27099609375,2800.0,107.0,131.0,459.0,,,,,,1136.363642521141,,,,,,11.300000190734863,1.0,0.0
17023977404,Las Condes Carrera,run,2024-09-13 05:26:03,2730.256103515625,8556.6904296875,142.0,153.0,512.0,,,,,,319.08104017748565,177.0625,9.15,251.39999389648438,,,,2.799999952316284,0.0
17021711304,Strength,str,2024-09-12 19:34:55,3605.712890625,0.0,89.0,133.0,238.0,,,,,,,,,,,,,0.4000000059604645,0.0
17013938363,Zwift - RODILLO LARGO on Volcano Flat in Watopia,bike,2024-09-12 05:32:55,4693.0,43125.9296875,116.0,138.0,649.0,144.0,155.72923711821497,,,,108.82576840628248,,,,,,,2.700000047683716,0.0
17011524724,Natación en piscina,swim,2024-09-11 18:47:07,2550.98193359375,1950.0,107.0,127.0,316.0,,,,,,1158.7485842169795,,,,,,10.800000190734863,0.8999999761581421,0.0
17005542036,Las Condes - Intervalos Pista umbral,run,2024-09-11 06:01:11,4213.171875,14999.1103515625,147.0,170.0,831.0,,,,,,280.89888091942777,183.6875,7.75,243.8000030517578,,,,3.700000047683716,0.800000011920929
17004726739,Natación en piscina,swim,2024-09-10 18:47:22,3141.27587890625,2300.0,117.0,140.0,392.0,,,,,,1180.6375402859135,,,,,,10.699999809265137,1.7000000476837158,0.0
16996080658,Zwift - Aerobico on Volcano Flat in Watopia,bike,2024-09-10 05:22:20,4241.0,39526.390625,114.0,135.0,587.0,144.0,160.71012097863843,,,,107.29614085238022,,,,,,,2.700000047683716,0.0
16993253752,Strength,str,2024-09-09 17:55:24,4210.18798828125,0.0,88.0,139.0,263.0,,,,,,,,,,,,,0.6000000238418579,0.0
16989455937,Las Condes Carrera,run,2024-09-09 05:25:26,3330.906982421875,10811.4404296875,139.0,157.0,618.0,,,,,,308.07146769402596,180.0625,8.790000152587892,245.6999969482422,,,,3.0,0.0
16983363335,Colina - z2,run,2024-09-08 12:44:04,1502.197998046875,5703.240234375,161.0,169.0,337.0,,,,,,263.3658198798777,183.15625,8.8,227.39999389648438,,,,3.200000047683716,0.0
16983241767,Colina Ciclismo en ruta,bike,2024-09-08 08:37:57,13013.201171875,121933.109375,130.0,161.0,1867.0,144.0,163.08455434300885,,,,106.72358721596001,,,,,,,,
16975657800,Natación en piscina,swim,2024-09-07 16:26:25,2760.2958984375,2075.0,105.0,120.0,340.0,,,,,,1146.789018418109,,,,,,11.199999809265137,0.800000011920929,0.0
16972617770,Providencia - largo específico 3 x 30 MP,run,2024-09-07 08:01:03,8419.7587890625,30411.720703125,157.0,170.0,1760.0,,,,,,276.8549288948929,180.90625,9.419999694824218,230.89999389648438,,,,4.900000095367432,0.0
16966894715,Las Condes Carrera,run,2024-09-06 15:48:31,3042.010986328125,10445.8203125,145.0,165.0,572.0,,,,,,291.2055898533941,177.6875,9.430000305175781,237.89999389648438,,,,3.0999999046325684,0.0
16961673140,Zwift - Pre-RACE Efforts on Volcano Flat in Watopia,bike,2024-09-06 05:21:02,3155.0,27574.419921875,108.0,148.0,376.0,124.0,151.386559106914,,,,114.42956440471583,,,,,,,2.200000047683716,0.800000011920929
16953488111,Yoga,str,2024-09-05 06:59:20,731.197998046875,0.0,74.0,112.0,31.0,,,,,,,,,,,,,0.0,0.0
16953487301,recovery pm,run,2024-09-05 06:11:54,2725.30908203125,8021.8701171875,146.0,170.0,539.0,,,,,,339.7893215861487,173.15625,,,,,,3.299999952316284,0.0
16949994563,Strength,str,2024-09-04 17:38:21,3515.472900390625,0.0,86.0,123.0,207.0,,,,,,,,,,,,,0.4000000059604645,0.0
16944531331,Las Condes - Intervalos Pista umbral,run,2024-09-04 05:41:49,4660.51806640625,17177.05078125,151.0,167.0,961.0,,,,,,271.29679069585427,186.75,8.040000152587892,228.8000030517578,,,,4.0,0.20000000298023224
16941096337,Natación en piscina,swim,2024-09-03 12:16:05,2894.347900390625,2150.0,115.0,138.0,360.0,,,,,,1140.25088866654,,,,,,10.899999618530273,1.2000000476837158,0.0
16935257015,Las Condes - t2 RITMO DE CARRERA,run,2024-09-03 07:06:36,1428.6180419921875,5498.25,151.0,169.0,299.0,,,,,,259.8077438156735,187.53125,8.680000305175781,227.0,,,,2.9000000953674316,0.0
16934938679,Zwift - RACE PACE/FTP on Volcano Flat in Watopia,bike,2024-09-03 05:49:17,4236.0,40675.55859375,123.0,150.0,624.0,154.0,173.6621611452527,,,,104.1449672327167,,,,,,,3.0,0.0
16931741556,Strength,str,2024-09-02 18:28:18,3841.443115234375,0.0,87.0,136.0,238.0,,,,,,,,,,,,,0.4000000059604645,0.0
16926002968,Las Condes - Endurance con activaciones,run,2024-09-02 05:29:12,3481.822021484375,11984.1103515625,146.0,164.0,690.0,,,,,,290.5287697531737,178.96875,9.230000305175782,238.5,,,,3.4000000953674316,0.10000000149011612
16919106795,Las Condes Carrera,run,2024-09-01 08:49:48,2818.126953125,10009.3095703125,153.0,168.0,589.0,,,,,,281.5315279032966,180.6875,9.130000305175782,232.0,,,,3.5,0.0
16918537848,Zwift - ritmo - race pace on Volcano Flat in Watopia,bike,2024-09-01 05:45:22,10261.0,92804.09375,123.0,150.0,1389.0,141.0,158.6270128734023,,,,110.5705480179359,,,,,,,3.5999999046325684,0.0
16911786993,Natación en piscina,swim,2024-08-31 11:50:38,2724.367919921875,2100.0,108.0,132.0,316.0,,,,,,1102.5358260385551,,,,,,10.899999618530273,1.100000023841858,0.0
16909529184,Las Condes - endurance tempo,run,2024-08-31 06:03:39,8420.1142578125,29708.349609375,147.0,167.0,1654.0,,,,,,283.446702670484,181.203125,9.09000015258789,237.89999389648438,,,,4.199999809265137,0.0
16904539256,Las Condes Carrera,run,2024-08-30 16:21:22,1807.9949951171875,5722.47998046875,127.0,142.0,299.0,,,,,,315.95577000087076,178.9375,8.780000305175781,249.6999969482422,,,,1.7000000476837158,0.0
16904247284,Zwift - Pre-RACE Efforts on Volcano Flat in Watopia,bike,2024-08-30 15:12:08,3718.0,32466.970703125,106.0,150.0,467.0,131.0,150.99531743383832,,,,114.52129635919664,,,,,,,2.299999952316284,0.4000000059604645
16891516933,Zwift - RACE PACE on Volcano Flat in Watopia,bike,2024-08-29 05:21:53,4882.0,45986.26953125,124.0,151.0,719.0,154.0,169.26924087902242,,,,106.16838675337317,,,,,,,3.0999999046325684,0.0
16903759862,Natación en piscina,swim,2024-08-28 18:28:54,2808.053955078125,2050.0,107.0,126.0,336.0,,,,,,1177.8563332850317,,,,,,11.600000381469727,0.8999999761581421,0.0
16883031578,Las Condes - umbral fraccionado/continuo,run,2024-08-28 06:01:52,4263.7880859375,14413.3095703125,140.0,164.0,799.0,,,,,,295.8579781484442,176.34375,7.550000000000001,253.6999969482422,,,,3.4000000953674316,0.800000011920929
16879332573,Zwift - Beach Island Loop in Watopia,bike,2024-08-27 18:35:34,3083.0,20424.1796875,0.0,0.0,212.0,72.0,74.12693734393591,,,,150.96618192302003,,,,,,,,
16873558881,Las Condes - t2 easy,run,2024-08-27 06:33:30,2401.882080078125,7777.06005859375,137.0,154.0,441.0,,,,,,308.8326207283091,180.671875,8.630000305175782,247.1999969482422,,,,2.700000047683716,0.0
16872998542,Zwift - regenerativo Z2 on Volcano Flat in Watopia,bike,2024-08-27 05:24:57,3625.0,33704.23828125,118.0,137.0,497.0,143.0,152.90247703933863,,,,107.56157979839384,,,,,,,2.4000000953674316,0.0
16870082756,Strength,str,2024-08-26 18:11:02,3081.8310546875,0.0,94.0,132.0,221.0,,,,,,,,,,,,,0.4000000059604645,0.0
16864060185,Las Condes - regenerativo,run,2024-08-26 05:32:09,2589.8349609375,6680.7001953125,124.0,142.0,391.0,,,,,,387.59691068654945,169.5625,7.719999694824219,262.5,,,,2.0999999046325684,0.0
16857870096,Las Condes Carrera,run,2024-08-25 06:40:11,8372.94921875,30007.5390625,155.0,179.0,1730.0,,,,,,279.0178485304994,185.234375,8.55999984741211,228.5,,,,5.0,0.10000000149011612
16850058156,Puente Alto Ciclismo en ruta,bike,2024-08-24 08:44:00,11105.912109375,84389.96875,124.0,158.0,1417.0,128.0,163.6395894513916,,,,131.59626306250814,,,,,,,,
16843668574,Las Condes Carrera,run,2024-08-23 19:01:42,36.38399887084961,28.389999389648438,74.0,82.0,2.0,,,,,,1282.0513290766446,115.1875,,,,,,0.0,0.0
16838658115,Zwift - Pre-RACE Efforts on Volcano Flat in Watopia,bike,2024-08-23 05:28:32,3761.0,32104.2109375,109.0,152.0,439.0,122.0,146.19985415638874,,,,117.15088689139162,,,,,,,2.299999952316284,1.0
16836015926,Strength,str,2024-08-22 19:35:03,3607.239013671875,0.0,106.0,141.0,340.0,,,,,,,,,,,,,1.2000000476837158,0.0
16830081822,Zwift - RODILLO AER Z2 on Volcano Flat in Watopia,bike,2024-08-22 05:31:27,4782.0,44736.890625,121.0,144.0,681.0,149.0,159.1602826993736,,,,106.89471394254589,,,,,,,2.799999952316284,0.0
16827195191,Natación en piscina,swim,2024-08-21 18:31:55,2503.123046875,1875.0,107.0,131.0,303.0,,,,,,1172.3329628714764,,,,,,11.899999618530273,0.800000011920929,0.0
16821397990,Las Condes - Intervalos Pista sub umbral,run,2024-08-21 06:01:28,3768.919921875,13393.669921875,148.0,168.0,748.0,,,,,,281.37310858390094,181.296875,7.940000152587891,239.10000610351562,,,,3.5999999046325684,1.2999999523162842
16817779760,Las Condes - Z2,run,2024-08-20 18:24:21,2701.843994140625,7682.080078125,124.0,135.0,418.0,,,,,,351.7411265600987,175.453125,8.85999984741211,264.20001220703125,,,,2.0999999046325684,0.0
16811595914,Zwift - HIIT on Beach Island Loop in Watopia,bike,2024-08-20 05:31:11,3922.0,37197.66015625,125.0,158.0,614.0,163.0,190.4181544820111,,,,105.4407400126399,,,,,,,3.0999999046325684,0.0
16808481623,Strength,str,2024-08-19 18:33:29,3669.93310546875,0.0,113.0,148.0,367.0,,,,,,,,,,,,,1.600000023841858,0.0
16802612194,Las Condes - Endurance con activaciones,run,2024-08-19 05:22:26,3530.451904296875,11770.7197265625,139.0,157.0,667.0,,,,,,299.9400020452223,180.40625,8.8,244.10000610351562,,,,3.0999999046325684,0.6000000238418579
16797775325,Colina - t2 easy run,run,2024-08-18 12:12:35,1502.050048828125,5904.6201171875,162.0,171.0,341.0,,,,,,254.3881967579804,184.671875,8.930000305175781,210.5,,,,3.299999952316284,0.0
16797772558,Colina Ciclismo,bike,2024-08-18 09:27:18,8612.390625,75951.2578125,134.0,164.0,1395.0,,,,,,113.3915378519695,,,,,,,3.5999999046325684,2.0
16797489614,Colina - ENDURANCE,bike,2024-08-18 08:35:05,2923.656005859375,22056.759765625,104.0,135.0,309.0,,,,,,132.5556707687261,,,,,,,1.0,0.0
16790976507,Zwift - Beach Island Loop in Watopia,bike,2024-08-17 17:13:28,3758.0,25404.83984375,88.0,135.0,265.0,74.0,75.36439979295903,,,,147.9289890742221,,,,,,,1.2999999523162842,0.0
16788840095,Natación en piscina,swim,2024-08-17 11:36:45,1381.1839599609375,1100.0,127.0,144.0,180.0,,,,,,1180.6375402859135,,,,,,11.300000190734863,1.600000023841858,0.0
16788139992,Providencia - CARRERA LARGA,run,2024-08-17 08:50:42,6000.47802734375,22131.689453125,151.0,178.0,1254.0,,,,,,271.1496772848054,184.28125,8.84000015258789,229.6999969482422,,,,4.199999809265137,1.7999999523162842
16782119271,Natación en piscina,swim,2024-08-16 16:45:55,2674.781982421875,2050.0,112.0,132.0,332.0,,,,,,1133.786810681936,,,,,,11.199999809265137,1.0,0.0
16777310036,Las Condes - Z2,run,2024-08-16 05:29:12,3625.85693359375,11756.7099609375,138.0,161.0,666.0,,,,,,308.4515633036607,178.4375,9.219999694824219,243.39999389648438,,,,3.0999999046325684,0.0
16774017613,Strength,str,2024-08-15 17:30:18,3150.092041015625,0.0,122.0,156.0,400.0,,,,,,,,,,,,,2.0,0.0
16771580952,Natación en piscina,swim,2024-08-15 11:59:00,1434.302978515625,1050.0,129.0,139.0,173.0,,,,,,1288.659755805308,,,,,,11.899999618530273,1.7000000476837158,0.0
16771186726,Las Condes - TEMPO,run,2024-08-15 11:14:35,1201.4169921875,4797.31982421875,158.0,172.0,264.0,,,,,,250.43826505315067,187.5,8.69000015258789,228.1999969482422,,,,3.0,0.0
16770910032,Zwift - RODILLO 2 on Beach Island Loop in Watopia,bike,2024-08-15 10:42:17,1548.0,14626.740234375,130.0,147.0,243.0,164.0,178.306083594284,,,,105.84250686336637,,,,,,,2.5,0.0
16771184328,Las Condes - TROTE 1,run,2024-08-15 10:04:10,1514.4200439453125,5047.990234375,133.0,151.0,281.0,,,,,,300.03000797947584,182.953125,8.430000305175781,248.3000030517578,,,,2.299999952316284,0.20000000298023224
16770350517,Zwift - RODILLO 1 on Going Coastal in Watopia,bike,2024-08-15 09:32:03,1668.0,14924.1201171875,105.0,136.0,199.0,125.0,138.46762443066564,,,,111.7693137712305,,,,,,,1.399999976158142,0.0
16764883509,Natación en piscina,swim,2024-08-14 17:07:12,2978.485107421875,2250.0,107.0,127.0,358.0,,,,,,1191.8951321972788,,,,,,11.5,0.800000011920929,0.0
16760872772,Las Condes - Intervalos Pista sub umbral,run,2024-08-14 05:59:25,3714.51708984375,13503.6298828125,145.0,166.0,739.0,,,,,,275.10316440813983,187.28125,8.259999847412109,230.5,,,,3.5,0.8999999761581421
16750342040,Zwift - sub umbral on Temple Trek in Watopia,bike,2024-08-13 05:29:23,4182.0,39279.421875,125.0,148.0,653.0,163.0,181.12158529732628,,,,106.47359229977054,,,,,,,3.0999999046325684,0.0
16741199898,Las Condes - Z2,run,2024-08-12 05:20:58,2891.302001953125,9542.080078125,141.0,157.0,548.0,,,,,,303.03030740897304,177.234375,9.240000152587891,243.5,,,,3.0,0.0
16736213111,Colina Ciclismo en ruta,bike,2024-08-11 07:53:27,14534.302734375,137263.734375,127.0,171.0,1998.0,138.0,159.87033201874686,,,,105.88733313729355,,,,,,,,
16726386920,Providencia - endurance,run,2024-08-10 08:50:47,7821.72900390625,28007.05078125,151.0,173.0,1595.0,,,,,,279.25159870605495,182.859375,8.969999694824219,233.1999969482422,,,,4.5,1.2000000476837158
16720052492,Las Condes Carrera,run,2024-08-09 16:15:21,2703.472900390625,9460.490234375,144.0,169.0,515.0,,,,,,285.7959357775723,178.921875,9.3,234.3000030517578,,,,3.0999999046325684,0.0
16715368675,Zwift - sweet spot (doble umbral) on Volcano Flat in Watopia,bike,2024-08-09 05:33:28,2444.0,22945.130859375,119.0,140.0,372.0,159.0,177.45196926098137,,,,106.51896565543119,,,,,,,2.9000000953674316,0.0
16712485145,Natación en piscina,swim,2024-08-08 18:12:11,2869.27490234375,2200.0,113.0,146.0,354.0,,,,,,1172.3329628714764,,,,,,11.300000190734863,1.2999999523162842,0.0
16706884741,Zwift - Z2 in Watopia,bike,2024-08-08 05:32:44,3632.0,28058.30078125,116.0,134.0,503.0,145.0,154.5439735704008,,,,129.44983978579918,,,,,,,2.700000047683716,0.0
16704144714,Natación en piscina,swim,2024-08-07 18:26:25,2837.1240234375,2200.0,98.0,122.0,354.0,,,,,,1168.2242906055071,,,,,,11.5,0.5,0.0
16704144120,Strength,str,2024-08-07 12:12:28,3736.551025390625,0.0,95.0,140.0,276.0,,,,,,,,,,,,,0.6000000238418579,0.0
16698489517,Las Condes - Intervalos,run,2024-08-07 06:00:46,4203.89306640625,14252.7099609375,144.0,172.0,796.0,,,,,,294.98524160909045,176.59375,7.819999694824219,252.0,,,,3.4000000953674316,0.8999999761581421
16688686970,Entrenamiento en cinta,run,2024-08-06 06:44:56,908.135986328125,2733.22998046875,131.0,137.0,154.0,,,,,,332.2259146738715,180.953125,8.080000305175782,262.3999938964844,,,,1.7000000476837158,0.0
16688494129,Zwift - HIIT on Volcano Flat in Watopia,bike,2024-08-06 05:32:13,3921.0,38096.76171875,125.0,156.0,617.0,164.0,191.6451158105454,,,,102.92301778844134,,,,,,,3.4000000953674316,0.4000000059604645
16685338226,Strength,str,2024-08-05 18:30:07,3860.14404296875,0.0,108.0,149.0,374.0,,,,,,,,,,,,,1.5,0.0
16679865206,Las Condes - Z2,run,2024-08-05 05:29:13,3781.5458984375,11918.0302734375,137.0,158.0,667.0,,,,,,317.2588882402303,172.53125,8.51999969482422,248.8000030517578,,,,3.0999999046325684,0.20000000298023224
16674337880,Colina Ciclismo en ruta,bike,2024-08-04 08:35:08,11792.658203125,99308.03125,130.0,158.0,1697.0,145.0,168.00268893409032,,,,118.75074886257825,,,,,,,,
16667757111,Natación en piscina,swim,2024-08-03 18:16:08,2821.279052734375,2100.0,109.0,129.0,341.0,,,,,,1209.1898107339962,,,,,,12.100000381469727,1.0,0.0
16665013077,Providencia Carrera,run,2024-08-03 08:53:34,7425.5390625,27006.5390625,158.0,176.0,1552.0,,,,,,274.95187707591975,184.03125,,,,,,4.900000095367432,0.10000000149011612
16658814962,Entrenamiento en cinta,run,2024-08-02 17:30:19,1807.324951171875,4990.0,128.0,134.0,272.0,,,,,,362.18762394247625,169.984375,9.65,260.29998779296875,,,,1.7999999523162842,0.0
16654037985,Zwift - sweet spot on Beach Island Loop in Watopia,bike,2024-08-02 05:23:52,3642.0,32967.98828125,125.0,155.0,527.0,151.0,170.84513579580351,,,,110.47282312670741,,,,,,,3.0999999046325684,0.0
16651322776,Zwift - Volcano Flat in Watopia,bike,2024-08-01 19:29:43,1841.0,13187.25,0.0,0.0,138.0,78.0,80.22922942586796,,,,139.60630812347307,,,,,,,,
16651567356,Strength,str,2024-08-01 18:08:38,3870.825927734375,0.0,97.0,133.0,296.0,,,,,,,,,,,,,0.800000011920929,0.0
16645688779,Las Condes - Z2,run,2024-08-01 05:25:09,3877.89111328125,12399.75,138.0,160.0,698.0,,,,,,312.69543912259576,177.90625,9.240000152587891,246.1999969482422,,,,3.0999999046325684,0.0
16642735313,Natación en piscina,swim,2024-07-31 17:45:21,2583.825927734375,1975.0,103.0,134.0,291.0,,,,,,1172.3329628714764,,,,,,11.399999618530273,0.6000000238418579,0.0
16637429489,Las Condes - Intervalos,run,2024-07-31 06:00:57,3826.693115234375,13132.7802734375,146.0,177.0,736.0,,,,,,291.375298014547,177.28125,7.680000305175781,255.3000030517578,,,,3.5,2.0999999046325684
16633885751,Zwift - Flat Route in Watopia,bike,2024-07-30 18:26:30,3620.0,26375.099609375,0.0,0.0,286.0,82.0,83.68622148238539,,,,137.2683625182553,,,,,,,,
16628793901,Las Condes - t2 - easy run,run,2024-07-30 06:43:41,1257.5660400390625,4272.9599609375,139.0,152.0,243.0,,,,,,294.2907591049691,176.8125,9.680000305175781,239.6999969482422,,,,2.4000000953674316,0.0
16627949008,Zwift - HIIT on Going Coastal in Watopia,bike,2024-07-30 05:20:45,4534.0,39614.5,124.0,158.0,688.0,159.0,187.36029521837472,,,,114.45575675095392,,,,,,,3.200000047683716,0.20000000298023224
16624973607,Strength,str,2024-07-29 19:08:53,3704.376953125,0.0,107.0,160.0,378.0,,,,,,,,,,,,,2.0999999046325684,0.0
16618904521,Las Condes - z2 con aceleraciones,run,2024-07-29 05:18:03,2920.131103515625,9511.2998046875,138.0,161.0,539.0,,,,,,307.03101300885567,177.34375,9.430000305175781,243.39999389648438,,,,3.0,0.0
16615889519,Las Condes Carrera,run,2024-07-28 10:07:25,2419.052001953125,7362.830078125,197.0,208.0,692.0,,,,,,328.5151213698636,179.109375,,,,,,5.0,0.0
16604734233,Providencia - endurance,run,2024-07-27 08:53:54,7201.41015625,25402.740234375,155.0,175.0,1482.0,,,,,,283.5270808223447,178.328125,9.59000015258789,231.1999969482422,,,,4.5,0.5
16591035134,Natación en piscina,swim,2024-07-25 17:51:36,2909.534912109375,2225.0,113.0,146.0,355.0,,,,,,1177.8563332850317,,,,,,11.399999618530273,1.399999976158142,0.0
16586054791,Strength,str,2024-07-25 06:42:00,3939.2109375,0.0,84.0,115.0,150.0,,,,,,,,,,,,,0.10000000149011612,0.0
16585426378,Zwift - Z2 on Temple Trek in Watopia,bike,2024-07-25 05:21:44,4088.0,37442.171875,118.0,136.0,554.0,142.0,151.18339162669977,,,,109.1822204044437,,,,,,,2.5999999046325684,0.0
16582525452,Natación en piscina,swim,2024-07-24 18:16:28,2954.156982421875,2400.0,113.0,132.0,381.0,,,,,,1164.144317065059,,,,,,11.399999618530273,1.2999999523162842,0.0
16576237218,Las Condes - Intervalos Pista,run,2024-07-24 06:02:58,4008.75,13175.419921875,143.0,174.0,744.0,,,,,,304.2287855151752,176.1875,7.65,238.0,,,,3.5,2.200000047683716
16569071949,Natación en piscina,swim,2024-07-23 18:58:17,2522.458984375,1780.0,102.0,135.0,245.0,,,,,,1492.5372762546222,,,,,,11.399999618530273,0.6000000238418579,0.0
16556834668,Zwift - z4 on Flat Route in Watopia,bike,2024-07-23 05:17:42,4638.0,43241.44140625,118.0,148.0,659.0,148.0,171.05599824304315,,,,107.2616115960578,,,,,,,3.0999999046325684,1.100000023841858
16550910259,Strength,str,2024-07-22 18:53:22,3162.9951171875,0.0,103.0,142.0,281.0,,,,,,,,,,,,,1.100000023841858,0.0
16539235514,Las Condes - Z2,run,2024-07-22 05:25:22,3362.6201171875,11249.5703125,148.0,191.0,644.0,,,,,,298.9536596253713,0.0,,,,,,3.299999952316284,0.6000000238418579
16507059732,Las Condes - endurance,run,2024-07-20 06:09:24,4448.73095703125,14936.3095703125,142.0,161.0,837.0,,,,,,297.88500639795564,178.484375,9.65999984741211,233.89999389648438,,,,3.4000000953674316,0.0
16498236127,Strength,str,2024-07-19 15:49:36,3055.943115234375,0.0,96.0,142.0,234.0,,,,,,,,,,,,,0.800000011920929,0.0
16490227176,Las Condes Carrera,run,2024-07-19 05:27:25,3125.033935546875,10119.330078125,155.0,172.0,617.0,,,,,,308.8326207283091,176.15625,,,,,,3.4000000953674316,0.0
16483232267,Zwift - sub umbral in Watopia,bike,2024-07-18 17:23:14,3696.0,31515.94921875,0.0,0.0,562.0,159.0,177.1340336419842,,,,117.27453382138073,,,,,,,,
16440317497,Las Condes - t2,run,2024-07-16 09:45:27,903.1099853515625,2953.280029296875,133.0,143.0,167.0,,,,,,305.81039933726925,174.625,9.55999984741211,247.60000610351562,,,,2.0999999046325684,0.0
16439735348,Zwift - ENDURANCE TORQUE on Tempus Fugit in Watopia,bike,2024-07-16 07:53:48,6031.0,57237.69140625,113.0,136.0,772.0,134.0,145.66041933499605,,,,105.37408051825216,,,,,,,3.0,1.2999999523162842
16430632952,Strength,str,2024-07-15 18:08:19,3069.637939453125,0.0,78.0,107.0,136.0,,,,,,,,,,,,,0.10000000149011612,0.0
16419853139,Las Condes - Z2,run,2024-07-15 05:35:53,2907.7490234375,9540.900390625,143.0,158.0,548.0,,,,,,304.785135876431,177.765625,9.1,248.3000030517578,,,,3.0999999046325684,0.0
16411147917,Puente Alto - T2 easy run,run,2024-07-14 12:36:56,1803.9010009765625,6139.740234375,155.0,166.0,375.0,,,,,,293.7720291164834,178.03125,9.200000000000001,237.1999969482422,,,,3.200000047683716,0.0
16411090870,Puente Alto Ciclismo en ruta,bike,2024-07-14 09:04:55,11285.8134765625,97043.640625,134.0,178.0,1663.0,148.0,181.94318823790928,,,,116.29259247141833,,,,,,,,
16392745124,Zwift - Beach Island Loop in Watopia,bike,2024-07-13 12:03:20,2161.0,15327.900390625,108.0,120.0,171.0,83.0,84.74653515611206,,,,141.0039479588586,,,,,,,0.8999999761581421,0.0
16391955012,Providencia - endurance - CERRO,run,2024-07-13 08:54:40,6820.0458984375,22927.759765625,150.0,179.0,1338.0,,,,,,297.4419998227107,179.625,9.180000305175781,236.8000030517578,,,,4.400000095367432,0.0
16371013034,Las Condes - t2 easy run,run,2024-07-12 06:39:19,1202.719970703125,3900.010009765625,144.0,158.0,229.0,,,,,,308.356457166114,178.015625,9.10999984741211,245.3000030517578,,,,2.5,0.0
16370607995,Zwift - sub umbral on Flat Route in Watopia,bike,2024-07-12 05:20:41,4178.0,39818.109375,134.0,156.0,637.0,159.0,174.0596223042898,,,,104.93179727385234,,,,,,,3.299999952316284,0.0
16365129594,Zwift - Flat Route in Watopia,bike,2024-07-11 19:12:47,1570.0,12417.2998046875,0.0,0.0,148.0,98.0,101.71721988556364,,,,126.4382362029075,,,,,,,,
16353770699,Zwift - ENDURANCE TORQUE on Going Coastal in Watopia,bike,2024-07-11 05:19:36,4206.0,36353.0,122.0,141.0,584.0,145.0,155.22158765451272,,,,115.70057163084162,,,,,,,2.799999952316284,0.0
16347620893,Strength,str,2024-07-10 17:34:13,3134.72705078125,0.0,97.0,132.0,248.0,,,,,,,,,,,,,0.699999988079071,0.0
16338012241,Las Condes - Intervalos Pista,run,2024-07-10 06:05:04,3933.12109375,13456.2099609375,148.0,179.0,824.0,,,,,,292.31218909234656,182.0,,,,,,4.300000190734863,0.30000001192092896
16326306059,Las Condes Carrera,run,2024-07-09 07:55:41,1223.6590576171875,3884.56005859375,138.0,155.0,224.0,,,,,,314.960634651494,176.078125,9.419999694824218,247.6999969482422,,,,2.4000000953674316,0.0
16320680940,Zwift - INTERVALOS VO2 on Going Coastal in Watopia,bike,2024-07-09 06:40:01,3912.0,36445.94140625,129.0,155.0,632.0,169.0,192.470017406547,,,,107.3422071315921,,,,,,,3.299999952316284,0.4000000059604645
16313594406,Strength,str,2024-07-08 19:07:39,3066.215087890625,0.0,119.0,159.0,379.0,,,,,,,,,,,,,2.0,0.0
16301757878,Las Condes - Z2,run,2024-07-08 05:29:27,3006.23193359375,9866.4599609375,146.0,164.0,576.0,,,,,,304.6922547960853,178.640625,9.4,239.5,,,,3.200000047683716,0.0
16293913333,Yoga,str,2024-07-07 14:07:00,744.6510009765625,0.0,75.0,98.0,27.0,,,,,,,,,,,,,0.0,0.0
16293676739,Las Condes - T2 easy run,run,2024-07-07 13:32:27,1201.5579833984375,3734.47998046875,157.0,172.0,232.0,,,,,,321.7503176037675,170.1875,,,,,,2.5999999046325684,0.0
16293912141,Las Condes Ciclismo,bike,2024-07-07 10:52:36,7192.37109375,32092.390625,103.0,145.0,862.0,,,,,,224.11475211520352,,,,,,,1.7000000476837158,0.0
16278946212,Zwift - Volcano Flat in Watopia,bike,2024-07-06 17:18:44,3631.0,28349.919921875,0.0,0.0,338.0,97.0,98.85355407043427,,,,128.09017285484055,,,,,,,,
16274456808,Providencia - endurance - CERRO,run,2024-07-06 08:50:56,6577.72314453125,23458.369140625,159.0,179.0,1388.0,,,,,,280.42624909673725,181.765625,9.1,234.60000610351562,,,,5.0,0.0
16247701822,Zwift - Flat Route in Watopia,bike,2024-07-04 17:17:44,3639.0,29809.19921875,110.0,125.0,383.0,110.0,111.77935378280279,,,,122.08521570783452,,,,,,,2.0,0.0
16230663855,Las Condes Carrera,run,2024-07-03 16:53:57,3609.677978515625,10723.169921875,139.0,153.0,609.0,,,,,,336.5870127114581,173.046875,9.55999984741211,256.5,,,,3.0,0.0
16213585751,Las Condes - t2 easy run,run,2024-07-02 06:38:47,1205.85498046875,3644.080078125,137.0,151.0,218.0,,,,,,330.906676169748,175.640625,9.3,252.5,,,,2.299999952316284,0.0
16202610081,Zwift - INTERVALOS VO2 in Watopia,bike,2024-07-02 05:19:57,4249.0,37172.16015625,133.0,163.0,680.0,167.0,197.20989766856025,,,,114.31184081270318,,,,,,,3.299999952316284,1.0
16190541019,Strength,str,2024-07-01 10:49:45,3034.8720703125,0.0,103.0,143.0,271.0,,,,,,,,,,,,,0.8999999761581421,0.0
16189634714,Las Condes Carrera,run,2024-07-01 06:55:32,3005.2099609375,9366.75,138.0,152.0,532.0,,,,,,320.8212919334056,175.75,9.35,242.10000610351562,,,,3.0,0.0
16138561110,Las Condes - T2 easy run,run,2024-06-28 06:27:45,1804.1099853515625,5222.52978515625,136.0,147.0,304.0,,,,,,345.4231456263985,174.515625,9.280000305175781,255.6999969482422,,,,2.200000047683716,0.0
16137948906,Zwift - umbral intervalo corto in Watopia,bike,2024-06-28 05:13:51,3682.0,35415.6796875,132.0,159.0,582.0,165.0,185.6289704856115,,,,103.97171936234507,,,,,,,3.299999952316284,0.0
16132990431,Strength,str,2024-06-27 19:08:53,2999.81298828125,0.0,104.0,145.0,269.0,,,,,,,,,,,,,1.5,0.0
16121852095,Zwift - ENDURANCE TORQUE in Watopia,bike,2024-06-27 05:13:10,4206.0,33858.390625,124.0,148.0,594.0,147.0,160.16943310493824,,,,124.22359954114643,,,,,,,3.0,0.0
16116763767,Natación en piscina,swim,2024-06-26 18:44:00,2624.64794921875,2040.0,106.0,137.0,315.0,,,,,,1133.786810681936,,,,,,8.699999809265137,1.0,0.0
16104841913,Las Condes - Intervalos Pista,run,2024-06-26 05:19:18,4024.43310546875,13342.2900390625,145.0,171.0,771.0,,,,,,301.6591199815767,175.125,7.740000152587891,243.0,,,,3.700000047683716,2.4000000953674316
16087696763,Las Condes - t2 easy run,run,2024-06-25 06:27:59,1327.8260498046875,4283.43994140625,137.0,148.0,248.0,,,,,,309.9813943347874,177.15625,9.05999984741211,252.1999969482422,,,,2.4000000953674316,0.20000000298023224
16086985411,Zwift - INTERVALOS VO2 in Watopia,bike,2024-06-25 05:15:25,3874.0,35837.16015625,132.0,164.0,631.0,170.0,195.55552872827607,,,,108.10810810810811,,,,,,,3.4000000953674316,1.399999976158142
16081728271,Natación en piscina,swim,2024-06-24 18:04:15,2895.699951171875,2180.0,113.0,137.0,341.0,,,,,,1133.786810681936,,,,,,9.0,1.2999999523162842,0.0
16069454907,Las Condes - Z2,run,2024-06-24 05:30:15,3005.132080078125,9701.150390625,142.0,158.0,560.0,,,,,,309.7893503854323,174.796875,9.730000305175782,238.8000030517578,,,,3.0999999046325684,0.0
16058403999,Zwift - Rodillo on Volcano Flat in Watopia,bike,2024-06-23 07:34:10,12773.3994140625,111629.6484375,121.0,151.0,1602.0,132.0,143.81661438868932,,,,114.42956440471583,,,,,,,3.700000047683716,0.0
16041264262,Providencia - endurance,run,2024-06-22 08:48:58,5119.1650390625,15894.099609375,142.0,160.0,935.0,,,,,,322.061189648042,172.421875,8.880000305175782,244.60000610351562,,,,3.5,0.0
16029895137,Natación en piscina,swim,2024-06-21 16:40:01,3017.26708984375,2260.0,112.0,137.0,354.0,,,,,,1165.501192058188,,,,,,8.899999618530273,1.2000000476837158,0.0
16029894119,Strength,str,2024-06-21 05:18:55,2406.90087890625,0.0,87.0,117.0,145.0,,,,,,,,,,,,,0.20000000298023224,0.0
16014875253,Strength,str,2024-06-20 16:58:31,3022.656982421875,0.0,88.0,125.0,189.0,,,,,,,,,,,,,0.4000000059604645,0.0
16009064850,Las Condes - easy run,run,2024-06-20 10:37:07,1803.0050048828125,5461.06982421875,129.0,141.0,312.0,,,,,,330.14195626180134,175.21875,9.05,259.0,,,,2.200000047683716,0.0
16008457816,Zwift - ENDURANCE- TEMPO on Volcano Flat in Watopia,bike,2024-06-20 08:57:56,5455.36279296875,49648.26171875,121.0,147.0,720.0,138.0,149.36055045161643,,,,109.89010528354413,,,,,,,3.0,0.0
15970127030,Zwift - Z2 on Volcano Flat in Watopia,bike,2024-06-18 05:22:38,4387.0,40869.1796875,126.0,142.0,597.0,142.0,146.0923701676724,,,,107.35373537814493,,,,,,,2.700000047683716,0.0
15953032091,Zwift - Beach Island Loop in Watopia,bike,2024-06-17 05:19:28,3610.0,30666.669921875,110.0,128.0,415.0,120.0,121.82130801286455,,,,117.73015644008014,,,,,,,2.0,0.0
15947305290,Strength,str,2024-06-16 16:24:35,3252.93701171875,0.0,95.0,132.0,238.0,,,,,,,,,,,,,0.800000011920929,0.0
15940266223,Zwift - Volcano Flat in Watopia,bike,2024-06-16 08:27:25,3635.0,33661.37890625,120.0,149.0,490.0,141.0,146.1977839982815,,,,107.99135802189414,,,,,,,2.5,0.0
15926302253,Zwift - Flat Route in Watopia,bike,2024-06-15 11:24:09,3660.0,32895.890625,114.0,135.0,456.0,130.0,136.84593410185371,,,,111.27183133580296,,,,,,,2.200000047683716,0.0
15887961307,Ciclismo virtual,bike,2024-06-13 05:17:46,3637.0,22378.509765625,0.0,0.0,425.0,122.0,127.80779863975293,,,,162.522350046994,,,,,,,,
15871522905,Las Condes - FARTLEK pista,run,2024-06-12 06:03:06,1729.4840087890625,5614.7998046875,140.0,180.0,320.0,,,,,,307.97659576889623,178.046875,7.480000305175782,251.39999389648438,,,,2.5,2.799999952316284
15853258040,Zwift - INTERVALOS VO2 in Watopia,bike,2024-06-11 05:17:59,3365.0,28775.140625,124.0,167.0,508.0,158.0,182.26341119507433,,,,116.9453914085439,,,,,,,3.0,1.100000023841858
15837052167,Las Condes Carrera,run,2024-06-10 05:19:39,2787.501953125,8583.6103515625,139.0,157.0,499.0,,,,,,324.78077338062366,176.46875,9.36999969482422,245.10000610351562,,,,2.700000047683716,0.0
15810641474,Colina Ciclismo,bike,2024-06-08 08:36:58,11649.94921875,105277.703125,116.0,155.0,1296.0,,,,,,110.65619485729235,,,,,,,2.5999999046325684,0.8999999761581421
15796121792,Natación en piscina,swim,2024-06-07 16:09:40,2662.89111328125,2060.0,113.0,147.0,323.0,,,,,,1090.5125459977885,,,,,,8.899999618530273,1.2999999523162842,0.10000000149011612
15787379513,Zwift - intervalos corto vo2 in Watopia,bike,2024-06-07 05:22:50,4245.0,39687.3203125,126.0,158.0,627.0,154.0,176.14434934505485,,,,106.96331184599379,,,,,,,3.200000047683716,0.0
15781477032,Strength,str,2024-06-06 18:02:38,3073.556884765625,0.0,80.0,116.0,155.0,,,,,,,,,,,,,0.20000000298023224,0.0
15770469992,Zwift - ENDURANCE in Watopia,bike,2024-06-06 05:20:46,4146.0,30912.609375,119.0,140.0,536.0,135.0,144.20087124925215,,,,134.1201743499848,,,,,,,2.5,0.0
15765627684,Natación en piscina,swim,2024-06-05 19:12:37,2588.68701171875,2040.0,108.0,132.0,323.0,,,,,,1127.3956849867059,,,,,,9.100000381469727,0.8999999761581421,0.0
15753850418,Las Condes - FARTLEK pista,run,2024-06-05 06:01:07,3611.2529296875,11718.5498046875,139.0,172.0,664.0,,,,,,308.16642072938305,176.28125,7.280000305175782,255.8000030517578,,,,3.4000000953674316,2.299999952316284
15735444554,Las Condes - t2 easy,run,2024-06-04 06:34:30,1268.4539794921875,4231.64990234375,140.0,149.0,248.0,,,,,,299.76019493148965,178.46875,9.140000152587891,247.89999389648438,,,,2.4000000953674316,0.0
15735018281,Zwift - INTERVALOS VO2 in Watopia,bike,2024-06-04 05:21:51,3961.0,38045.12109375,126.0,157.0,606.0,160.0,184.77481811280444,,,,104.12328097326416,,,,,,,3.200000047683716,1.5
15729113805,Natación en piscina,swim,2024-06-03 18:07:55,3149.239990234375,2400.0,112.0,133.0,387.0,,,,,,1136.363642521141,,,,,,9.800000190734863,1.100000023841858,0.0
15718208018,Las Condes - fartlek,run,2024-06-03 05:24:46,3107.659912109375,9873.150390625,141.0,162.0,579.0,,,,,,314.762349887102,178.375,9.15,244.0,,,,3.0,0.0
15709314382,Las Condes - easy run T2,run,2024-06-02 12:52:21,1201.531982421875,4806.85009765625,154.0,167.0,263.0,,,,,,249.93752014878368,183.96875,8.94000015258789,224.1999969482422,,,,3.0,0.0
15708791049,Zwift - Triple Flat Loops in Watopia,bike,2024-06-02 09:40:41,11014.845703125,97691.7265625,116.0,147.0,1356.0,129.0,148.6868668366299,,,,112.75227770513003,,,,,,,3.5,0.0
15694913480,Zwift - Volcano Circuit CCW in Watopia,bike,2024-06-01 17:00:23,3057.0,22847.619140625,0.0,0.0,249.0,85.0,87.2745385193632,,,,133.81506668860808,,,,,,,,
15689332768,Santiago Carrera,run,2024-06-01 10:25:57,600.1790161132812,1595.9200439453125,133.0,141.0,101.0,,,,,,376.08124487678,173.296875,8.469999694824219,260.5,,,,1.2000000476837158,0.0
15689328899,Santiago Carrera,run,2024-06-01 09:56:34,1142.741943359375,5009.0400390625,168.0,176.0,269.0,,,,,,228.1542376224418,191.90625,8.990000152587891,194.10000610351562,,,,3.200000047683716,0.8999999761581421
15689321941,Santiago Carrera,run,2024-06-01 09:41:47,429.06298828125,1448.739990234375,144.0,166.0,83.0,,,,,,296.1208090981713,177.890625,8.5,230.39999389648438,,,,1.7000000476837158,0.0
15689318575,Santiago Carrera,run,2024-06-01 08:42:12,2392.68798828125,8042.0400390625,140.0,150.0,458.0,,,,,,297.5304914728295,179.25,9.140000152587891,240.60000610351562,,,,2.9000000953674316,0.0
15669223724,Zwift - Hilly Route in Watopia,bike,2024-05-31 05:20:07,3761.0,23543.83984375,0.0,0.0,288.0,80.0,84.10709221489962,,,,159.76993577820755,,,,,,,,
15663589809,Strength,str,2024-05-30 17:42:34,3010.196044921875,0.0,78.0,113.0,123.0,,,,,,,,,,,,,0.10000000149011612,0.0
15653089488,Zwift - ENDURANCE RANGO DE CADENCIA in Watopia,bike,2024-05-30 05:24:36,4056.0,37813.2109375,117.0,145.0,508.0,131.0,143.91603455772588,,,,107.2731225367206,,,,,,,2.299999952316284,1.100000023841858
15647026261,Natación en piscina,swim,2024-05-29 17:27:40,3497.044921875,2600.0,110.0,140.0,422.0,,,,,,1114.8271834121274,,,,,,9.199999809265137,1.2999999523162842,0.0
15636725856,Las Condes - FARTLEK pista,run,2024-05-29 06:02:51,3694.137939453125,12678.8203125,148.0,175.0,770.0,,,,,,291.375298014547,179.53125,,,,,,3.9000000953674316,2.5
15630415531,Strength,str,2024-05-28 18:38:18,3016.1240234375,0.0,98.0,133.0,247.0,,,,,,,,,,,,,0.6000000238418579,0.0
15618955065,Zwift - TEST P20MIN in Watopia,bike,2024-05-28 05:30:56,4086.0,34637.96875,124.0,173.0,605.0,154.0,185.82423389612134,,,,117.96625835786895,,,,,,,3.5999999046325684,0.0
15613704970,Natación en piscina,swim,2024-05-27 18:28:11,4056.56005859375,2880.0,111.0,134.0,463.0,,,,,,1054.8523052881958,,,,,,9.199999809265137,1.2000000476837158,0.0
15602434366,Las Condes - fartlek,run,2024-05-27 05:24:26,3219.368896484375,10715.830078125,146.0,163.0,623.0,,,,,,300.3905080041751,178.28125,9.330000305175782,239.6999969482422,,,,3.299999952316284,0.0
15591321016,Zwift - Rodillo on Going Coastal in Watopia,bike,2024-05-26 08:24:14,9218.341796875,69853.046875,114.0,135.0,1214.0,139.0,148.5726443575527,,,,131.9783530912068,,,,,,,3.200000047683716,0.0
15575681074,Zwift - Going Coastal in Watopia,bike,2024-05-25 11:52:02,3617.0,27338.349609375,102.0,115.0,285.0,82.0,83.65431110337153,,,,132.31013342039807,,,,,,,1.2999999523162842,0.0
15573604068,Providencia - trote largo en plano,run,2024-05-25 09:08:12,5540.6240234375,18957.0703125,151.0,171.0,1102.0,,,,,,292.31218909234656,175.8125,9.069999694824219,228.89999389648438,,,,4.0,0.6000000238418579
15562295074,Natación en piscina,swim,2024-05-24 17:39:50,2751.910888671875,2000.0,117.0,143.0,334.0,,,,,,1135.0738025267633,,,,,,9.5,1.5,0.0
15552926651,Las Condes - easy run,run,2024-05-24 05:22:02,2984.993896484375,10059.41015625,142.0,165.0,569.0,,,,,,296.735915121285,179.953125,8.980000305175782,242.8000030517578,,,,3.0999999046325684,2.0
15536988454,Zwift - ENDURANCE RANGO DE CADENCIA on Going Coastal in Watopia,bike,2024-05-23 05:26:46,4000.0,34305.96875,113.0,141.0,494.0,129.0,142.1066051753468,,,,116.60447470739236,,,,,,,2.299999952316284,0.800000011920929
15531732477,Zwift - Going Coastal in Watopia,bike,2024-05-22 19:00:45,3634.0,28091.2109375,0.0,0.0,301.0,86.0,89.61872609788264,,,,129.36610576100094,,,,,,,,
15520865716,umbral farlek,run,2024-05-22 05:53:57,4398.65576171875,11999.16015625,133.0,157.0,612.0,,,,,,366.568924951545,173.609375,8.980000305175782,260.1000061035156,,,,2.4000000953674316,0.0
15513285788,Natación en piscina,swim,2024-05-21 16:03:48,2873.676025390625,2280.0,115.0,135.0,356.0,,,,,,1162.7906783327278,,,,,,9.0,1.2000000476837158,0.0
15505699636,Las Condes - t2,run,2024-05-21 08:39:37,1218.4759521484375,4892.240234375,158.0,172.0,268.0,,,,,,249.066010773076,189.171875,8.44000015258789,229.5,,,,3.0999999046325684,0.10000000149011612
15505238062,Zwift - pedaleo da feriado in Watopia,bike,2024-05-21 06:58:59,5507.0,45272.2109375,115.0,151.0,712.0,135.0,155.18517460579966,,,,121.65449726456747,,,,,,,3.0,0.0
15497418314,Natación en piscina,swim,2024-05-20 17:39:33,3420.742919921875,2420.0,112.0,141.0,393.0,,,,,,1165.501192058188,,,,,,9.399999618530273,1.2999999523162842,0.0
15485990364,Las Condes - easy run,run,2024-05-20 05:16:39,3091.117919921875,10574.009765625,151.0,164.0,630.0,,,,,,292.31218909234656,178.953125,9.040000152587892,236.0,,,,3.5,0.0
15475934728,Colina Ciclismo en ruta,bike,2024-05-19 08:44:48,11909.4912109375,111116.84375,137.0,161.0,1781.0,150.0,164.7622481383452,,,,107.18113699649216,,,,,,,,
15458745911,Zwift - Sand And Sequoias in Watopia,bike,2024-05-18 11:59:40,3967.1220703125,30684.849609375,116.0,127.0,353.0,93.0,94.22291746139585,,,,129.29919490111024,,,,,,,1.7999999523162842,0.0
15456246311,Providencia - Endurance en cerro,run,2024-05-18 09:01:56,5426.73193359375,19227.080078125,160.0,180.0,1171.0,,,,,,282.246684968977,181.8125,9.15,227.6999969482422,,,,4.5,0.699999988079071
15435614874,Zwift - BILLAT VO2 (ltima semana) in Watopia,bike,2024-05-17 05:01:37,4144.0,38265.37890625,132.0,163.0,580.0,146.0,167.4188978518859,,,,108.30716143011693,,,,,,,3.0999999046325684,0.0
15419950482,Zwift - ENDURANCE- CAP NM in Watopia,bike,2024-05-16 05:18:39,4116.0,30758.6796875,123.0,155.0,544.0,138.0,153.9569417713786,,,,133.8329742589624,,,,,,,2.5,2.0
15414952234,Strength,str,2024-05-15 18:59:01,4039.73388671875,0.0,96.0,133.0,316.0,,,,,,,,,,,,,0.699999988079071,0.0
15403998309,Las Condes - FARTLEK pista,run,2024-05-15 05:56:01,3737.653076171875,12111.25,145.0,180.0,697.0,,,,,,308.64197440017307,175.109375,7.419999694824219,256.0,,,,3.5,3.0
15398036632,Natación en piscina,swim,2024-05-14 18:43:36,3185.8759765625,2480.0,113.0,141.0,397.0,,,,,,1142.857142857143,,,,,,9.399999618530273,1.399999976158142,0.0
15385581007,Zwift - INTERVALOS VO2 in Watopia,bike,2024-05-14 05:07:56,3966.0,34765.91015625,122.0,148.0,610.0,160.0,182.28708149277523,,,,114.09012673477051,,,,,,,3.0999999046325684,1.0
15380520501,Strength,str,2024-05-13 18:30:19,3593.27197265625,0.0,102.0,148.0,298.0,,,,,,,,,,,,,1.100000023841858,0.0
15368873050,Las Condes - fartlek,run,2024-05-13 05:23:06,3147.260009765625,10434.91015625,145.0,161.0,608.0,,,,,,301.5681557905804,177.703125,,,,,,3.299999952316284,0.0
15356771443,Zwift - Rodillo Largo in Watopia,bike,2024-05-12 06:46:41,11165.4580078125,86297.53125,115.0,139.0,1320.0,126.0,142.77789136920646,,,,129.39958317473213,,,,,,,3.299999952316284,0.0
15346840743,Strength,str,2024-05-11 17:33:53,3603.044921875,0.0,92.0,126.0,248.0,,,,,,,,,,,,,0.4000000059604645,0.0
15341403445,Zwift - Mountain Mash in Watopia,bike,2024-05-11 10:47:33,4172.33984375,25621.0703125,116.0,136.0,416.0,108.0,116.39315754284021,,,,162.86645305293445,,,,,,,2.200000047683716,0.0
15339489536,Providencia - Endurance,run,2024-05-11 08:30:40,5401.85205078125,19824.9609375,157.0,169.0,1162.0,,,,,,272.4795583682451,180.140625,9.51999969482422,222.60000610351562,,,,4.5,0.20000000298023224
15328533560,Natación en piscina,swim,2024-05-10 17:38:42,3159.031982421875,2280.0,113.0,138.0,366.0,,,,,,1144.16474287109,,,,,,9.199999809265137,1.2999999523162842,0.0
15318056696,Zwift - BILLAT VO2 Max corto in Watopia,bike,2024-05-10 04:55:04,4085.0,33045.62890625,125.0,157.0,580.0,148.0,167.77823855340654,,,,123.62467933304339,,,,,,,3.0,0.0
15312657845,Strength,str,2024-05-09 17:58:54,3557.905029296875,0.0,113.0,149.0,379.0,,,,,,,,,,,,,1.7000000476837158,0.0
15300849396,Zwift - ENDURANCE in Watopia,bike,2024-05-09 05:24:28,3831.0,28208.220703125,120.0,139.0,490.0,134.0,144.00525425999413,,,,135.81420771397282,,,,,,,2.4000000953674316,0.0
15285394176,Entrenamiento en cinta,run,2024-05-08 05:37:06,4727.0322265625,12905.1396484375,135.0,149.0,697.0,,,,,,366.30036374116304,172.984375,8.94000015258789,261.70001220703125,,,,2.799999952316284,0.0
15266357751,Zwift - INTERVALOS VO2 in Watopia,bike,2024-05-07 05:23:46,3906.0,34720.859375,128.0,154.0,612.0,164.0,183.93075739459866,,,,112.4985945400348,,,,,,,3.299999952316284,0.0
15261266262,Natación en piscina,swim,2024-05-06 18:26:55,4114.9072265625,3040.0,111.0,126.0,479.0,,,,,,1172.3329628714764,,,,,,9.100000381469727,1.399999976158142,0.0
15250289014,Las Condes Carrera,run,2024-05-06 05:21:47,3105.220947265625,10015.5,162.0,180.0,621.0,,,,,,310.07752854923956,176.21875,,,,,,3.299999952316284,0.0
15241208393,Colina Ciclismo en ruta,bike,2024-05-05 08:33:12,11589.0,104797.0078125,,,1612.0,140.0,166.98040123206513,,,,110.58276849865005,,,,,,,,
15223240999,Zwift - Mountain Mash in Watopia,bike,2024-05-04 11:05:38,3774.06494140625,23341.099609375,0.0,0.0,389.0,109.0,118.65076451107572,,,,161.7076322012512,,,,,,,,
15221495270,Providencia - long running,run,2024-05-04 08:33:34,4802.62109375,17176.560546875,152.0,170.0,1040.0,,,,,,279.6420601045508,181.671875,,,,,,4.400000095367432,0.0
15210218395,Natación en piscina,swim,2024-05-03 16:36:04,5260.796875,3700.0,110.0,136.0,599.0,,,,,,1076.4262415955207,,,,,,8.899999618530273,1.600000023841858,0.0
15201416596,Zwift - Flat Route in Watopia,bike,2024-05-03 05:28:10,5419.0,46746.1484375,0.0,0.0,610.0,117.0,118.72541492728253,,,,115.92858255545568,,,,,,,,
15195701938,Strength,str,2024-05-02 18:08:13,3781.802001953125,0.0,99.0,129.0,303.0,,,,,,,,,,,,,0.6000000238418579,0.0
15184521021,Las Condes - Fartlek AER,run,2024-05-02 05:23:40,2534.507080078125,8870.3603515625,154.0,173.0,523.0,,,,,,285.7142857142857,180.28125,,,,,,3.4000000953674316,0.0
15169719359,Zwift - INTERVALOS pedalo largo (rodillo) in Watopia,bike,2024-05-01 07:09:51,5387.81494140625,50181.26953125,127.0,155.0,755.0,147.0,161.91095628272714,,,,107.37678830580003,,,,,,,3.200000047683716,0.0
15161238893,Natación en piscina,swim,2024-04-30 19:36:51,2960.218017578125,2240.0,106.0,121.0,367.0,,,,,,1219.512205759306,,,,,,9.5,0.800000011920929,0.0
15121746072,Santiago - Plan de carrera MARATÓN DE SANT,run,2024-04-28 07:30:13,11812.80859375,42883.4296875,165.0,171.0,2550.0,,,,,,275.48208497894694,181.640625,8.85,223.3000030517578,,,,5.0,0.10000000149011612
15083115758,Zwift - RODAJE SUAVE in Watopia,bike,2024-04-26 05:20:17,2743.0,23207.939453125,112.0,126.0,313.0,119.0,121.17906339146634,,,,118.20330915968104,,,,,,,2.0,0.0
15067746604,Las Condes - trote - easy run o bicicleta sua,run,2024-04-25 05:25:08,1863.7900390625,5991.64013671875,134.0,148.0,339.0,,,,,,311.04199897261236,177.734375,8.990000152587891,248.60000610351562,,,,2.5,0.0
15062589457,Natación en piscina,swim,2024-04-24 19:09:33,2973.39306640625,2320.0,106.0,140.0,354.0,,,,,,1182.0330749408622,,,,,,9.100000381469727,0.800000011920929,0.0
15052333071,Las Condes Carrera,run,2024-04-24 06:01:44,3527.472900390625,10888.7099609375,137.0,166.0,688.0,,,,,,323.9391106577356,166.796875,,,,,,3.4000000953674316,0.0
15035723139,Las Condes - t2 - easy run,run,2024-04-23 06:36:44,998.1680297851562,3305.22998046875,135.0,151.0,189.0,,,,,,302.0235479203686,178.828125,9.230000305175782,248.0,,,,2.200000047683716,0.0
15035370226,Zwift - ESTIMULO AER in Watopia,bike,2024-04-23 05:19:43,4062.0,32398.380859375,110.0,135.0,505.0,130.0,145.5410183721914,,,,125.39185102925376,,,,,,,2.4000000953674316,0.0
15029482868,Natación en piscina,swim,2024-04-22 17:46:27,2468.589111328125,2000.0,112.0,130.0,329.0,,,,,,1148.1056364027672,,,,,,8.899999618530273,1.0,0.0
15019744152,Las Condes - running con aceleraciones,run,2024-04-22 05:26:22,2792.322021484375,8204.259765625,130.0,150.0,474.0,,,,,,340.3676012031293,171.265625,8.60999984741211,248.89999389648438,,,,2.5999999046325684,0.0
15014711009,Colina Ciclismo en ruta,bike,2024-04-21 08:31:48,9424.9560546875,85149.7578125,121.0,160.0,1245.0,133.0,158.27649243546335,,,,110.69293292948385,,,,,,,,
14992030763,Providencia - endurance,run,2024-04-20 08:19:21,5570.4140625,18781.9296875,142.0,160.0,1068.0,,,,,,296.55990694604816,180.25,9.230000305175782,238.39999389648438,,,,3.5,0.0
14973386508,Las Condes - easy run,run,2024-04-19 06:19:48,1721.9189453125,5609.93017578125,134.0,145.0,316.0,,,,,,306.9367807285188,176.625,9.230000305175782,247.89999389648438,,,,2.4000000953674316,0.0
14973380692,Strength,str,2024-04-19 05:16:25,3609.56591796875,0.0,78.0,121.0,132.0,,,,,,,,,,,,,0.10000000149011612,0.0
14957778096,Zwift - ENDURANCE in Watopia,bike,2024-04-18 05:19:34,4058.0,39665.33984375,119.0,137.0,548.0,141.0,148.2103861201945,,,,102.31225525140451,,,,,,,2.5999999046325684,0.0
14953116791,Natación en piscina,swim,2024-04-17 19:35:26,1926.22802734375,1660.0,109.0,122.0,208.0,,,,,,1226.9938686200999,,,,,,9.899999618530273,0.800000011920929,0.0
14953115885,Natación en piscina,swim,2024-04-17 18:47:23,2732.824951171875,1380.0,112.0,132.0,264.0,,,,,,1165.501192058188,,,,,,9.300000190734863,1.100000023841858,0.0
14942701351,Las Condes - INTERVALOS,run,2024-04-17 06:01:08,3766.2470703125,12825.7001953125,144.0,166.0,717.0,,,,,,293.6857587084925,178.5625,7.930000305175781,240.89999389648438,,,,3.4000000953674316,1.2000000476837158
14926354580,Vitacura - easy run,run,2024-04-16 06:36:33,3091.89794921875,10883.990234375,131.0,144.0,539.0,,,,,,284.09091063028524,178.609375,8.740000152587891,249.8000030517578,,,,2.5999999046325684,0.0
14926342752,Strength,str,2024-04-16 05:26:20,3994.805908203125,0.0,77.0,116.0,137.0,,,,,,,,,,,,,0.10000000149011612,0.0
14920716888,Natación en piscina,swim,2024-04-15 19:31:32,3772.712890625,2940.0,110.0,154.0,456.0,,,,,,1133.786810681936,,,,,,9.0,2.0,0.20000000298023224
14909512174,Las Condes - Fartlek con aceleraciones,run,2024-04-15 05:23:56,3088.301025390625,9869.7802734375,140.0,155.0,580.0,,,,,,312.8911041823511,176.625,9.469999694824219,239.39999389648438,,,,3.0,0.0
14899141883,Colina Ciclismo en ruta,bike,2024-04-14 08:33:00,8576.82421875,77179.1875,117.0,149.0,1033.0,121.0,141.60294642666176,,,,111.12346315520072,,,,,,,,
14880564331,Providencia - último largo,run,2024-04-13 08:22:50,9081.4921875,31072.9609375,150.0,168.0,1790.0,,,,,,292.2267738356576,181.5625,9.09000015258789,236.89999389648438,,,,4.5,0.0
14868358401,Strength,str,2024-04-12 15:42:10,3681.071044921875,0.0,88.0,125.0,228.0,,,,,,,,,,,,,0.30000001192092896,0.0
14858655943,Las Condes - easy run am,run,2024-04-12 05:23:13,2716.44091796875,8731.8203125,140.0,151.0,512.0,,,,,,311.1387691829965,175.1875,9.469999694824219,240.6999969482422,,,,2.9000000953674316,0.0
14853633660,Natación en piscina,swim,2024-04-11 18:18:37,3526.030029296875,2880.0,110.0,143.0,363.0,,,,,,1121.0762086127772,,,,,,9.300000190734863,1.399999976158142,0.0
14842993358,Las Condes - t2 - easy run,run,2024-04-11 06:27:32,1291.4749755859375,4402.83984375,144.0,155.0,257.0,,,,,,293.3411626574251,177.828125,9.419999694824218,241.6999969482422,,,,2.5,0.0
14842569352,Zwift - race pace in Watopia,bike,2024-04-11 05:24:32,3322.14208984375,31036.23046875,123.0,148.0,473.0,149.0,161.47624488615978,,,,107.0434595571958,,,,,,,2.700000047683716,0.0
14837655397,Natación en piscina,swim,2024-04-10 18:24:29,4506.72998046875,3120.0,108.0,128.0,518.0,,,,,,1067.235885737448,,,,,,8.600000381469727,1.2000000476837158,0.0
14826892794,Las Condes - INTERVALOS umbral,run,2024-04-10 06:01:28,4292.01123046875,15117.6796875,145.0,165.0,845.0,,,,,,283.92957946605475,176.609375,8.35,236.1999969482422,,,,3.700000047683716,0.800000011920929
14821047357,Natación en piscina,swim,2024-04-09 18:55:07,3087.7109375,2520.0,108.0,131.0,378.0,,,,,,1161.4401839007508,,,,,,9.100000381469727,0.8999999761581421,0.0
14809929073,Las Condes - easy run,run,2024-04-09 06:09:42,3117.777099609375,10002.76953125,141.0,150.0,577.0,,,,,,311.7207036291277,174.078125,9.740000152587891,242.0,,,,2.9000000953674316,0.0
14808944716,Zwift - sweet spot in Watopia,bike,2024-04-09 04:57:03,3907.0,30659.51953125,126.0,155.0,552.0,148.0,167.9613005243068,,,,127.43723517824606,,,,,,,3.0,1.0
14804467655,Strength,str,2024-04-08 18:59:58,3787.35205078125,0.0,101.0,134.0,317.0,,,,,,,,,,,,,1.0,0.0
14794757563,Las Condes - Fartlek trote caminata,run,2024-04-08 05:24:23,3801.597900390625,11080.169921875,131.0,149.0,640.0,,,,,,343.0531777311973,171.828125,8.759999847412109,244.1999969482422,,,,2.799999952316284,0.0
14780369151,Las Condes Carrera,run,2024-04-07 06:57:30,9138.5830078125,34215.76171875,156.0,172.0,1916.0,,,,,,267.09402008752966,180.921875,9.1,221.89999389648438,,,,5.0,0.30000001192092896
14760905444,Zwift - Active Recovery in Watopia,bike,2024-04-06 08:24:27,3651.277099609375,31299.44921875,110.0,120.0,395.0,113.0,114.55029197278648,,,,116.658895533384,,,,,,,2.0,0.0
14759678855,Las Condes - easy run am,run,2024-04-06 07:26:00,2528.68310546875,8138.14990234375,133.0,150.0,453.0,,,,,,310.7520261504734,176.625,9.380000305175782,246.60000610351562,,,,2.5999999046325684,0.0
14742974696,Las Condes - z2,run,2024-04-05 05:25:30,4790.9658203125,15270.080078125,139.0,152.0,873.0,,,,,,313.7747061904369,174.484375,9.790000152587892,239.89999389648438,,,,3.200000047683716,0.0
14737903170,Natación en piscina,swim,2024-04-04 18:24:40,3312.888916015625,2420.0,116.0,148.0,386.0,,,,,,1186.2396277841926,,,,,,8.699999809265137,2.0,0.0
14736228352,Strength,str,2024-04-04 06:47:25,3583.64208984375,0.0,90.0,125.0,185.0,,,,,,,,,,,,,0.20000000298023224,0.0
14727487544,Zwift - ENDURANCE in Watopia,bike,2024-04-04 05:29:26,4386.0,32450.5390625,122.0,141.0,601.0,143.0,149.41222209926292,,,,135.17167233977,,,,,,,2.5999999046325684,0.0
14712449941,Las Condes - INTERVALOS umbral,run,2024-04-03 06:01:38,3958.513916015625,13616.6796875,145.0,169.0,842.0,,,,,,290.69766958318195,169.859375,,,,,,4.099999904632568,0.0
14707426193,Natación en piscina,swim,2024-04-02 19:38:45,2590.27001953125,2020.0,105.0,131.0,315.0,,,,,,1142.857142857143,,,,,,9.0,0.699999988079071,0.0
14696101374,Las Condes Carrera,run,2024-04-02 06:49:46,1608.571044921875,6020.27001953125,154.0,165.0,345.0,,,,,,267.16537318908894,182.375,9.09000015258789,227.39999389648438,,,,3.0999999046325684,0.0
14695655579,Zwift - sweet spot in Watopia,bike,2024-04-02 05:28:23,4390.0,37709.3984375,125.0,157.0,639.0,152.0,171.28363321444692,,,,116.42799270148771,,,,,,,3.200000047683716,0.800000011920929
14649778330,Mogi Guaçu Carrera,run,2024-03-30 07:44:12,4931.56298828125,15315.3896484375,134.0,148.0,867.0,,,,,,321.95750714564906,175.609375,9.35,246.6999969482422,,,,3.0999999046325684,0.0
14631535477,Las Condes - ENDURANCE,run,2024-03-29 04:19:36,8776.1689453125,32239.830078125,150.0,167.0,1784.0,,,,,,272.18290507650516,179.859375,9.40999984741211,227.60000610351562,,,,4.699999809265137,0.30000001192092896
14627591245,Las Condes Ciclismo,bike,2024-03-28 18:49:44,3936.221923828125,15953.83984375,120.0,155.0,527.0,,,,,,246.73081830457036,,,,,,,2.4000000953674316,0.0
14617476691,Las Condes - easy run,run,2024-03-28 06:37:22,1582.2869873046875,6028.31005859375,146.0,158.0,331.0,,,,,,262.46719554291167,180.1875,9.40999984741211,223.1999969482422,,,,3.0999999046325684,0.0
14617062586,Zwift - ENDURANCE in Watopia,bike,2024-03-28 05:19:42,4026.0,30694.880859375,118.0,133.0,547.0,142.0,148.40146226053625,,,,131.16474167015713,,,,,,,2.4000000953674316,0.0
14613182137,Las Condes Ciclismo,bike,2024-03-27 19:05:11,4305.14208984375,16845.640625,110.0,150.0,502.0,,,,,,255.5583881174084,,,,,,,1.899999976158142,0.0
14603097091,Las Condes - INTERVALOS largo umbral,run,2024-03-27 06:00:49,4152.462890625,14523.51953125,145.0,172.0,809.0,,,,,,285.8776520063319,184.09375,7.65,241.10000610351562,,,,3.700000047683716,0.5
14586996473,Las Condes - t2 - easy run,run,2024-03-26 06:42:48,1041.9530029296875,4029.77001953125,153.0,163.0,224.0,,,,,,258.53153880823254,183.796875,9.05,227.5,,,,2.799999952316284,0.6000000238418579
14586697106,Zwift - intervalos umbral 5x6 in Watopia,bike,2024-03-26 05:22:09,4388.0,38609.41015625,126.0,153.0,653.0,155.0,176.88949966316218,,,,113.66219161677166,,,,,,,3.200000047683716,0.6000000238418579
14582429359,Strength,str,2024-03-25 19:03:51,3760.304931640625,0.0,111.0,153.0,388.0,,,,,,,,,,,,,2.0999999046325684,0.0
14571510337,Las Condes - recovery,run,2024-03-25 05:27:21,3743.06396484375,11347.1904296875,131.0,149.0,645.0,,,,,,329.8152963758332,174.6875,8.76999969482422,246.8000030517578,,,,2.9000000953674316,0.0
14559836668,Las Condes - stgo 21k - ritmo mds,run,2024-03-24 06:10:44,8170.7578125,30005.5703125,155.0,179.0,1704.0,,,,,,272.33115977655143,184.546875,8.950000000000001,223.60000610351562,,,,5.0,1.7999999523162842
14535084045,Strength,str,2024-03-22 16:11:43,3931.72802734375,0.0,78.0,114.0,182.0,,,,,,,,,,,,,0.10000000149011612,0.0
14526660933,Zwift - ENDURANCE in Watopia,bike,2024-03-22 05:23:42,4131.0,36778.21875,120.0,138.0,548.0,138.0,147.6516440070035,,,,112.33430150590974,,,,,,,2.5,0.0
14522597283,Strength,str,2024-03-21 19:18:20,3796.23095703125,0.0,93.0,129.0,260.0,,,,,,,,,,,,,0.5,0.0
14511462045,Las Condes - EASY RUN,run,2024-03-21 05:28:35,3124.180908203125,10055.009765625,139.0,152.0,584.0,,,,,,310.7520261504734,178.0625,9.09000015258789,242.89999389648438,,,,3.0,0.0
14507791930,Natación en piscina,swim,2024-03-20 19:56:07,3366.662109375,2480.0,116.0,145.0,400.0,,,,,,1082.2510532088843,,,,,,8.699999809265137,1.899999976158142,0.0
14495979819,Las Condes - INTERVALOS largo umbral,run,2024-03-20 06:00:41,3614.864013671875,12277.990234375,146.0,168.0,684.0,,,,,,294.3773853701113,180.5,7.180000305175781,252.1999969482422,,,,3.4000000953674316,0.699999988079071
14478941327,Las Condes - RACE PACE,run,2024-03-19 06:31:48,1555.5899658203125,5986.81982421875,153.0,168.0,330.0,,,,,,259.8077438156735,185.359375,8.61999969482422,231.6999969482422,,,,3.0999999046325684,0.0
14478546319,Zwift - intervalos umbral in Watopia,bike,2024-03-19 05:18:34,3916.0,36555.69921875,125.0,158.0,560.0,149.0,170.85796938050228,,,,107.13520883159259,,,,,,,3.0999999046325684,0.5
14474370248,Natación en piscina,swim,2024-03-18 19:31:35,3219.072998046875,2420.0,120.0,154.0,384.0,,,,,,1075.2688089344927,,,,,,9.100000381469727,2.200000047683716,0.10000000149011612
14463323313,Las Condes - Fartlek AER,run,2024-03-18 05:25:02,3769.155029296875,11837.2001953125,137.0,161.0,679.0,,,,,,318.3699425905374,174.28125,8.759999847412109,245.89999389648438,,,,3.0999999046325684,0.10000000149011612
14452636830,Colina Ciclismo en ruta,bike,2024-03-17 08:06:26,3944.56591796875,26261.2109375,95.0,129.0,266.0,68.0,113.40920938767586,,,,150.19525400208755,,,,,,,,
14452717683,Colina - fondo z2,bike,2024-03-17 08:06:18,10079.69921875,26861.009765625,80.0,129.0,464.0,,,,,,375.2345269471149,,,,,,,0.6000000238418579,0.0
14436772891,Zwift - Active Recovery in Watopia,bike,2024-03-16 11:36:47,2836.0,24715.330078125,127.0,143.0,311.0,115.0,120.92114249337182,,,,114.75786422912437,,,,,,,2.0999999046325684,0.0
14435427262,Providencia - fondo z2,run,2024-03-16 08:18:50,8683.857421875,30015.689453125,154.0,175.0,1771.0,,,,,,289.3518443463375,182.59375,8.90999984741211,238.5,,,,4.800000190734863,0.4000000059604645
14424389403,Las Condes Carrera,run,2024-03-15 16:25:47,1295.85595703125,3906.159912109375,143.0,157.0,234.0,,,,,,331.7850100366788,175.578125,,,,,,2.299999952316284,0.0
14413495160,Strength,str,2024-03-14 06:21:02,1961.4429931640625,0.0,86.0,117.0,90.0,,,,,,,,,,,,,0.10000000149011612,0.0
14400406128,Zwift - ENDURANCE in Watopia,bike,2024-03-14 05:16:22,3630.0,35066.390625,119.0,134.0,496.0,143.0,148.927887281589,,,,103.51967037224101,,,,,,,2.4000000953674316,0.0
14396517846,Natación en piscina,swim,2024-03-13 20:02:03,2788.5400390625,2140.0,100.0,126.0,325.0,,,,,,1175.0881164659336,,,,,,8.800000190734863,0.5,0.0
14384919641,Las Condes - INTERVALOS,run,2024-03-13 06:00:09,4010.49609375,13976.8603515625,144.0,168.0,786.0,,,,,,286.94405454853063,189.40625,8.040000152587892,234.89999389648438,,,,3.700000047683716,2.200000047683716
14379451151,Strength,str,2024-03-12 19:14:11,2046.22998046875,0.0,94.0,124.0,153.0,,,,,,,,,,,,,0.4000000059604645,0.0
14368194776,Las Condes - progresivo,run,2024-03-12 06:40:16,928.4210205078125,3439.760009765625,153.0,170.0,199.0,,,,,,269.9055386213653,5.234375,,,,,,2.700000047683716,0.20000000298023224
14367922911,Zwift - sweet spot in Watopia,bike,2024-03-12 05:21:26,4329.31396484375,41148.08984375,123.0,149.0,641.0,155.0,170.92318645118843,,,,105.2188584285285,,,,,,,3.0999999046325684,0.0
14363469989,Natación en piscina,swim,2024-03-11 18:57:05,3710.028076171875,2480.0,106.0,141.0,414.0,,,,,,1133.786810681936,,,,,,8.899999618530273,1.100000023841858,0.0
14352762036,Las Condes - Fartlek trote caminata,run,2024-03-11 05:31:30,3727.1201171875,10930.0400390625,130.0,148.0,629.0,,,,,,340.94782478210266,173.09375,8.26999969482422,250.39999389648438,,,,2.9000000953674316,0.10000000149011612
14342354365,Colina - RUN 2 - RACE PACE,run,2024-03-10 11:01:22,901.3330078125,3625.6201171875,164.0,169.0,205.0,,,,,,248.57073298279144,185.46875,8.51999969482422,226.1999969482422,,,,2.9000000953674316,0.0
14342426052,Colina Ciclismo en ruta,bike,2024-03-10 10:18:24,2511.514892578125,25350.619140625,151.0,163.0,461.0,185.0,197.61458922164292,,,,99.06875506291095,,,,,,,,
14342375989,Colina - RUN 1 - Z1-Z2,run,2024-03-10 09:49:59,1501.0860595703125,5278.06982421875,149.0,156.0,311.0,,,,,,284.414104316807,181.25,8.700000000000001,238.6999969482422,,,,3.0,0.0
14342412707,Colina Ciclismo en ruta,bike,2024-03-10 08:21:28,6932.52294921875,43412.53125,104.0,141.0,489.0,85.0,126.57406024342185,,,,159.6933865534969,,,,,,,,
14331427963,recovery ride,bike,2024-03-09 17:24:33,2714.681884765625,0.0,100.0,113.0,245.0,,,,,,,,,,,,,0.699999988079071,0.0
14325882355,Providencia - trote plano,run,2024-03-09 08:22:03,7592.3291015625,25003.109375,143.0,171.0,1427.0,,,,,,303.67446256086174,178.53125,8.6,241.39999389648438,,,,4.099999904632568,0.4000000059604645
14315649321,Strength,str,2024-03-08 16:38:58,3606.759033203125,0.0,99.0,131.0,281.0,,,,,,,,,,,,,0.8999999761581421,0.0
14306994381,Las Condes - t2 easy de z1 a z2,run,2024-03-08 05:24:39,3319.803955078125,10348.400390625,137.0,149.0,597.0,,,,,,320.8212919334056,176.640625,9.1,250.10000610351562,,,,3.0,0.0
14302723192,Natación en piscina,swim,2024-03-07 18:53:30,3648.2529296875,2600.0,116.0,152.0,426.0,,,,,,1024.590152421167,,,,,,8.899999618530273,2.0,0.4000000059604645
14291882976,Zwift - ENDURANCE in Watopia,bike,2024-03-07 05:29:25,4209.0,31513.55078125,119.0,136.0,568.0,141.0,147.97581070830202,,,,133.5648459367608,,,,,,,2.5,0.0
14287239914,Natación en piscina,swim,2024-03-06 18:47:41,3774.971923828125,3020.0,115.0,148.0,460.0,,,,,,1142.857142857143,,,,,,9.5,2.0,0.0
14276770338,Las Condes - INTERVALOS,run,2024-03-06 06:01:35,4702.85791015625,14850.3603515625,138.0,171.0,840.0,,,,,,316.65611222795894,174.078125,,,,,,3.4000000953674316,1.7000000476837158
14271783850,Natación en piscina,swim,2024-03-05 19:36:40,3644.116943359375,2680.0,97.0,127.0,432.0,,,,,,1102.5358260385551,,,,,,9.100000381469727,0.4000000059604645,0.0
14260280868,Las Condes - race pace,run,2024-03-05 06:42:24,1264.35205078125,5067.97998046875,160.0,171.0,280.0,,,,,,249.50100441562165,185.96875,8.85,226.1999969482422,,,,3.0999999046325684,0.0
14259944423,Zwift - INTERVALOS FTP in Watopia,bike,2024-03-05 05:26:34,4028.0,32115.599609375,126.0,152.0,621.0,161.0,178.3335351518573,,,,125.42330286970085,,,,,,,3.0999999046325684,0.0
14255146731,Strength,str,2024-03-04 18:58:52,3491.072021484375,0.0,98.0,144.0,267.0,,,,,,,,,,,,,1.0,0.0
14244141536,Las Condes - Fartlek AER,run,2024-03-04 05:25:32,3843.738037109375,11677.5595703125,133.0,148.0,663.0,,,,,,329.1639120610603,174.65625,8.580000305175782,249.6999969482422,,,,3.0,0.20000000298023224
14233474761,Puente Alto - t2,run,2024-03-03 11:15:40,1801.4949951171875,6670.52978515625,160.0,169.0,394.0,,,,,,270.0513047413039,179.78125,9.0,231.3000030517578,,,,3.4000000953674316,0.10000000149011612
14233815306,Puente Alto Ciclismo en ruta,bike,2024-03-03 07:45:24,12330.6787109375,98887.7734375,127.0,173.0,1705.0,139.0,179.84621494690566,,,,124.68827218481779,,,,,,,,
14233462560,Puente Alto - rodaje con intervalos,bike,2024-03-03 07:44:45,2406.864990234375,13794.2900390625,104.0,138.0,235.0,0.0,0.0,0.0,0.0,,174.48961949376218,,,,,,,1.7999999523162842,0.0
14221692532,Natación en piscina,swim,2024-03-02 16:41:56,2846.197998046875,2160.0,113.0,145.0,354.0,,,,,,1123.595523677711,,,,,,8.699999809265137,1.5,0.0
14215877976,Providencia - trote AerM con desnivel,run,2024-03-02 08:23:51,7201.2119140625,24805.080078125,152.0,177.0,1432.0,,,,,,290.2757675988383,181.453125,8.95999984741211,238.60000610351562,,,,4.5,0.0
14198035426,Las Condes - z2,run,2024-03-01 05:21:19,3002.361083984375,9383.2900390625,141.0,158.0,555.0,,,,,,320.0,175.359375,9.35999984741211,250.3000030517578,,,,3.0,0.0
14194240153,Natación en piscina,swim,2024-02-29 19:15:31,3476.458984375,2500.0,105.0,139.0,411.0,,,,,,1154.7344155361916,,,,,,9.300000190734863,1.0,0.0
14183458570,Zwift - ENDURANCE in Watopia,bike,2024-02-29 05:18:57,4240.2568359375,41334.1796875,123.0,139.0,569.0,140.0,147.83437664441988,,,,102.5851441454054,,,,,,,2.5,0.0
14179536540,Natación en piscina,swim,2024-02-28 19:24:38,3584.9208984375,2560.0,111.0,136.0,416.0,,,,,,1160.0928228262283,,,,,,9.399999618530273,1.2000000476837158,0.0
14169557209,Vitacura - INTERVALOS,run,2024-02-28 06:06:06,3900.117919921875,13124.0400390625,144.0,167.0,737.0,,,,,,297.17681936579527,175.921875,8.380000305175782,240.5,,,,3.4000000953674316,0.8999999761581421
14152637366,Las Condes - T2,run,2024-02-27 06:24:22,1459.948974609375,5134.43994140625,151.0,162.0,301.0,,,,,,284.3332417937944,183.25,8.90999984741211,239.3000030517578,,,,3.0,0.0
14152132286,Zwift - INTERVALOS FTP in Watopia,bike,2024-02-27 05:20:35,3522.39208984375,34265.171875,131.0,155.0,548.0,163.0,180.79243248156615,,,,102.80661824664134,,,,,,,3.0999999046325684,0.0
14148061771,Las Condes - Fartlek AER,run,2024-02-26 19:33:30,3601.614990234375,10457.91015625,127.0,146.0,600.0,,,,,,344.3526118779576,166.21875,,,,,,2.799999952316284,0.0
14132242271,Strength,str,2024-02-25 16:36:46,4056.23388671875,0.0,94.0,137.0,287.0,,,,,,,,,,,,,0.699999988079071,0.0
14128785232,Colina - t2,run,2024-02-25 11:39:17,902.2470092773438,3328.800048828125,160.0,170.0,196.0,,,,,,271.0761803933577,177.90625,9.19000015258789,235.10000610351562,,,,2.700000047683716,0.0
14128839956,Colina Ciclismo en ruta,bike,2024-02-25 07:41:59,13828.248046875,112276.53125,123.0,168.0,1674.0,126.0,169.9086087823002,,,,123.16787122026258,,,,,,,,
14115510661,Natación en piscina,swim,2024-02-24 16:22:53,2729.464111328125,2000.0,108.0,130.0,321.0,,,,,,1194.743112530292,,,,,,9.199999809265137,1.0,0.0
14109756228,Providencia - trote planos,run,2024-02-24 08:16:14,7299.72900390625,24009.91015625,151.0,174.0,1408.0,,,,,,304.0437791308864,176.828125,8.69000015258789,241.8000030517578,,,,4.400000095367432,1.100000023841858
14101419633,Strength,str,2024-02-23 17:44:19,3830.326904296875,0.0,85.0,132.0,220.0,,,,,,,,,,,,,0.4000000059604645,0.0
14091673144,Las Condes - easy run,run,2024-02-23 05:23:36,2403.9169921875,6833.0,133.0,145.0,406.0,,,,,,351.86488294000145,177.6875,,,,,,2.5,0.10000000149011612
14087547484,Zwift - recovery ride in Watopia,bike,2024-02-22 19:12:22,2716.0,20316.310546875,104.0,116.0,310.0,119.0,120.4228772632724,,,,133.68983923129258,,,,,,,1.7000000476837158,0.0
14063164190,Vitacura - INTERVALOS,run,2024-02-21 06:05:25,4324.5419921875,13995.4296875,144.0,167.0,800.0,,,,,,309.0234799563361,171.90625,,,,,,3.5,1.399999976158142
14058373746,Natación en piscina,swim,2024-02-20 19:31:42,3860.485107421875,2740.0,110.0,141.0,448.0,,,,,,1135.0738025267633,,,,,,9.0,1.2000000476837158,0.0
14046890351,Yoga,str,2024-02-20 07:11:43,869.2730102539062,0.0,81.0,98.0,30.0,,,,,,,,,,,,,0.0,0.0
14046737191,Las Condes Carrera,run,2024-02-20 06:42:00,1386.1689453125,5010.43994140625,155.0,164.0,292.0,,,,,,276.6251721609673,183.265625,9.169999694824218,233.10000610351562,,,,3.0999999046325684,0.0
14046367497,Zwift - INTERVALOS FTP in Watopia,bike,2024-02-20 05:27:45,4077.0,39463.71875,122.0,147.0,611.0,156.0,172.91133432397376,,,,103.31645937050794,,,,,,,3.0,0.0
14042045470,Natación en piscina,swim,2024-02-19 18:57:00,3667.3310546875,2760.0,112.0,147.0,458.0,,,,,,1071.8113288813627,,,,,,8.199999809265137,1.5,0.0
14031019250,Las Condes - Fartlek AER,run,2024-02-19 05:24:01,3601.468017578125,10587.5,131.0,157.0,608.0,,,,,,340.13604780178883,171.609375,8.780000305175781,253.0,,,,2.9000000953674316,0.10000000149011612
14026277097,Strength,str,2024-02-18 16:33:40,4420.65185546875,0.0,93.0,144.0,307.0,,,,,,,,,,,,,1.0,0.0
14022978888,Colina Ciclismo en ruta,bike,2024-02-18 07:39:24,14516.73046875,109341.1484375,131.0,174.0,1825.0,126.0,170.14606425968495,,,,132.76686024828578,,,,,,,,
14005720982,Natación en piscina,swim,2024-02-17 11:24:00,2342.40087890625,2040.0,128.0,153.0,323.0,,,,,,1108.6474378031817,,,,,,8.300000190734863,2.0999999046325684,0.0
14004249906,Providencia Carrera,run,2024-02-17 08:09:46,5806.9990234375,20035.720703125,153.0,177.0,1174.0,,,,,,289.8550684575749,180.9375,8.680000305175781,239.5,,,,4.199999809265137,1.2000000476837158
13993866589,Natación en piscina,swim,2024-02-16 16:16:37,3548.534912109375,2440.0,108.0,144.0,368.0,,,,,,1049.317933361257,,,,,,8.0,1.5,0.0
13985514921,Zwift - trabajo de cadencia in Watopia,bike,2024-02-16 05:21:13,4236.47119140625,38318.01171875,125.0,152.0,583.0,144.0,160.81143843673038,,,,110.5705480179359,,,,,,,3.200000047683716,0.0
13981383712,Las Condes Ciclismo,bike,2024-02-15 18:50:42,4757.076171875,20985.359375,100.0,132.0,407.0,,,,,,226.70597393427,,,,,,,1.100000023841858,0.0
13970652260,Zwift - ENDURANCE in Watopia,bike,2024-02-15 05:25:47,4060.0,37466.25,122.0,139.0,547.0,141.0,148.11936682004495,,,,108.3658467595793,,,,,,,2.5999999046325684,0.0
13966796600,Natación en piscina,swim,2024-02-14 18:36:53,2321.26708984375,2120.0,113.0,141.0,318.0,,,,,,1095.2902667898713,,,,,,8.199999809265137,1.2000000476837158,0.0
13956560442,Vitacura - 800m intensidades de umbral,run,2024-02-14 06:07:55,3933.904052734375,12648.66015625,145.0,173.0,724.0,,,,,,311.04199897261236,174.15625,7.840000152587891,257.6000061035156,,,,3.299999952316284,1.0
13940260941,Zwift - INTERVALOS FTP in Watopia,bike,2024-02-13 05:27:57,4257.0,40805.921875,128.0,153.0,660.0,162.0,178.5101873349603,,,,104.32968137925285,,,,,,,3.299999952316284,0.0
13935927488,Natación en piscina,swim,2024-02-12 19:26:57,2653.22509765625,2140.0,126.0,152.0,330.0,,,,,,1239.157401541729,,,,,,9.399999618530273,2.299999952316284,0.10000000149011612
13925364349,Las Condes - Fartlek AER,run,2024-02-12 05:27:37,3182.677978515625,9565.1904296875,134.0,149.0,550.0,,,,,,332.77868948968427,176.453125,8.219999694824219,250.39999389648438,,,,2.9000000953674316,0.0
13921253651,Strength,str,2024-02-11 17:49:02,4197.5908203125,0.0,87.0,125.0,248.0,,,,,,,,,,,,,0.30000001192092896,0.0
13916825862,Colina Carrera,run,2024-02-11 12:13:15,1501.7039794921875,5320.41015625,165.0,175.0,327.0,,,,,,282.246684968977,176.765625,9.20999984741211,236.8000030517578,,,,3.299999952316284,0.0
13918056889,Colina Ciclismo en ruta,bike,2024-02-11 08:09:17,14194.05078125,112526.3828125,127.0,165.0,1697.0,123.0,161.7496620157148,,,,126.13521737741847,,,,,,,,
13905040453,Natación en piscina,swim,2024-02-10 16:35:49,2696.9970703125,2200.0,130.0,154.0,340.0,,,,,,1225.4902189944812,,,,,,8.800000190734863,2.4000000953674316,0.10000000149011612
13899106191,Providencia - trote con desnivel,run,2024-02-10 08:30:46,6101.4638671875,21042.830078125,156.0,181.0,1262.0,,,,,,289.93912272743677,180.078125,9.030000305175781,238.5,,,,4.599999904632568,0.0
13882421372,Las Condes Carrera,run,2024-02-09 05:17:52,3824.910888671875,12119.66015625,141.0,160.0,704.0,,,,,,315.55696695747116,180.28125,8.640000152587891,251.8000030517578,,,,3.200000047683716,0.0
13877748919,Las Condes Ciclismo,bike,2024-02-08 18:10:53,5314.46484375,25378.41015625,106.0,161.0,504.0,,,,,,209.42407958696617,,,,,,,2.299999952316284,0.800000011920929
13853256487,Vitacura Carrera,run,2024-02-07 06:41:53,2288.991943359375,7343.33984375,152.0,177.0,444.0,,,,,,311.7207036291277,167.65625,7.1000000000000005,279.3999938964844,,,,3.299999952316284,2.5
13853251161,Vitacura - test lactacidemia,run,2024-02-07 06:11:07,933.958984375,3002.22998046875,135.0,148.0,174.0,,,,,,311.04199897261236,184.5625,7.95999984741211,250.39999389648438,,,,2.299999952316284,0.0
13848039919,Natación en piscina,swim,2024-02-06 19:33:45,558.7509765625,575.0,110.0,120.0,98.0,,,,,,971.8172569167451,,,,,,8.5,0.4000000059604645,0.0
13848047137,Natación en piscina,swim,2024-02-06 18:40:13,2716.47509765625,1825.0,99.0,123.0,345.0,,,,,,1042.7528769030446,,,,,,9.5,0.6000000238418579,0.0
13837235108,Zwift - HIIT in Watopia,bike,2024-02-06 05:36:08,4291.0,40943.1484375,125.0,151.0,622.0,151.0,174.05710203260162,,,,104.81081245332084,,,,,,,3.200000047683716,2.299999952316284
13832808607,Yoga,str,2024-02-05 20:08:53,604.2210083007812,0.0,82.0,103.0,29.0,,,,,,,,,,,,,0.0,0.0
13832804767,Las Condes - Fartlek AER,run,2024-02-05 19:06:04,3225.035888671875,9845.66015625,136.0,168.0,586.0,,,,,,327.546678266112,167.8125,,,,,,3.299999952316284,0.4000000059604645
13822203316,Natación en piscina,swim,2024-02-05 05:35:55,3963.8359375,2425.0,111.0,154.0,452.0,,,,,,1246.8828145165107,,,,,,11.5,2.0,0.10000000149011612
13814234254,Puente Alto Ciclismo en ruta,bike,2024-02-04 08:09:13,11587.787109375,73270.7265625,117.0,178.0,1094.0,100.0,156.45780733670426,,,,158.15277672618367,,,,,,,,
13801610238,Strength,str,2024-02-03 17:18:52,4680.083984375,0.0,89.0,128.0,304.0,,,,,,,,,,,,,0.6000000238418579,0.0
13795122552,Providencia - Fartlek trote y caminata,run,2024-02-03 08:40:39,5571.68505859375,19651.240234375,159.0,176.0,1156.0,,,,,,283.5270808223447,179.921875,8.740000152587891,239.5,,,,4.699999809265137,0.800000011920929
13776997891,Natación en piscina,swim,2024-02-02 05:33:12,2591.113037109375,1850.0,123.0,154.0,320.0,,,,,,1234.5678976006923,,,,,,11.0,2.700000047683716,0.0
13772725671,Yoga,str,2024-02-01 19:32:56,1323.7340087890625,0.0,83.0,109.0,50.0,,,,,,,,,,,,,0.0,0.0
13772724633,Las Condes Carrera,run,2024-02-01 18:54:14,2095.49609375,6531.77978515625,139.0,156.0,381.0,,,,,,320.8212919334056,176.75,8.819999694824219,258.0,,,,2.9000000953674316,0.30000001192092896
13762353881,Yoga,str,2024-02-01 06:27:39,511.67999267578125,0.0,92.0,107.0,25.0,,,,,,,,,,,,,0.0,0.0
13762261729,Zwift - LAC- ENDURANCE in Watopia,bike,2024-02-01 05:17:21,4113.0,37545.19140625,128.0,158.0,579.0,147.0,166.82788403106247,,,,109.55302055017646,,,,,,,3.299999952316284,0.0
13758522477,Yoga,str,2024-01-31 20:12:49,1631.60498046875,0.0,108.0,230.0,138.0,,,,,,,,,,,,,0.6000000238418579,0.0
13758521265,Las Condes Carrera,run,2024-01-31 19:00:33,3395.653076171875,11400.5703125,152.0,175.0,656.0,,,,,,297.88500639795564,0.0,,,,,,3.5,0.5
13730840456,Zwift - Rodillo Z3 continuo in Watopia,bike,2024-01-30 05:25:38,3538.52001953125,33892.08984375,138.0,215.0,531.0,157.0,168.41746270090098,,,,104.4059295083539,,,,,,,3.299999952316284,1.7000000476837158
13726861795,Yoga,str,2024-01-29 20:39:44,1181.1190185546875,0.0,96.0,120.0,81.0,,,,,,,,,,,,,0.20000000298023224,0.0
13726940050,Las Condes Carrera,run,2024-01-29 19:27:29,3278.160888671875,11395.0595703125,150.0,173.0,635.0,,,,,,287.68699070695703,177.1875,9.26999969482422,243.10000610351562,,,,3.5999999046325684,0.30000001192092896
13715819324,Natación en piscina,swim,2024-01-29 06:11:34,2551.8291015625,1875.0,124.0,149.0,340.0,,,,,,1091.703046539124,,,,,,10.699999809265137,2.0999999046325684,0.0
13715781737,Natación en piscina,swim,2024-01-29 05:37:29,1682.989013671875,1275.0,113.0,130.0,206.0,,,,,,1317.52305085941,,,,,,11.800000190734863,0.8999999761581421,0.0
13701742872,Yoga,str,2024-01-28 08:12:08,1453.3280029296875,0.0,92.0,121.0,74.0,,,,,,,,,,,,,0.10000000149011612,0.0
13701128400,Zwift - Nuevo entrenamiento in Watopia,bike,2024-01-28 06:09:19,7245.7587890625,63195.62109375,137.0,153.0,1135.0,163.0,168.7481950214459,,,,114.66575305225547,,,,,,,3.799999952316284,0.0
13694126388,Strength,str,2024-01-27 16:40:03,4156.98095703125,0.0,94.0,132.0,296.0,,,,,,,,,,,,,0.699999988079071,0.0
13685667803,Yoga,str,2024-01-27 08:19:58,704.3870239257812,0.0,90.0,109.0,45.0,,,,,,,,,,,,,0.10000000149011612,0.0
13685666217,Las Condes Carrera,run,2024-01-27 06:41:04,5269.19091796875,18026.509765625,148.0,168.0,1025.0,,,,,,292.31218909234656,180.765625,8.950000000000001,241.8000030517578,,,,4.300000190734863,0.30000001192092896
13670084801,Natación en piscina,swim,2024-01-26 05:29:44,2747.927978515625,1900.0,107.0,129.0,342.0,,,,,,1307.1895669274468,,,,,,11.5,1.0,0.0
13665933228,Yoga,str,2024-01-25 19:32:48,1208.322998046875,0.0,87.0,107.0,53.0,,,,,,,,,,,,,0.10000000149011612,0.0
13665929805,Las Condes Carrera,run,2024-01-25 19:01:11,1828.9549560546875,5616.419921875,139.0,157.0,335.0,,,,,,325.6268211343662,174.828125,9.030000305175781,260.3999938964844,,,,2.799999952316284,0.0
13655842951,Zwift - Rodillo Base 2 in Watopia,bike,2024-01-25 05:28:37,4840.0,39082.46875,131.0,159.0,663.0,143.0,157.57888617314032,,,,123.85434178698526,,,,,,,3.0999999046325684,0.6000000238418579
13651929275,Yoga,str,2024-01-24 20:37:44,335.63299560546875,0.0,97.0,113.0,28.0,,,,,,,,,,,,,0.10000000149011612,0.0
13651928670,Las Condes Carrera,run,2024-01-24 19:25:09,3577.40087890625,12025.73046875,148.0,169.0,682.0,,,,,,297.4419998227107,176.375,9.330000305175782,246.89999389648438,,,,3.5999999046325684,0.20000000298023224
13640388288,Yoga,str,2024-01-23 20:07:27,3721.1640625,0.0,76.0,102.0,126.0,,,,,,,,,,,,,0.10000000149011612,0.0
13636584584,Las Condes Carrera,run,2024-01-23 19:20:14,1739.3780517578125,5006.93994140625,135.0,154.0,298.0,,,,,,347.34283358374597,172.390625,9.3,260.79998779296875,,,,2.4000000953674316,0.0
13626431168,Yoga,str,2024-01-23 06:50:15,851.6610107421875,0.0,81.0,130.0,41.0,,,,,,,,,,,,,0.10000000149011612,0.0
13626108404,Zwift - Rodillo Base 1 in Watopia,bike,2024-01-23 05:28:51,4527.0,40623.640625,0.0,0.0,613.0,141.0,156.45111441459053,,,,111.44545275990576,,,,,,,,
13621816154,Yoga,str,2024-01-22 20:06:50,558.5189819335938,0.0,96.0,157.0,42.0,,,,,,,,,,,,,0.10000000149011612,0.0
13621815607,Las Condes Carrera,run,2024-01-22 19:13:52,2865.404052734375,8602.400390625,140.0,170.0,533.0,,,,,,333.1112487899384,156.875,,,,,,3.4000000953674316,0.0
13611940891,Natación en piscina,swim,2024-01-22 05:38:38,4306.23291015625,3100.0,116.0,143.0,508.0,,,,,,1270.648029725677,,,,,,11.0,2.0,0.0
13588644238,Yoga,str,2024-01-20 09:30:36,1530.5369873046875,0.0,91.0,129.0,88.0,,,,,,,,,,,,,0.20000000298023224,0.0
13588641936,Las Condes Carrera,run,2024-01-20 08:59:38,1740.1519775390625,5007.5,142.0,161.0,323.0,,,,,,347.46351379775035,175.9375,8.780000305175781,259.0,,,,2.799999952316284,0.0
13555421518,Zwift - RODILLO Z2 Sprints finales #1 in Watopia,bike,2024-01-18 05:23:37,3486.0,24512.740234375,0.0,0.0,432.0,129.0,141.73158813724436,,,,142.2272764141738,,,,,,,,
13526504134,Zwift - RODILLO Z2 Activate #1 in Watopia,bike,2024-01-16 05:21:14,3019.0,24278.470703125,0.0,0.0,392.0,135.0,143.14493963809437,,,,124.36263579866218,,,,,,,,
13588637443,Vitacura Carrera,run,2024-01-15 19:52:05,3582.134033203125,11160.5595703125,143.0,173.0,639.0,,,,,,320.92426835679635,172.359375,7.8500000000000005,242.3000030517578,,,,3.4000000953674316,1.2999999523162842
13588623465,Natación en piscina,swim,2024-01-15 05:42:20,3424.445068359375,2150.0,103.0,128.0,385.0,,,,,,1326.2599326910208,,,,,,11.699999809265137,0.800000011920929,0.0
13499607643,Yoga,str,2024-01-14 08:06:32,1416.18701171875,0.0,76.0,95.0,51.0,,,,,,,,,,,,,0.0,0.0
13498787934,Zwift - Nuevo entrenamiento in Watopia,bike,2024-01-14 07:01:17,3742.0,27879.029296875,0.0,0.0,467.0,130.0,137.24589276196937,,,,134.22819135597257,,,,,,,,
13486845908,Yoga,str,2024-01-13 08:56:15,983.2479858398438,0.0,69.0,85.0,28.0,,,,,,,,,,,,,0.0,0.0
13486844634,Las Condes Carrera,run,2024-01-13 07:49:50,1971.115966796875,5599.33984375,134.0,148.0,331.0,,,,,,351.98872643529074,176.96875,8.680000305175781,258.29998779296875,,,,2.299999952316284,0.0
13802903692,Pucón Ciclismo en ruta,bike,2024-01-07 08:54:39,22759.3203125,90375.953125,150.0,168.0,1602.0,164.0,177.45503305070386,,,,251.82573937228608,,,,,,,,
13403370600,Pucón Multideporte,triathlon,2024-01-07 08:13:10,17708.511001586914,114598.05348205566,,179.0,3283.0,,,,,,154.52715350317712,,,,,,,5.0,1.2000000476837158
13371076103,Pucón Carrera,run,2024-01-05 09:44:39,2365.85498046875,6234.7900390625,123.0,150.0,364.0,,,,,,379.5066427397561,166.390625,7.75999984741211,262.6000061035156,,,,2.299999952316284,0.0
13369740064,Pucón Natación en aguas abiertas,swim,2024-01-05 08:31:57,1851.5369873046875,1590.3199462890625,140.0,151.0,320.0,,,,,,1164.144317065059,,,,,,,2.4000000953674316,0.0
13361746028,Natación en piscina,swim,2024-01-04 11:51:46,1830.56396484375,125.0,140.0,149.0,325.0,,,,,,14705.881553743993,,,,,,162.60000610351562,2.4000000953674316,0.0
13363589121,Pucón Ciclismo en ruta,bike,2024-01-04 08:42:17,8316.431640625,43886.69921875,105.0,150.0,674.0,81.0,138.61502220073046,,,,189.50161254454932,,,,,,,,
13326027330,Yoga,str,2024-01-02 09:10:29,966.2210083007812,0.0,83.0,106.0,44.0,,,,,,,,,,,,,0.0,0.0
13325798864,Las Condes Carrera,run,2024-01-02 07:52:00,3944.455078125,11582.9404296875,128.0,150.0,640.0,,,,,,340.4834823496788,175.328125,9.140000152587891,249.5,,,,2.700000047683716,0.0
13324650564,Zwift - RODILLO Z3.5 Sweet Spot   TORQUE / AGIL in Watopia,bike,2024-01-02 06:38:10,3847.0,37524.69921875,0.0,0.0,571.0,155.0,175.37401704681997,,,,102.52204528633207,,,,,,,,
13312759551,Yoga,str,2024-01-01 09:15:10,653.0499877929688,0.0,89.0,150.0,48.0,,,,,,,,,,,,,0.4000000059604645,0.0
13312583303,Las Condes Carrera,run,2024-01-01 08:44:04,1626.333984375,5015.68994140625,171.0,189.0,349.0,,,,,,324.25420367347044,177.015625,,,,,,3.299999952316284,0.699999988079071
13312089863,Zwift - Nuevo entrenamiento in Watopia,bike,2024-01-01 07:40:08,3307.0,24487.880859375,114.0,125.0,438.0,138.0,140.59164823495445,,,,135.0621321280765,,,,,,,2.200000047683716,0.0
13306984469,Yoga,str,2023-12-31 08:24:51,886.5040283203125,0.0,79.0,128.0,37.0,,,,,,,,,,,,,0.20000000298023224,0.10000000149011612
13306983813,Vitacura - TAPER 10min + 4x4min (20+40),run,2023-12-31 07:14:15,1995.7960205078125,7067.669921875,142.0,162.0,390.0,,,,,,282.40610879455534,188.203125,7.980000305175782,237.6999969482422,,,,3.200000047683716,0.0
13288141986,Yoga,str,2023-12-30 10:42:06,967.4219970703125,0.0,63.0,96.0,22.0,,,,,,,,,,,,,0.0,0.0
13288140720,Colina Carrera,run,2023-12-30 09:10:25,1268.2850341796875,3687.7900390625,126.0,136.0,213.0,,,,,,343.87895551017476,176.4375,8.469999694824219,256.20001220703125,,,,2.0,0.0
13363568960,Colina Ciclismo en ruta,bike,2023-12-30 07:10:52,6461.97119140625,55124.58984375,118.0,167.0,733.0,115.0,153.32094804333798,,,,117.21955033435054,,,,,,,,
13283182194,Natación en piscina,swim,2023-12-29 05:39:45,3683.452880859375,2575.0,112.0,143.0,451.0,,,,,,1157.40737738535,,,,,,11.100000381469727,1.2999999523162842,0.0
13257683157,Yoga,str,2023-12-28 06:17:57,812.9710083007812,0.0,84.0,138.0,49.0,,,,,,,,,,,,,0.20000000298023224,0.0
13257548645,Zwift - RODILLO HIIT #2 in Watopia,bike,2023-12-28 05:21:30,3312.0,28658.55078125,119.0,149.0,452.0,142.0,167.4407559188976,,,,115.58020696010264,,,,,,,2.5999999046325684,2.0
13254642994,Vitacura Carrera,run,2023-12-27 19:46:15,2914.31494140625,9804.8095703125,145.0,171.0,583.0,,,,,,297.26515327571457,176.046875,,,,,,3.700000047683716,0.0
13244795972,Natación en piscina,swim,2023-12-27 05:38:47,3558.626953125,3075.0,110.0,142.0,506.0,,,,,,1153.4025590536294,,,,,,11.100000381469727,1.2000000476837158,0.0
13241488001,Las Condes Carrera,run,2023-12-26 19:36:27,2585.510009765625,7350.77978515625,120.0,138.0,380.0,,,,,,351.7411265600987,172.515625,8.9,261.5,,,,2.0999999046325684,0.0
13230846823,Zwift - 20  min in Watopia,bike,2023-12-26 05:24:26,3610.0,34201.73828125,130.0,155.0,537.0,155.0,172.3240186864042,,,,105.55203740931965,,,,,,,3.0999999046325684,0.0
13222765892,Yoga,str,2023-12-25 08:49:21,861.2769775390625,0.0,82.0,102.0,30.0,,,,,,,,,,,,,0.0,0.0
13222764434,Las Condes Carrera,run,2023-12-25 08:02:18,2633.861083984375,8007.43017578125,130.0,145.0,450.0,,,,,,328.94737254879817,175.71875,8.85,253.0,,,,2.5,0.0
13221900336,Zwift - Pacer Group Ride: Triple Flat Loops in Watopia with Taylor,bike,2023-12-25 06:52:14,3708.01708984375,33746.28125,114.0,135.0,452.0,128.0,137.7038523137154,,,,109.89010528354413,,,,,,,2.200000047683716,0.0
13217810735,Strength,str,2023-12-24 17:15:00,2713.305908203125,0.0,113.0,139.0,298.0,,,,,,,,,,,,,1.2999999523162842,0.0
13213205475,Yoga,str,2023-12-24 09:07:02,1975.0560302734375,0.0,87.0,109.0,97.0,,,,,,,,,,,,,0.10000000149011612,0.0
13213203178,Providencia Carrera,run,2023-12-24 08:44:08,157.80299377441406,354.2699890136719,134.0,146.0,25.0,,,,,,445.4343211473998,146.484375,,,,,,0.30000001192092896,0.0
13213201994,Providencia Carrera,run,2023-12-24 06:55:27,6193.423828125,20833.4296875,146.0,165.0,1191.0,,,,,,297.26515327571457,179.859375,8.84000015258789,240.5,,,,3.799999952316284,0.0
13202889010,Yoga,str,2023-12-23 11:49:48,1310.113037109375,0.0,86.0,108.0,65.0,,,,,,,,,,,,,0.10000000149011612,0.0
13201745223,Colina Carrera,run,2023-12-23 10:15:36,1334.1739501953125,5040.919921875,166.0,174.0,298.0,,,,,,264.6903041830974,184.21875,8.6,231.60000610351562,,,,3.299999952316284,0.0
13203015127,Colina Ciclismo en ruta,bike,2023-12-23 07:12:01,10864.01171875,102453.359375,132.0,166.0,1548.0,144.0,172.09676070149507,,,,106.03329719934635,,,,,,,,
13188226987,Natación en piscina,swim,2023-12-22 05:50:07,3536.77099609375,2075.0,145.0,172.0,361.0,,,,,,1282.0513290766446,,,,,,12.5,3.4000000953674316,0.6000000238418579
13188224713,Natación en piscina,swim,2023-12-22 05:47:19,30.573999404907227,0.0,122.0,138.0,2.0,,,,,,,,,,,,0.0,0.0,0.0
13188224213,Natación en piscina,swim,2023-12-22 05:33:28,764.72802734375,0.0,131.0,151.0,46.0,,,,,,,,,,,,0.0,1.7000000476837158,0.0
13187465043,Las Condes Carrera,run,2023-12-21 18:56:33,1159.345947265625,3352.860107421875,125.0,148.0,181.0,,,,,,345.7814709025042,173.171875,,,,,,1.899999976158142,0.0
13177518235,Zwift - RODILLO Z3 70.3 Ritmo de competencia #2 in Watopia,bike,2023-12-21 05:20:42,5445.0,50126.140625,131.0,146.0,820.0,157.0,167.1019444461429,,,,108.63661143816574,,,,,,,3.200000047683716,0.0
13174382132,Las Condes Carrera,run,2023-12-20 19:59:57,2191.507080078125,7971.580078125,148.0,173.0,426.0,,,,,,274.95187707591975,188.0625,8.040000152587892,235.1999969482422,,,,3.200000047683716,0.6000000238418579
13154130121,Yoga,str,2023-12-19 06:36:16,1062.3489990234375,0.0,75.0,98.0,31.0,,,,,,,,,,,,,0.0,0.0
13153983550,Zwift - RODILLO Pre Bateras Pucn in Watopia,bike,2023-12-19 05:35:53,3527.0,32491.400390625,115.0,134.0,474.0,140.0,148.02019071974087,,,,108.55406118050637,,,,,,,2.299999952316284,0.0
13151154812,Las Condes Carrera,run,2023-12-18 20:10:58,2470.89599609375,8118.3701171875,144.0,174.0,452.0,,,,,,304.32136212321103,170.828125,6.95,235.8000030517578,,,,3.200000047683716,2.0
13151011981,Las Condes Carrera,run,2023-12-18 19:50:56,918.1090087890625,2575.360107421875,133.0,151.0,161.0,,,,,,356.50623037456023,171.046875,,,,,,2.0999999046325684,0.0
13142348033,Natación en piscina,swim,2023-12-18 06:18:32,1076.4449462890625,1050.0,114.0,137.0,173.0,,,,,,1025.6410005608338,,,,,,10.100000381469727,0.800000011920929,0.0
13142346848,Natación en piscina,swim,2023-12-18 05:42:47,1461.7989501953125,1000.0,106.0,121.0,180.0,,,,,,1298.7013308711196,,,,,,12.5,0.6000000238418579,0.0
13132574946,Strength,str,2023-12-17 09:07:35,1237.3800048828125,0.0,66.0,95.0,38.0,,,,,,,,,,,,,0.0,0.0
13132064031,Zwift - Recovery Active (voluntario) in Watopia,bike,2023-12-17 08:18:12,2441.0,21251.69921875,0.0,0.0,274.0,117.0,119.34063556634274,,,,114.86330832959885,,,,,,,,
13121168223,Colina Ciclismo en ruta,bike,2023-12-16 06:52:01,15430.6357421875,79224.296875,134.0,170.0,1496.0,157.0,171.61544250760892,,,,194.77990537187634,,,,,,,,
13120689528,Colina Multideporte,triathlon,2023-12-16 06:48:36,13058.190265893936,97529.51367138326,,171.0,2240.0,,,,,,133.88962760434046,,,,,,,4.900000095367432,0.30000001192092896
13120638444,Colina Carrera,run,2023-12-16 06:41:09,203.5659942626953,474.0199890136719,117.0,128.0,27.0,,,,,,429.3688285263684,183.265625,6.3700000762939455,275.6000061035156,,,,0.20000000298023224,0.0
13120636981,Colina Carrera,run,2023-12-16 06:28:00,637.9819946289062,525.4199829101562,94.0,123.0,46.0,,,,,,1213.5922316051315,89.078125,5.490000152587891,317.20001220703125,,,,0.20000000298023224,0.0
13095338182,Zwift - RODILLO 70.3 Z3   Cambios de ritmo FTP in Watopia,bike,2023-12-14 05:29:05,4198.0,40301.66015625,126.0,156.0,614.0,153.0,172.75775474579615,,,,104.16666252745539,,,,,,,3.0,0.10000000149011612
13092294248,Las Condes Carrera,run,2023-12-13 20:14:58,2920.3369140625,9145.6904296875,137.0,163.0,529.0,,,,,,319.28480515446967,181.03125,8.4,249.0,,,,3.0999999046325684,0.20000000298023224
13083593600,Natación en piscina,swim,2023-12-13 05:38:21,2932.2900390625,2450.0,113.0,131.0,398.0,,,,,,1196.1722126434138,,,,,,11.300000190734863,1.2999999523162842,0.0
13079865168,Yoga,str,2023-12-12 19:48:49,1247.2049560546875,0.0,82.0,102.0,57.0,,,,,,,,,,,,,0.10000000149011612,0.0
13079741386,Las Condes Carrera,run,2023-12-12 18:46:08,3382.14892578125,9722.2099609375,131.0,151.0,586.0,,,,,,347.82608695652175,172.09375,,,,,,3.0,0.0
13071210801,Zwift - RODILLO Z3 70.3 Ritmo de competencia #2 in Watopia,bike,2023-12-12 05:41:46,4354.0,41312.5703125,0.0,0.0,634.0,152.0,164.17193219937909,,,,105.3962909828424,,,,,,,,
13059220483,Natación en piscina,swim,2023-12-11 05:47:37,3532.47412109375,2600.0,110.0,133.0,437.0,,,,,,1251.5644167294045,,,,,,11.800000190734863,1.0,0.0
13055279022,Natación en piscina,swim,2023-12-10 17:30:37,1429.9859619140625,1100.0,97.0,118.0,176.0,,,,,,1298.7013308711196,,,,,,11.699999809265137,0.30000001192092896,0.0
13055675537,Strength,str,2023-12-10 16:48:18,2182.739990234375,0.0,89.0,133.0,155.0,,,,,,,,,,,,,0.800000011920929,0.0
13053103451,Yoga,str,2023-12-10 13:26:29,2162.781982421875,0.0,87.0,113.0,109.0,,,,,,,,,,,,,0.20000000298023224,0.0
13051909499,Colina Carrera,run,2023-12-10 11:34:45,2529.14599609375,8406.1298828125,167.0,176.0,537.0,,,,,,300.8423693069493,174.59375,9.19000015258789,247.3000030517578,,,,3.700000047683716,0.0
13051926658,Colina Carrera,run,2023-12-10 11:26:05,501.85699462890625,1661.3499755859375,159.0,170.0,106.0,,,,,,302.114808848081,176.078125,8.630000305175782,247.89999389648438,,,,2.200000047683716,0.0
13053171017,Colina Ciclismo en ruta,bike,2023-12-10 07:19:01,14301.8662109375,122893.578125,130.0,174.0,1.0,0.0,0.0,,,,116.37378704241559,,,,,,,,
13037275569,Yoga,str,2023-12-09 09:18:37,1240.112060546875,0.0,81.0,103.0,45.0,,,,,,,,,,,,,0.0,0.0
13037273800,Las Condes Carrera,run,2023-12-09 08:19:22,3355.261962890625,10087.8701171875,131.0,146.0,557.0,,,,,,332.5573695207334,174.15625,9.3,248.60000610351562,,,,2.5999999046325684,0.0
13036046264,Zwift - Nuevo entrenamiento in Watopia,bike,2023-12-09 07:06:13,3637.0,35791.1796875,117.0,128.0,471.0,135.0,138.64466051669393,,,,101.62601468425821,,,,,,,2.200000047683716,0.0
13027321310,Natación en piscina,swim,2023-12-08 11:23:26,2736.02294921875,2125.0,114.0,123.0,263.0,,,,,,1287.00127041507,,,,,,12.100000381469727,1.0,0.0
13027292738,Strength,str,2023-12-08 10:24:36,3469.047119140625,0.0,85.0,111.0,147.0,,,,,,,,,,,,,0.10000000149011612,0.0
13027290585,10 km regenerativos en z1,run,2023-12-08 09:17:02,4021.135986328125,10010.0,113.0,129.0,403.0,,,,,,401.7677649853831,169.375,8.540000152587892,273.79998779296875,,,,1.399999976158142,0.0
13012235049,Zwift - RODILLO Z4 Umbral progresivo in Watopia,bike,2023-12-07 05:18:50,5300.0,44889.44140625,0.0,0.0,807.0,159.0,179.5478115351978,,,,118.07769703808053,,,,,,,,
13009308015,Las Condes - 6 x 200 + 5k z2,run,2023-12-06 20:04:41,3439.868896484375,10115.349609375,127.0,165.0,562.0,,,,,,340.02040298820117,173.046875,7.45999984741211,253.89999389648438,,,,2.799999952316284,2.200000047683716
13000020166,Natación en piscina,swim,2023-12-06 05:37:21,4030.375,2450.0,106.0,133.0,464.0,,,,,,1225.4902189944812,,,,,,11.800000190734863,0.8999999761581421,0.0
12999301121,Las Condes Carrera,run,2023-12-05 20:10:22,2833.72509765625,7756.52001953125,127.0,148.0,449.0,,,,,,365.3635382467131,171.796875,,,,,,2.5,0.0
12987305495,Zwift - 20  min in Watopia,bike,2023-12-05 05:07:07,4558.0,36126.44140625,0.0,0.0,678.0,155.0,170.17101920278165,,,,126.18296226277728,,,,,,,,
12984053346,Las Condes Carrera,run,2023-12-04 19:49:58,3216.39990234375,10809.0,138.0,157.0,599.0,,,,,,297.5304914728295,182.09375,8.5,244.1999969482422,,,,3.299999952316284,0.0
12975599470,Natación en piscina,swim,2023-12-04 05:50:29,3820.51611328125,2400.0,112.0,144.0,476.0,,,,,,1111.1111405455044,,,,,,11.100000381469727,1.399999976158142,0.0
12971068980,Strength,str,2023-12-03 15:48:41,4485.326171875,0.0,78.0,139.0,213.0,,,,,,,,,,,,,0.6000000238418579,0.0
12967197150,Yoga,str,2023-12-03 09:49:37,1085.7569580078125,0.0,93.0,117.0,63.0,,,,,,,,,,,,,0.10000000149011612,0.0
12967195967,Las Condes Carrera,run,2023-12-03 07:05:30,9145.111328125,29445.890625,142.0,160.0,1673.0,,,,,,310.5590034518123,178.046875,8.890000152587891,244.8000030517578,,,,4.400000095367432,0.0
12956230299,Yoga,str,2023-12-02 12:18:41,809.968017578125,0.0,104.0,119.0,76.0,,,,,,,,,,,,,0.30000001192092896,0.0
12956227695,Colina Carrera,run,2023-12-02 11:06:25,4227.3828125,15011.240234375,162.0,169.0,901.0,,,,,,281.6108044770321,178.0,9.200000000000001,230.3000030517578,,,,4.400000095367432,0.0
12958072278,Colina Ciclismo en ruta,bike,2023-12-02 07:34:42,12078.091796875,101482.859375,121.0,156.0,1442.0,120.0,155.832343096744,,,,119.01927507134964,,,,,,,,
12940122958,Natación en piscina,swim,2023-12-01 06:07:30,2640.3798828125,2050.0,102.0,119.0,332.0,,,,,,1288.659755805308,,,,,,12.399999618530273,0.6000000238418579,0.0
12936655784,Las Condes Carrera,run,2023-11-30 18:47:52,3949.971923828125,11460.1103515625,127.0,156.0,625.0,,,,,,344.70871841097676,173.96875,8.8,260.29998779296875,,,,2.5999999046325684,0.0
12928205185,Zwift - 20  min in Watopia,bike,2023-11-30 05:22:21,3606.0,29490.640625,0.0,0.0,533.0,154.0,172.21830832006364,,,,122.27927915846234,,,,,,,,
12931111303,Las Condes Carrera,run,2023-11-28 19:07:39,4296.17578125,11587.33984375,149.0,174.0,741.0,,,,,,370.7823470890038,170.140625,,,,,,3.200000047683716,0.0
12902732616,Zwift - 20  min in Watopia,bike,2023-11-28 05:15:54,3653.0,33502.44921875,127.0,151.0,533.0,152.0,171.72607541143435,,,,109.03936883415882,,,,,,,2.9000000953674316,0.0
12899290808,Las Condes Carrera,run,2023-11-27 19:49:39,2323.02099609375,8508.330078125,149.0,166.0,454.0,,,,,,273.0002650397013,184.78125,8.44000015258789,237.0,,,,3.4000000953674316,0.8999999761581421
12890672999,Natación en piscina,swim,2023-11-27 05:33:30,2929.132080078125,1950.0,119.0,146.0,365.0,,,,,,1326.2599326910208,,,,,,11.600000381469727,1.5,0.0
12886577673,Strength,str,2023-11-26 16:31:19,4485.09423828125,0.0,100.0,149.0,374.0,,,,,,,,,,,,,1.399999976158142,0.0
12884043078,Yoga,str,2023-11-26 13:08:26,1294.89697265625,0.0,94.0,114.0,87.0,,,,,,,,,,,,,0.20000000298023224,0.0
12883696296,Pudahuel Carrera,run,2023-11-26 11:28:24,2862.718994140625,10008.7001953125,165.0,171.0,618.0,,,,,,286.0411857177725,179.15625,8.94000015258789,238.39999389648438,,,,4.0,0.0
12884158094,Pudahuel Ciclismo en ruta,bike,2023-11-26 07:41:58,16818.203125,103534.65625,131.0,169.0,2090.0,146.0,172.1770296623211,,,,162.44314127547585,,,,,,,,
12868543342,Yoga,str,2023-11-25 09:50:04,1260.4210205078125,0.0,101.0,126.0,99.0,,,,,,,,,,,,,0.30000001192092896,0.0
12868022021,Las Condes Carrera,run,2023-11-25 07:06:42,8623.67578125,28031.029296875,149.0,168.0,1598.0,,,,,,307.6923076923077,0.25,,,,,,4.599999904632568,0.10000000149011612
12854131727,Natación en piscina,swim,2023-11-24 05:28:00,2732.055908203125,2100.0,118.0,164.0,373.0,,,,,,1261.0340752170043,,,,,,12.100000381469727,2.200000047683716,0.10000000149011612
12851455344,Las Condes Carrera,run,2023-11-23 19:15:38,3892.9208984375,10696.6201171875,132.0,154.0,609.0,,,,,,363.901031299207,172.140625,8.759999847412109,265.70001220703125,,,,2.5999999046325684,0.0
12841594854,Zwift - RODILLO Z4 Umbral progresivo in Watopia,bike,2023-11-23 05:07:18,4842.0,48810.44140625,128.0,152.0,759.0,164.0,182.24552719089274,,,,99.20634995722658,,,,,,,3.200000047683716,0.0
12851440224,Las Condes Carrera,run,2023-11-22 19:58:55,2416.077880859375,8994.9296875,155.0,175.0,481.0,,,,,,268.6005873434894,185.96875,8.180000305175781,234.0,,,,3.5,1.0
12851436153,Natación en piscina,swim,2023-11-22 05:42:43,2841.6298828125,2550.0,124.0,155.0,434.0,,,,,,1113.5857437371978,,,,,,10.5,2.200000047683716,0.0
12851435407,Las Condes Carrera,run,2023-11-21 19:11:51,2147.823974609375,6051.85986328125,117.0,133.0,342.0,,,,,,354.8615941268148,171.1875,,,,,,2.200000047683716,0.0
12815197337,Zwift - Regenerativo in Watopia,bike,2023-11-21 05:22:35,2407.0,19686.0703125,114.0,140.0,325.0,141.0,156.25600637790382,,,,122.27927915846234,,,,,,,2.299999952316284,0.0
12794886307,Yoga,str,2023-11-19 12:24:33,892.2949829101562,0.0,86.0,95.0,41.0,,,,,,,,,,,,,0.0,0.0
12794482775,Colina Ciclismo en ruta,bike,2023-11-19 07:56:01,6737.7890625,65263.80859375,149.0,168.0,1174.0,175.0,185.716404748835,,,,103.24179365996596,,,,,,,,
12793970925,Colina Multideporte,triathlon,2023-11-19 07:21:37,12522.178795576096,80460.93947696686,,173.0,2225.0,,,,,,155.63053174591326,,,,,,,4.800000190734863,0.8999999761581421
12764457293,Natación en piscina,swim,2023-11-17 05:41:29,3013.006103515625,2450.0,110.0,139.0,406.0,,,,,,1216.5449726456745,,,,,,11.800000190734863,1.0,0.0
12751882891,Yoga,str,2023-11-16 06:18:19,527.5969848632812,0.0,87.0,106.0,21.0,,,,,,,,,,,,,0.10000000149011612,0.0
12751787499,Zwift - Repeticiones Taper sub-umbral in Watopia,bike,2023-11-16 05:32:38,2897.0,25509.19921875,121.0,141.0,410.0,148.0,160.31334146448023,,,,113.57183024879363,,,,,,,2.4000000953674316,0.0
12751157670,Las Condes Carrera,run,2023-11-15 20:02:44,2881.06494140625,9944.75,139.0,160.0,536.0,,,,,,289.68714605424486,184.4375,8.180000305175781,242.60000610351562,,,,3.200000047683716,0.0
12738611622,Natación en piscina,swim,2023-11-15 05:38:11,3378.347900390625,2875.0,119.0,161.0,494.0,,,,,,1173.708922815343,,,,,,11.300000190734863,2.0,0.0
12734683146,Las Condes Carrera,run,2023-11-14 19:21:30,3611.7490234375,9714.7900390625,125.0,137.0,524.0,,,,,,371.747203988273,0.0,,,,,,2.299999952316284,0.0
12724509025,Zwift - RODILLO BASE 70.3 remates   adelantamientos. in Watopia,bike,2023-11-14 05:07:05,3320.0,24575.25,118.0,151.0,447.0,141.0,158.41735713192523,,,,135.09862289917382,,,,,,,2.5,0.0
12721501468,Las Condes Carrera,run,2023-11-13 19:51:13,3987.257080078125,12213.990234375,138.0,169.0,683.0,,,,,,326.4773136896556,166.421875,8.240000152587891,251.8000030517578,,,,3.5,0.10000000149011612
12712002912,Natación en piscina,swim,2023-11-13 05:38:03,3243.64208984375,2800.0,113.0,141.0,469.0,,,,,,1156.069351416027,,,,,,11.0,1.2999999523162842,0.0
12707873936,Strength,str,2023-11-12 17:19:19,4349.73486328125,0.0,111.0,152.0,435.0,,,,,,,,,,,,,2.0999999046325684,0.0
12701840562,Yoga,str,2023-11-12 09:46:17,827.5980224609375,0.0,91.0,118.0,47.0,,,,,,,,,,,,,0.10000000149011612,0.0
12701527994,Las Condes Carrera,run,2023-11-12 08:25:34,4454.30078125,15073.259765625,147.0,168.0,838.0,,,,,,295.50826873521555,179.46875,8.919999694824218,239.39999389648438,,,,3.799999952316284,0.0
12699773101,Zwift - Nuevo entrenamiento in Watopia,bike,2023-11-12 07:02:01,4048.70703125,33799.51953125,110.0,125.0,466.0,124.0,137.95788232069577,,,,119.78917718968113,,,,,,,2.200000047683716,0.0
12694008900,Yoga,str,2023-11-11 18:54:49,630.948974609375,0.0,78.0,97.0,18.0,,,,,,,,,,,,,0.0,0.0
12693979936,Las Condes Carrera,run,2023-11-11 17:20:28,4681.39892578125,14360.9501953125,134.0,152.0,782.0,,,,,,325.94523289134975,174.640625,9.19000015258789,249.6999969482422,,,,3.0999999046325684,0.0
12689941752,Yoga,str,2023-11-11 12:17:23,663.281982421875,0.0,72.0,90.0,22.0,,,,,,,,,,,,,0.0,0.0
12688915058,Colina Ciclismo en ruta,bike,2023-11-11 08:21:17,10626.931640625,92948.40625,129.0,169.0,1578.0,149.0,171.89348395160147,,,,114.33797928784324,,,,,,,,
12685859782,Colina Natación en aguas abiertas,swim,2023-11-11 07:11:15,2425.208984375,2040.9100341796875,136.0,145.0,367.0,,,,,,1187.6484452956786,,,,,,,2.299999952316284,0.0
12672916451,Natación en piscina,swim,2023-11-10 06:02:05,2513.70703125,2200.0,113.0,140.0,361.0,,,,,,1142.857142857143,,,,,,10.600000381469727,1.100000023841858,0.0
12672914808,Natación en piscina,swim,2023-11-10 05:43:28,982.2550048828125,25.0,106.0,121.0,40.0,,,,,,13333.33280351429,,,,,,12.0,0.30000001192092896,0.0
12660213570,Zwift - RODILLO Z4 Torque Variable #1 (respeta cadencia) in Watopia,bike,2023-11-09 05:26:03,4247.0,40309.19140625,132.0,159.0,636.0,156.0,179.66750533770008,,,,105.36297350240429,,,,,,,3.200000047683716,0.0
12657032558,Yoga,str,2023-11-08 20:55:13,635.9429931640625,0.0,96.0,121.0,45.0,,,,,,,,,,,,,0.10000000149011612,0.0
12657028396,Las Condes Carrera,run,2023-11-08 19:32:58,3780.89794921875,11560.6103515625,148.0,170.0,691.0,,,,,,327.0111089956465,175.609375,,,,,,3.4000000953674316,0.0
12646925699,Natación en piscina,swim,2023-11-08 05:46:00,3125.865966796875,2875.0,116.0,143.0,463.0,,,,,,1086.956502021148,,,,,,10.399999618530273,1.5,0.0
12642837094,Yoga,str,2023-11-07 20:20:24,1027.45703125,0.0,80.0,117.0,31.0,,,,,,,,,,,,,0.0,0.0
12642836244,Las Condes Carrera,run,2023-11-07 19:12:21,3645.530029296875,10373.5,137.0,161.0,601.0,,,,,,351.37034975905567,174.71875,8.759999847412109,256.70001220703125,,,,2.799999952316284,0.0
12632168689,Zwift - 20  min in Watopia,bike,2023-11-07 04:54:58,3653.0,33971.62890625,0.0,0.0,527.0,151.0,171.4052126757029,,,,107.53844746453284,,,,,,,,
12629183534,Las Condes Carrera,run,2023-11-06 19:46:56,3598.7900390625,12187.669921875,143.0,171.0,675.0,,,,,,295.246523537622,0.0,,,,,,3.5,2.0999999046325684
12629179145,Natación en piscina,swim,2023-11-06 05:52:12,2385.092041015625,2150.0,118.0,148.0,350.0,,,,,,1107.4197155795716,,,,,,11.0,1.7000000476837158,0.0
12609183245,Las Condes Ciclismo,bike,2023-11-05 08:44:21,6188.3427734375,25436.73046875,99.0,153.0,542.0,,,,,,243.30899452913494,,,,,,,1.7999999523162842,0.6000000238418579
12600220322,Yoga,str,2023-11-04 18:30:33,1023.68798828125,0.0,79.0,99.0,30.0,,,,,,,,,,,,,0.0,0.0
12600025437,Las Condes Carrera,run,2023-11-04 17:19:47,3567.44091796875,10613.4296875,137.0,156.0,598.0,,,,,,336.13446455673295,176.03125,8.61999969482422,259.29998779296875,,,,2.9000000953674316,0.0
12595821469,Colina Ciclismo,bike,2023-11-04 08:45:26,10277.4990234375,89846.71875,139.0,169.0,1765.0,,,,,,114.39030459433876,,,,,,,3.9000000953674316,2.0
12592607385,Colina Natación en aguas abiertas,swim,2023-11-04 07:16:32,2404.85791015625,2032.949951171875,117.0,132.0,343.0,,,,,,1183.4319125937768,,,,,,,1.2000000476837158,0.0
12579495812,Natación en piscina,swim,2023-11-03 06:28:14,1181.0350341796875,950.0,110.0,134.0,166.0,,,,,,1133.786810681936,,,,,,11.300000190734863,0.699999988079071,0.0
12579494040,Natación en piscina,swim,2023-11-03 05:53:25,1410.258056640625,725.0,119.0,146.0,169.0,,,,,,1342.2818706033574,,,,,,12.5,1.399999976158142,0.0
12575772442,Yoga,str,2023-11-02 20:01:06,922.3189697265625,0.0,75.0,96.0,23.0,,,,,,,,,,,,,0.0,0.0
12575771796,Las Condes Carrera,run,2023-11-02 18:43:11,3897.549072265625,10457.6298828125,130.0,149.0,588.0,,,,,,372.7170955268482,171.109375,8.780000305175781,264.20001220703125,,,,2.5,0.0
12567498553,Yoga,str,2023-11-02 07:33:15,606.2150268554688,0.0,95.0,108.0,50.0,,,,,,,,,,,,,0.20000000298023224,0.0
12567371953,Zwift - Perseo (modo regenerativo) in Watopia,bike,2023-11-02 06:24:44,3963.0,35263.51953125,125.0,155.0,603.0,159.0,174.32527851242386,,,,112.38480856150476,,,,,,,3.299999952316284,0.0
12562611351,Strength,str,2023-11-01 17:40:02,3997.64404296875,0.0,82.0,108.0,135.0,,,,,,,,,,,,,0.10000000149011612,0.0
12556551600,Yoga,str,2023-11-01 09:57:34,1086.9759521484375,0.0,99.0,113.0,81.0,,,,,,,,,,,,,0.20000000298023224,0.0
12556236593,Las Condes Carrera,run,2023-11-01 07:44:44,5984.68603515625,20614.009765625,176.0,197.0,1287.0,,,,,,290.3600459751877,180.203125,,,,,,5.0,0.4000000059604645
12553928757,Zwift - 40 min in Watopia,bike,2023-11-01 06:00:19,5331.0,51823.078125,0.0,0.0,830.0,162.0,180.6394783750646,,,,102.8700780823935,,,,,,,,
12539613105,Zwift - 20  min in Watopia,bike,2023-10-31 05:27:05,3613.135986328125,29686.080078125,0.0,0.0,540.0,156.0,172.9601068695089,,,,121.71373518589454,,,,,,,,
12536093172,Las Condes Carrera,run,2023-10-30 19:49:07,3020.56005859375,9605.26953125,153.0,183.0,595.0,,,,,,314.4654022035124,174.484375,,,,,,3.799999952316284,0.0
12526789581,Natación en piscina,swim,2023-10-30 05:38:44,3824.072021484375,2925.0,113.0,139.0,504.0,,,,,,1191.8951321972788,,,,,,11.199999809265137,1.399999976158142,0.0
12517456739,Yoga,str,2023-10-29 10:52:24,1152.4840087890625,0.0,103.0,131.0,98.0,,,,,,,,,,,,,0.5,0.0
12517413336,Las Condes Carrera,run,2023-10-29 08:43:34,6633.6748046875,21448.830078125,156.0,188.0,1336.0,,,,,,309.3102343367734,175.84375,,,,,,4.699999809265137,0.0
12507403363,Yoga,str,2023-10-28 18:25:05,1119.467041015625,0.0,80.0,107.0,37.0,,,,,,,,,,,,,0.0,0.0
12507306490,Las Condes Carrera,run,2023-10-28 17:12:13,3824.531982421875,11758.4697265625,135.0,183.0,673.0,,,,,,325.309056105928,173.109375,,,,,,3.200000047683716,0.0
12504227773,Colina Ciclismo en ruta,bike,2023-10-28 08:13:39,13045.9931640625,101560.96875,119.0,148.0,1607.0,124.0,161.8925382083573,,,,128.45215409123227,,,,,,,,
12493766735,Strength,str,2023-10-27 17:22:14,4895.51220703125,0.0,92.0,123.0,309.0,,,,,,,,,,,,,0.4000000059604645,0.0
12490310058,Las Condes Ciclismo,bike,2023-10-27 08:53:42,11029.3056640625,60832.44921875,128.0,172.0,1378.0,,,,,,181.29079719810613,,,,,,,3.700000047683716,0.699999988079071
12487332610,Natación en piscina,swim,2023-10-27 07:03:48,3119.7880859375,2500.0,113.0,147.0,364.0,,,,,,1138.9521367925206,,,,,,11.600000381469727,1.399999976158142,0.0
12487330512,Natación en piscina,swim,2023-10-27 06:57:28,238.10699462890625,0.0,117.0,130.0,14.0,,,,,,,,,,,,0.0,0.30000001192092896,0.0
12487329805,Natación en piscina,swim,2023-10-27 06:48:30,441.7950134277344,0.0,112.0,123.0,27.0,,,,,,,,,,,,0.0,0.30000001192092896,0.0
12482612473,Yoga,str,2023-10-26 19:45:24,923.1209716796875,0.0,84.0,96.0,42.0,,,,,,,,,,,,,0.10000000149011612,0.0
12482598888,Las Condes Carrera,run,2023-10-26 18:29:07,3851.194091796875,11087.009765625,142.0,160.0,677.0,,,,,,347.34283358374597,171.390625,,,,,,3.200000047683716,0.0
12473514280,Zwift - RODILLO Z2 Aerbico in Watopia,bike,2023-10-26 05:19:13,3768.0,34059.9609375,0.0,0.0,540.0,150.0,158.33947133548364,,,,110.63171246322302,,,,,,,,
12446066121,Zwift - Actvate: Sprint Progresivo in Watopia,bike,2023-10-24 05:19:57,3918.0,31831.380859375,127.0,147.0,553.0,147.0,152.66331035899185,,,,123.09207899720037,,,,,,,2.799999952316284,0.6000000238418579
12442026912,Las Condes Carrera,run,2023-10-23 19:06:40,3741.509033203125,11679.98046875,150.0,177.0,699.0,,,,,,320.307497347956,174.765625,,,,,,3.5,0.0
12432393025,Natación en piscina,swim,2023-10-23 05:32:20,2450.719970703125,2075.0,125.0,163.0,343.0,,,,,,1180.6375402859135,,,,,,11.100000381469727,2.299999952316284,0.0
12427702709,Strength,str,2023-10-22 16:28:55,3855.761962890625,0.0,100.0,135.0,307.0,,,,,,,,,,,,,0.699999988079071,0.0
12422476755,Yoga,str,2023-10-22 10:38:01,555.1270141601562,0.0,8.0,103.0,33.0,,,,,,,,,,,,,0.10000000149011612,0.0
12422162206,Las Condes Carrera,run,2023-10-22 09:24:55,3426.39208984375,10276.25,137.0,164.0,597.0,,,,,,333.44447343521017,171.796875,,,,,,3.200000047683716,0.0
12420969248,Zwift - Watopia,bike,2023-10-22 06:54:58,7701.078125,53572.1015625,64.0,120.0,737.0,105.0,124.54841821806073,,,,143.7607851333742,,,,,,,2.5,0.0
12412998021,Strength,str,2023-10-21 17:02:01,4655.43798828125,0.0,91.0,138.0,292.0,,,,,,,,,,,,,0.6000000238418579,0.0
12408680397,Yoga,str,2023-10-21 11:07:37,1198.22802734375,0.0,97.0,116.0,95.0,,,,,,,,,,,,,0.30000001192092896,0.0
12408228906,Las Condes Carrera,run,2023-10-21 08:48:14,7283.02587890625,24334.73046875,158.0,171.0,1449.0,,,,,,299.31157618154924,174.640625,,,,,,4.800000190734863,0.10000000149011612
12405270746,Zwift - 20  min in Watopia,bike,2023-10-21 06:37:25,3659.89990234375,33776.26171875,134.0,161.0,548.0,157.0,172.61464045146914,,,,108.3658467595793,,,,,,,3.299999952316284,0.0
12408208542,Natación en piscina,swim,2023-10-20 05:36:53,2830.840087890625,2250.0,117.0,144.0,383.0,,,,,,1189.0606131028583,,,,,,11.600000381469727,1.2999999523162842,0.0
12362041958,Yoga,str,2023-10-17 19:51:03,501.5710144042969,0.0,68.0,86.0,14.0,,,,,,,,,,,,,0.0,0.0
12362041471,Las Condes Carrera,run,2023-10-17 18:35:54,3563.514892578125,10164.33984375,130.0,153.0,573.0,,,,,,350.6311362793744,170.859375,,,,,,2.700000047683716,0.0
12351172965,Zwift - RODILLO Z5 VO2 / FRC in Watopia,bike,2023-10-17 05:27:52,4616.53515625,40668.48828125,119.0,154.0,614.0,139.0,169.89318183590424,,,,113.52026317037328,,,,,,,3.0,2.0999999046325684
12347279635,Las Condes Carrera,run,2023-10-16 19:52:38,3421.9169921875,11435.3701171875,132.0,185.0,589.0,,,,,,299.2220220577849,179.65625,,,,,,3.0999999046325684,1.2999999523162842
12337454041,Natación en piscina,swim,2023-10-16 05:43:43,3002.39990234375,2550.0,113.0,135.0,428.0,,,,,,1164.144317065059,,,,,,11.100000381469727,1.100000023841858,0.0
12332829857,Strength,str,2023-10-15 16:38:43,4172.51904296875,0.0,90.0,127.0,256.0,,,,,,,,,,,,,0.4000000059604645,0.0
12326857793,Yoga,str,2023-10-15 09:40:42,1027.3929443359375,0.0,88.0,109.0,45.0,,,,,,,,,,,,,0.0,0.0
12326765683,Las Condes Carrera,run,2023-10-15 07:42:38,6107.85205078125,20387.859375,140.0,185.0,1201.0,,,,,,299.58058187131724,177.8125,,,,,,4.300000190734863,0.30000001192092896
12312583501,Yoga,str,2023-10-14 09:57:36,1021.2160034179688,0.0,63.0,100.0,43.0,,,,,,,,,,,,,0.10000000149011612,0.0
12312299825,Zwift - 40 min in Watopia,bike,2023-10-14 08:25:11,5397.0,53009.51953125,138.0,163.0,845.0,163.0,180.44709319125653,,,,101.81226286186005,,,,,,,3.799999952316284,0.0
12292106994,Yoga,str,2023-10-12 19:42:16,1382.9630126953125,0.0,1.0,88.0,56.0,,,,,,,,,,,,,0.10000000149011612,0.0
12291880262,Las Condes Carrera,run,2023-10-12 18:38:09,3134.718994140625,9711.4599609375,140.0,162.0,563.0,,,,,,322.78889089495004,171.546875,,,,,,3.200000047683716,0.10000000149011612
12282378587,Zwift - 20  min in Watopia,bike,2023-10-12 05:29:26,3646.0,33348.9296875,128.0,153.0,531.0,152.0,171.69947353515508,,,,109.33741635798594,,,,,,,3.200000047683716,0.0
12278751189,Las Condes Carrera,run,2023-10-11 20:01:05,4329.35498046875,12523.1298828125,129.0,174.0,714.0,,,,,,345.66195606587405,152.765625,,,,,,3.5999999046325684,1.399999976158142
12264001538,Yoga,str,2023-10-10 20:29:12,655.6799926757812,0.0,75.0,94.0,18.0,,,,,,,,,,,,,0.0,0.0
12264001011,Las Condes Carrera,run,2023-10-10 19:18:37,3162.007080078125,9767.0302734375,132.0,159.0,527.0,,,,,,323.72936365239667,171.28125,,,,,,3.0,0.0
12252876605,Zwift - Intervalos 2x2  in Watopia,bike,2023-10-10 05:19:00,4198.0,40909.9296875,0.0,0.0,620.0,154.0,188.6204755915905,,,,102.61672773150872,,,,,,,,
12240986603,Las Condes Carrera,run,2023-10-09 08:08:16,3189.72705078125,9874.5595703125,127.0,164.0,551.0,,,,,,322.99742059740953,177.703125,,,,,,3.200000047683716,0.0
12227253088,Las Condes Carrera,run,2023-10-08 08:00:36,5140.02294921875,15013.33984375,128.0,182.0,855.0,,,,,,342.3485103368861,174.40625,,,,,,3.299999952316284,0.0
12214180696,Colina Carrera,run,2023-10-07 11:08:55,2513.9541015625,9292.1796875,161.0,182.0,541.0,,,,,,270.5627633022211,177.453125,,,,,,4.099999904632568,0.30000001192092896
12214958213,Colina Ciclismo en ruta,bike,2023-10-07 08:41:05,8255.23828125,69103.1796875,130.0,173.0,1045.0,127.0,173.9728453348291,,,,119.46003647909515,,,,,,,,
12210328107,Colina Natación en aguas abiertas,swim,2023-10-07 07:07:58,2386.408935546875,2048.580078125,71.0,72.0,346.0,,,,,,1165.501192058188,,,,,,,0.0,0.0
12191366441,Las Condes Carrera,run,2023-10-05 19:11:45,3155.700927734375,9992.58984375,137.0,170.0,576.0,,,,,,315.756230670837,176.21875,,,,,,3.299999952316284,0.0
12181032956,Zwift - Active Recovery in Watopia,bike,2023-10-05 05:17:37,3684.39306640625,32324.01953125,0.0,0.0,475.0,135.0,143.02385590007916,,,,113.98609676951921,,,,,,,,
12168249143,Natación en piscina,swim,2023-10-04 05:41:27,3298.14404296875,2850.0,126.0,158.0,492.0,,,,,,1157.40737738535,,,,,,11.100000381469727,2.200000047683716,0.0
12166136083,Yoga,str,2023-10-03 19:37:27,942.3049926757812,0.0,85.0,116.0,49.0,,,,,,,,,,,,,0.10000000149011612,0.0
12166135683,Las Condes Carrera,run,2023-10-03 18:48:18,1965.9859619140625,6188.68017578125,147.0,168.0,368.0,,,,,,317.6620074314192,173.96875,,,,,,3.0999999046325684,0.0
12146785895,Las Condes Carrera,run,2023-10-01 08:18:16,2004.8070068359375,6083.4599609375,151.0,169.0,376.0,,,,,,329.5978992760845,177.34375,,,,,,3.0999999046325684,0.0
12140313689,Colina Carrera,run,2023-09-30 10:38:19,1616.5489501953125,5779.419921875,160.0,179.0,341.0,,,,,,279.72027598934204,175.484375,,,,,,3.5,0.0
12149128693,Colina Ciclismo en ruta,bike,2023-09-30 08:41:53,6660.87890625,60698.23828125,,,1034.0,156.0,175.08330185494228,,,,109.73334897500155,,,,,,,,
12149113881,Sao Paulo Ciclismo en ruta,bike,2023-09-24 06:48:47,21017.4140625,90392.859375,,,1429.0,148.0,166.40766777019527,,,,232.5040624285257,,,,,,,,
12097596832,Sao Paulo Multideporte,triathlon,2023-09-24 06:08:05,17873.205673217773,112067.07295227051,,182.0,3306.0,,,,,,159.48668241589561,,,,,,,5.0,2.299999952316284
12149069139,Sao Paulo Ciclismo en ruta,bike,2023-09-22 09:51:53,2785.943115234375,16210.919921875,,,237.0,86.0,130.01776038311345,,,,171.85084034870167,,,,,,,,
12064914963,Natación en piscina,swim,2023-09-20 05:37:31,3098.841064453125,2625.0,114.0,140.0,449.0,,,,,,1180.6375402859135,,,,,,11.5,1.2999999523162842,0.0
12062197596,Las Condes Carrera,run,2023-09-19 18:11:31,2086.804931640625,5982.14013671875,148.0,161.0,375.0,,,,,,348.79663902164395,171.28125,,,,,,2.799999952316284,0.0
12058565074,Zwift - RODILLO AEROBICO 2 in Watopia,bike,2023-09-19 09:07:40,3637.0,32213.80078125,116.0,130.0,443.0,127.0,130.25562463984136,,,,112.9050423818147,,,,,,,2.200000047683716,0.0
12050881996,Yoga,str,2023-09-18 08:54:36,714.0440063476562,0.0,6.0,101.0,60.0,,,,,,,,,,,,,0.20000000298023224,0.0
12050758830,Las Condes Carrera,run,2023-09-18 08:08:29,2534.489013671875,7680.93994140625,137.0,157.0,446.0,,,,,,329.92412845656804,176.078125,,,,,,2.9000000953674316,0.0
12044323484,Vitacura Carrera,run,2023-09-17 08:25:48,5103.72216796875,16220.0302734375,133.0,165.0,912.0,,,,,,314.66331290195626,167.40625,,,,,,3.799999952316284,0.0
12036725484,Las Condes Carrera,run,2023-09-16 10:43:46,2100.4970703125,6164.77001953125,140.0,156.0,364.0,,,,,,340.71550919792094,169.203125,,,,,,2.700000047683716,0.0
12036301785,Zwift - Test a la potencia in Watopia,bike,2023-09-16 07:49:15,9921.2998046875,60236.66015625,122.0,147.0,1283.0,139.0,156.15018137285003,,,,164.7175067802614,,,,,,,3.5,0.0
12027484364,Natación en piscina,swim,2023-09-15 05:41:08,3759.404052734375,3350.0,135.0,169.0,538.0,,,,,,1122.334489904304,,,,,,11.300000190734863,3.0,0.0
12025314642,Las Condes Carrera,run,2023-09-14 19:33:09,3464.929931640625,10179.8095703125,146.0,165.0,600.0,,,,,,340.3676012031293,169.203125,,,,,,3.0999999046325684,0.0
12019972694,Zwift - 20  min in Watopia,bike,2023-09-14 05:33:46,3639.0,33927.140625,130.0,160.0,553.0,159.0,173.70767368917242,,,,107.2616115960578,,,,,,,3.200000047683716,0.0
12017949447,Las Condes - Rep 3 x 2k,run,2023-09-13 19:54:48,2744.97802734375,8984.6396484375,137.0,169.0,484.0,,,,,,305.5300945362809,179.59375,,,,,,3.200000047683716,0.30000001192092896
12012588328,Natación en piscina,swim,2023-09-13 05:50:40,2055.820068359375,2000.0,94.0,118.0,324.0,,,,,,1027.7492397651074,,,,,,10.0,0.4000000059604645,0.0
12004447978,Zwift - 20  min in Watopia,bike,2023-09-12 05:16:08,3615.0859375,34045.3984375,128.0,156.0,549.0,158.0,173.73813865177823,,,,106.19093335925885,,,,,,,3.0999999046325684,0.0
12002308422,Vitacura - INTERVALOS 4´ + ascensiones de,run,2023-09-11 19:38:40,2742.69091796875,8685.6904296875,153.0,172.0,537.0,,,,,,315.756230670837,170.203125,,,,,,3.5999999046325684,0.0
11997106355,Natación en piscina,swim,2023-09-11 05:52:53,2519.01806640625,2300.0,,,376.0,,,,,,1083.4236443817617,,,,,,10.699999809265137,0.699999988079071,0.0
11989551797,Yoga,str,2023-09-10 06:33:08,1953.916015625,0.0,4.0,75.0,49.0,,,,,,,,,,,,,0.0,0.0
11984297381,Colina Carrera,run,2023-09-09 11:17:45,4874.8310546875,18017.619140625,166.0,173.0,1046.0,,,,,,270.5627633022211,181.953125,,,,,,5.0,0.0
11984356809,Colina Ciclismo en ruta,bike,2023-09-09 09:03:50,7831.69287109375,76217.59375,146.0,162.0,1363.0,175.0,181.3065325988961,,,,102.75379818519664,,,,,,,,
11971909129,Las Condes Carrera,run,2023-09-07 18:20:20,3522.618896484375,9975.1796875,148.0,172.0,596.0,,,,,,353.107342492412,167.875,,,,,,3.0999999046325684,0.0
11966554963,Zwift - Repeticiones Taper sub-umbral in Watopia,bike,2023-09-07 05:38:17,2728.0,25517.419921875,0.0,0.0,415.0,159.0,163.7199381600585,,,,106.91757013197576,,,,,,,,
11958896032,Natación en piscina,swim,2023-09-06 05:42:43,3596.631103515625,3250.0,122.0,149.0,524.0,,,,,,1104.9724106226677,,,,,,10.699999809265137,2.0,0.0
11956291860,Las Condes Carrera,run,2023-09-05 19:23:20,2063.635009765625,6148.5498046875,141.0,162.0,352.0,,,,,,335.683104822858,170.453125,,,,,,2.700000047683716,0.0
11950813553,Zwift - Repeticiones Ritmo carrera 70.3 in France,bike,2023-09-05 05:50:15,4217.0,40665.23828125,0.0,0.0,652.0,162.0,170.3365208106721,,,,103.70217114948665,,,,,,,,
11948429991,Entrenamiento en cinta,run,2023-09-04 19:22:31,4003.035888671875,10499.23046875,124.0,153.0,480.0,,,,,,381.2428652805909,157.46875,,,,,,2.200000047683716,0.0
11948429474,Natación en piscina,swim,2023-09-04 05:41:19,3020.258056640625,2625.0,109.0,131.0,446.0,,,,,,1150.7479628278281,,,,,,10.800000190734863,0.800000011920929,0.0
11937066629,Las Condes Carrera,run,2023-09-03 08:56:37,3262.1201171875,10097.509765625,154.0,170.0,611.0,,,,,,323.10177407301586,179.078125,,,,,,3.4000000953674316,0.0
11930699397,Colina Carrera,run,2023-09-02 11:34:09,1617.2080078125,6013.56982421875,162.0,180.0,361.0,,,,,,268.9618121146138,180.328125,,,,,,3.5999999046325684,0.0
11931044927,Colina Ciclismo en ruta,bike,2023-09-02 08:36:03,10326.255859375,92247.15625,,,1642.0,160.0,174.76822731712878,,,,111.94448041615347,,,,,,,,
11920725401,Natación en piscina,swim,2023-09-01 05:33:46,3571.610107421875,2950.0,110.0,141.0,482.0,,,,,,1210.6537893690133,,,,,,11.600000381469727,1.100000023841858,0.0
11918628510,Las Condes Carrera,run,2023-08-31 20:34:34,1883.9580078125,5039.93994140625,168.0,181.0,378.0,,,,,,373.83178236474333,171.296875,,,,,,3.200000047683716,0.4000000059604645
11918474164,Zwift - RODILLO 70.3 Z3   Cambios de ritmo FTP in Watopia,bike,2023-08-31 18:51:14,5353.0,53147.91015625,122.0,154.0,809.0,158.0,174.1146344572981,,,,100.72521702861877,,,,,,,3.0999999046325684,0.10000000149011612
11911341779,Las Condes Carrera,run,2023-08-30 19:55:16,3792.37890625,13721.599609375,173.0,197.0,862.0,,,,,,276.39579645247915,181.140625,,,,,,5.0,5.0
11906131015,Natación en piscina,swim,2023-08-30 05:35:54,3671.8720703125,1975.0,117.0,146.0,421.0,,,,,,1177.8563332850317,,,,,,11.0,2.0,0.0
11903514560,Las Condes Carrera,run,2023-08-29 18:37:00,3350.818115234375,9989.5498046875,136.0,160.0,591.0,,,,,,335.4579060434032,174.09375,,,,,,3.0999999046325684,0.0
11898505858,Zwift - RODILLO Z3 70.3 Ritmo de competencia #2 in Watopia,bike,2023-08-29 05:35:13,5415.2978515625,51563.76953125,71.0,147.0,802.0,155.0,165.82439691084127,,,,105.0309851502861,,,,,,,2.9000000953674316,0.0
11896141983,Las Condes Carrera,run,2023-08-28 19:49:53,2939.513916015625,9293.5400390625,145.0,169.0,566.0,,,,,,316.2555403856726,178.703125,,,,,,3.4000000953674316,0.0
11891249344,Natación en piscina,swim,2023-08-28 05:41:27,3478.969970703125,2950.0,110.0,131.0,478.0,,,,,,1179.2452969439476,,,,,,11.899999618530273,1.100000023841858,0.0
11885562435,Las Condes Carrera,run,2023-08-27 07:35:18,5696.67822265625,21400.9296875,164.0,180.0,1262.0,,,,,,266.1698185048864,185.9375,,,,,,5.0,0.0
11879145669,Colina Ciclismo en ruta,bike,2023-08-26 08:41:42,6917.994140625,59216.3515625,134.0,160.0,990.0,144.0,164.73201650299495,,,,116.82242417983177,,,,,,,,
11869773939,Natación en piscina,swim,2023-08-25 05:40:26,3267.847900390625,2675.0,109.0,142.0,441.0,,,,,,1201.9230521245474,,,,,,11.399999618530273,1.2000000476837158,0.0
11867312108,Las Condes Carrera,run,2023-08-24 18:57:20,3628.666015625,10011.080078125,146.0,164.0,611.0,,,,,,362.4501548338091,168.515625,,,,,,3.0,0.0
11862482257,Zwift - 40 min in Watopia,bike,2023-08-24 05:19:13,5379.0,51321.94921875,0.0,0.0,855.0,166.0,181.08134964000286,,,,104.81081245332084,,,,,,,,
11854821573,Natación en piscina,swim,2023-08-23 05:44:07,2808.550048828125,2300.0,107.0,139.0,375.0,,,,,,1221.0012124705434,,,,,,12.399999618530273,0.800000011920929,0.0
11852270176,Yoga,str,2023-08-22 20:26:00,709.3499755859375,0.0,72.0,114.0,24.0,,,,,,,,,,,,,0.0,0.0
11852220881,Entrenamiento en cinta,run,2023-08-22 19:44:46,2390.625,5999.9501953125,133.0,150.0,389.0,,,,,,398.4063760157368,165.25,,,,,,2.5,0.0
11846656132,Zwift - 20  min in Watopia,bike,2023-08-22 05:26:51,3609.0,24673.970703125,0.0,0.0,536.0,155.0,172.3167549438099,,,,146.28437756323515,,,,,,,,
11844310974,Las Condes Carrera,run,2023-08-21 19:52:21,3542.44189453125,11734.740234375,145.0,175.0,714.0,,,,,,301.841234813949,168.453125,,,,,,4.5,0.0
11839450368,Natación en piscina,swim,2023-08-21 05:34:37,3836.0458984375,3300.0,108.0,144.0,554.0,,,,,,1162.7906783327278,,,,,,11.800000190734863,1.600000023841858,0.0
11834399492,Las Condes Carrera,run,2023-08-20 08:56:12,7444.7421875,21094.75,139.0,173.0,1268.0,,,,,,352.8581372493429,170.78125,,,,,,3.799999952316284,0.0
11825717901,Zwift - RDP - 10  4x(70.3-20  5 Rec) 15 on Three Little Sisters in Watopia,bike,2023-08-19 08:10:39,7278.08203125,74800.5078125,131.0,153.0,1149.0,165.0,181.6800199747364,,,,97.30465684800676,,,,,,,3.9000000953674316,0.0
11821091318,Zwift - Test Lactato Rodillo in Watopia,bike,2023-08-18 18:12:31,2947.93798828125,25910.66015625,129.0,165.0,469.0,166.0,192.93981551613277,,,,113.77859259842789,,,,,,,3.200000047683716,1.2000000476837158
11816604801,Yoga,str,2023-08-18 05:40:12,1792.4520263671875,0.0,74.0,104.0,68.0,,,,,,,,,,,,,0.10000000149011612,0.0
11814527293,Las Condes Carrera,run,2023-08-17 20:08:59,3271.2060546875,8742.3603515625,145.0,163.0,535.0,,,,,,374.1114716080766,169.84375,,,,,,2.799999952316284,0.0
11814531084,Zwift - 3x10 en Potencia Media in Watopia,bike,2023-08-17 05:29:41,3920.0,38180.87890625,0.0,0.0,607.0,162.0,183.22891382267602,,,,102.6694069300988,,,,,,,,
11806924073,Las Condes Carrera,run,2023-08-16 19:59:29,3118.8798828125,9929.0703125,136.0,160.0,616.0,,,,,,314.0703502536642,157.328125,,,,,,4.099999904632568,0.0
11801549637,Natación en piscina,swim,2023-08-16 05:43:57,3031.3701171875,2700.0,103.0,126.0,472.0,,,,,,1122.334489904304,,,,,,10.699999809265137,0.8999999761581421,0.0
11794966565,Las Condes Carrera,run,2023-08-15 09:16:23,2609.714111328125,7354.66015625,185.0,200.0,668.0,,,,,,354.8615941268148,168.640625,,,,,,5.0,2.5
11794523804,Zwift - Nuevo entrenamiento in France,bike,2023-08-15 07:03:31,7246.2998046875,65675.828125,0.0,0.0,1128.0,162.0,167.94479824489824,,,,110.33874327545415,,,,,,,,
11790688530,Vitacura Carrera,run,2023-08-14 19:35:43,3752.868896484375,9679.169921875,126.0,160.0,589.0,,,,,,387.74718940641264,162.015625,,,,,,3.200000047683716,0.0
11785870378,Natación en piscina,swim,2023-08-14 05:38:31,3808.62890625,3000.0,112.0,133.0,498.0,,,,,,1269.0355529609212,,,,,,11.399999618530273,1.7000000476837158,0.0
11779552707,Vitacura Carrera,run,2023-08-13 08:31:04,3301.47607421875,11016.8203125,151.0,169.0,668.0,,,,,,299.6703721930623,172.09375,,,,,,4.0,0.0
11778899804,Vitacura - 10 km progresivos,run,2023-08-13 08:18:37,518.7559814453125,1373.9300537109375,138.0,155.0,87.0,,,,,,377.5009538093467,172.0,,,,,,1.2999999523162842,0.0
11772961329,Colina Carrera,run,2023-08-12 11:07:47,2606.666015625,10009.650390625,160.0,171.0,591.0,,,,,,260.41667248743283,181.265625,,,,,,4.5,0.0
11772968104,Colina Ciclismo en ruta,bike,2023-08-12 08:26:16,9130.537109375,86479.9296875,,,1563.0,172.0,181.06054493700415,,,,105.57432296373621,,,,,,,,
11763181279,Natación en piscina,swim,2023-08-11 05:32:53,4077.593994140625,3550.0,122.0,151.0,616.0,,,,,,1148.1056364027672,,,,,,10.800000190734863,2.200000047683716,0.0
11760682009,Ñuñoa Carrera,run,2023-08-10 19:34:22,3380.2490234375,9353.3095703125,131.0,155.0,567.0,,,,,,361.40224592545053,170.5625,,,,,,2.9000000953674316,0.0
11755431478,Zwift - Rodillo 6 y final! Mesociclo de carga in Watopia,bike,2023-08-10 05:29:38,4990.0,50701.73828125,0.0,0.0,842.0,176.0,186.8856016285955,,,,98.42519832859189,,,,,,,,
11753031631,Las Condes Carrera,run,2023-08-09 19:48:09,3342.862060546875,9976.599609375,133.0,165.0,634.0,,,,,,335.12064707314426,158.828125,,,,,,3.700000047683716,0.30000001192092896
11747731561,Natación en piscina,swim,2023-08-09 05:33:27,3317.84912109375,2950.0,116.0,143.0,521.0,,,,,,1118.5682404182032,,,,,,10.199999809265137,2.0,0.0
11745121613,Las Condes Carrera,run,2023-08-08 19:26:08,2254.404052734375,6099.6201171875,131.0,161.0,369.0,,,,,,369.54913779439215,170.828125,,,,,,2.5,0.0
11739436663,Zwift - Sand And Sequoias in Watopia,bike,2023-08-08 04:58:40,3346.347900390625,27936.400390625,0.0,0.0,353.0,109.0,113.02652165548571,,,,119.78917718968113,,,,,,,,
11737452352,Las Condes Carrera,run,2023-08-07 19:51:48,4299.35791015625,11886.3603515625,140.0,172.0,735.0,,,,,,361.66363908136503,154.203125,,,,,,4.0,0.0
11732345677,Natación en piscina,swim,2023-08-07 05:35:54,3433.287109375,2800.0,111.0,141.0,491.0,,,,,,1225.4902189944812,,,,,,11.5,1.2999999523162842,0.0
11726941200,Vitacura Carrera,run,2023-08-06 08:23:31,3902.93994140625,12350.1201171875,138.0,166.0,757.0,,,,,,316.05562236064833,179.6875,,,,,,3.799999952316284,0.0
11720570685,Colina Carrera,run,2023-08-05 10:49:57,3308.626953125,12916.240234375,172.0,187.0,758.0,,,,,,256.14753810529174,185.84375,,,,,,5.0,1.0
11720674983,Colina Ciclismo en ruta,bike,2023-08-05 08:19:40,8652.419921875,80591.2421875,94.0,152.0,1467.0,171.0,187.0738192360204,,,,107.36525510787608,,,,,,,,
11711309108,Natación en piscina,swim,2023-08-04 05:32:33,2655.9580078125,2125.0,111.0,153.0,374.0,,,,,,1207.7294553841602,,,,,,11.300000190734863,1.2000000476837158,0.0
11708910491,Vitacura Carrera,run,2023-08-03 19:03:43,3505.930908203125,10057.1298828125,131.0,156.0,617.0,,,,,,348.55350806060903,174.203125,,,,,,3.0999999046325684,0.0
11704031886,Zwift - RODILLO 70.3 Z3   Cambios de ritmo FTP in Watopia,bike,2023-08-03 05:21:51,5353.0,46417.69140625,0.0,0.0,790.0,154.0,171.66120242363405,,,,115.3269582000048,,,,,,,,
11701833127,Las Condes Carrera,run,2023-08-02 20:00:28,3490.966064453125,12964.51953125,149.0,177.0,716.0,,,,,,269.2514818510757,182.296875,,,,,,4.400000095367432,0.0
11696626545,Natación en piscina,swim,2023-08-02 05:32:52,3832.114013671875,3150.0,113.0,132.0,526.0,,,,,,1170.9602252748548,,,,,,11.100000381469727,1.5,0.0
11694229662,Las Condes Carrera,run,2023-08-01 20:06:01,2126.513916015625,6122.68994140625,147.0,164.0,379.0,,,,,,347.34283358374597,171.25,,,,,,3.0,0.0
11688937188,Zwift - RODILLO Z3 70.3 Ritmo de competencia #2 in Watopia,bike,2023-08-01 05:26:17,5423.30908203125,37829.328125,0.0,0.0,772.0,149.0,164.62393996380993,,,,143.36917758749107,,,,,,,,
11686530446,Las Condes Carrera,run,2023-07-31 19:48:54,2934.81298828125,9545.4501953125,133.0,154.0,559.0,,,,,,307.5030661933388,177.984375,,,,,,3.5,0.0
11681515916,Natación en piscina,swim,2023-07-31 05:42:12,3207.3291015625,2650.0,114.0,140.0,442.0,,,,,,1153.4025590536294,,,,,,11.600000381469727,1.5,0.0
11676878133,Natación en piscina,swim,2023-07-30 11:16:45,2460.7060546875,2050.0,116.0,134.0,337.0,,,,,,1199.0407797259586,,,,,,11.199999809265137,1.5,0.0
11676061611,Vitacura - 22k con cerro,run,2023-07-30 08:26:42,7133.330078125,22000.25,153.0,170.0,1368.0,,,,,,324.25420367347044,177.40625,,,,,,4.599999904632568,0.0
11671263019,Las Condes Carrera,run,2023-07-29 17:42:31,2314.095947265625,6361.06005859375,137.0,160.0,386.0,,,,,,363.76863355195457,167.28125,,,,,,2.5,0.0
11669453578,Pudahuel Ciclismo,bike,2023-07-29 08:19:20,13352.2744140625,80803.859375,125.0,175.0,1736.0,,,,,,165.2346319293058,,,,,,,4.300000190734863,0.6000000238418579
11659951039,Natación en piscina,swim,2023-07-28 05:39:41,2746.30810546875,2475.0,117.0,148.0,400.0,,,,,,1109.8778852351954,,,,,,10.600000381469727,1.7999999523162842,0.0
11657793465,Las Condes Carrera,run,2023-07-27 19:41:16,3658.010009765625,10043.4697265625,144.0,166.0,606.0,,,,,,364.16605289367305,168.109375,,,,,,3.0,0.0
11652796166,Zwift - RODILLO AEROBICO 1 in Watopia,bike,2023-07-27 05:31:21,3923.373046875,33211.87890625,0.0,0.0,432.0,115.0,120.55336645883517,,,,118.13348871521089,,,,,,,,
11650925032,"Las Condes - 20x400 en capacidad láctica, co",run,2023-07-26 19:58:39,2848.153076171875,10995.4404296875,140.0,164.0,584.0,,,,,,259.0002549059516,177.828125,,,,,,4.099999904632568,2.0999999046325684
11645659061,Natación en piscina,swim,2023-07-26 05:40:37,3413.470947265625,2950.0,118.0,137.0,479.0,,,,,,1157.40737738535,,,,,,11.399999618530273,2.0,0.0
11643289304,Strength,str,2023-07-25 20:15:02,2749.492919921875,0.0,91.0,120.0,181.0,,,,,,,,,,,,,0.4000000059604645,0.0
11643109087,Entrenamiento en cinta,run,2023-07-25 19:37:22,1913.094970703125,5000.259765625,132.0,147.0,307.0,,,,,,382.55545854029646,166.546875,,,,,,2.299999952316284,0.0
11637853828,Zwift - Sobre umbral 2 x 1  in Watopia,bike,2023-07-25 05:25:58,3923.69189453125,36233.0390625,0.0,0.0,546.0,145.0,168.50655459662937,,,,108.2954275169839,,,,,,,,
11635664253,Las Condes - 3 X 2000 MTS c/ 2 min de pausa,run,2023-07-24 19:56:23,3245.386962890625,10277.0,143.0,167.0,613.0,,,,,,315.756230670837,171.0625,,,,,,3.700000047683716,0.0
11630727480,Natación en piscina,swim,2023-07-24 05:38:49,3845.243896484375,3200.0,124.0,147.0,512.0,,,,,,1200.4801858920744,,,,,,11.399999618530273,2.200000047683716,0.0
11625268842,Vitacura Carrera,run,2023-07-23 08:18:39,6135.82177734375,21458.91015625,158.0,175.0,1291.0,,,,,,285.9593954817463,181.234375,,,,,,5.0,1.5
11625281401,Strength,str,2023-07-23 08:14:21,229.49200439453125,0.0,101.0,116.0,22.0,,,,,,,,,,,,,0.10000000149011612,0.0
11618246027,Yoga,str,2023-07-22 10:47:24,1117.031005859375,0.0,86.0,102.0,61.0,,,,,,,,,,,,,0.10000000149011612,0.0
11618095143,Entrenamiento en cinta,run,2023-07-22 10:11:05,1935.1719970703125,5006.080078125,128.0,139.0,293.0,,,,,,386.54814120131266,168.75,,,,,,2.0999999046325684,0.0
11617344052,Zwift - C Bustos [OLYMPIC] s Meetup on Beach Island Loop in Watopia,bike,2023-07-22 08:04:56,3983.035888671875,37857.80078125,0.0,0.0,632.0,166.0,185.98893273365013,,,,105.2188584285285,,,,,,,,
11616756834,Zwift - Flat Route in Watopia,bike,2023-07-22 06:49:50,3622.0,31835.490234375,0.0,0.0,430.0,124.0,128.86497057679597,,,,113.77859259842789,,,,,,,,
11609207168,Natación en piscina,swim,2023-07-21 05:32:29,3368.718017578125,2700.0,126.0,152.0,438.0,,,,,,1248.4394521730394,,,,,,11.600000381469727,2.200000047683716,0.0
11573520003,Las Condes Carrera,run,2023-07-16 07:57:19,5373.923828125,16831.0703125,151.0,176.0,1032.0,,,,,,319.28480515446967,174.3125,,,,,,4.5,0.0
11568532829,Strength,str,2023-07-15 15:51:52,3714.912109375,0.0,93.0,131.0,252.0,,,,,,,,,,,,,0.6000000238418579,0.0
11567242406,Colina - 8 km conversados,run,2023-07-15 11:26:01,2232.73193359375,8444.7099609375,169.0,186.0,505.0,,,,,,264.4103603524661,183.71875,,,,,,4.300000190734863,0.0
11567382555,Colina Ciclismo en ruta,bike,2023-07-15 08:41:05,9471.9873046875,60568.421875,,,1063.0,115.0,178.33833348925066,,,,156.39662052666864,,,,,,,,
11557709587,Natación en piscina,swim,2023-07-14 06:06:53,3028.944091796875,2400.0,112.0,133.0,389.0,,,,,,1262.6262694679344,,,,,,11.600000381469727,1.2999999523162842,0.0
11555270206,Las Condes Carrera,run,2023-07-13 19:31:16,3639.1298828125,10004.9404296875,147.0,162.0,624.0,,,,,,363.76863355195457,171.625,,,,,,3.0,0.0
11550254901,Zwift - Watopia,bike,2023-07-13 05:25:01,3503.205078125,33020.87109375,0.0,0.0,431.0,129.0,135.15763028939307,,,,106.1007936087936,,,,,,,,
11548089475,Vitacura Carrera,run,2023-07-12 19:35:40,2378.1298828125,7515.7099609375,151.0,172.0,464.0,,,,,,316.45568760708557,176.703125,,,,,,3.4000000953674316,0.0
11543177791,Natación en piscina,swim,2023-07-12 06:08:55,2826.77001953125,2400.0,120.0,147.0,384.0,,,,,,1177.8563332850317,,,,,,11.300000190734863,2.0,0.0
11540850839,Strength,str,2023-07-11 20:14:24,2519.4609375,0.0,88.0,124.0,162.0,,,,,,,,,,,,,0.5,0.0
11540850446,Entrenamiento en cinta,run,2023-07-11 19:31:31,1921.114990234375,5011.52001953125,131.0,164.0,303.0,,,,,,383.2886210916464,169.15625,,,,,,2.4000000953674316,0.10000000149011612
11535337458,Zwift - RODILLO Sprint #0 in Watopia,bike,2023-07-11 05:35:56,3351.0,30252.75,0.0,0.0,410.0,127.0,137.504097125625,,,,110.77876954361399,,,,,,,,
11533062205,Vitacura - Fartlek,run,2023-07-10 19:49:52,2875.43798828125,8176.31982421875,149.0,163.0,518.0,,,,,,351.6174277268558,173.28125,,,,,,3.0999999046325684,0.0
11528123327,Natación en piscina,swim,2023-07-10 06:08:06,2748.919921875,2250.0,122.0,146.0,368.0,,,,,,1221.0012124705434,,,,,,10.899999618530273,2.0999999046325684,0.0
11522538094,Vitacura - 1h30min de trote en z1z2,run,2023-07-09 08:28:14,5375.6318359375,19870.16015625,159.0,173.0,1176.0,,,,,,270.5627633022211,182.609375,,,,,,5.0,0.0
11516011164,Colina Carrera,run,2023-07-08 11:17:29,3123.23388671875,11210.0595703125,161.0,173.0,677.0,,,,,,278.6291456450544,179.6875,,,,,,4.599999904632568,0.0
11516023143,Colina Ciclismo en ruta,bike,2023-07-08 08:36:46,9064.3271484375,81986.890625,,,1499.0,166.0,196.859321218332,,,,110.55831858099167,,,,,,,,
11506395212,Natación en piscina,swim,2023-07-07 06:07:44,2886.91796875,2450.0,111.0,134.0,396.0,,,,,,1177.8563332850317,,,,,,10.600000381469727,1.2999999523162842,0.0
11504095723,Las Condes Carrera,run,2023-07-06 19:17:36,3495.677001953125,9115.2197265625,140.0,166.0,558.0,,,,,,383.43557693318564,166.28125,,,,,,2.9000000953674316,0.0
11498857986,Zwift - Rodillo 6 y final! Mesociclo de carga in Watopia,bike,2023-07-06 05:21:09,4991.0,37901.69140625,0.0,0.0,835.0,175.0,185.88684987734973,,,,131.68290993993884,,,,,,,,
11496657739,Las Condes Carrera,run,2023-07-05 20:06:44,3203.9560546875,9935.9697265625,143.0,163.0,587.0,,,,,,322.4766131061634,171.21875,,,,,,3.5,0.0
11491696224,Natación en piscina,swim,2023-07-05 06:07:00,2773.01611328125,2300.0,120.0,147.0,396.0,,,,,,1206.2726231623217,,,,,,10.899999618530273,2.0,0.0
11489355543,Strength,str,2023-07-04 19:51:00,2401.361083984375,0.0,96.0,144.0,187.0,,,,,,,,,,,,,0.5,0.0
11489355167,Entrenamiento en cinta,run,2023-07-04 19:19:59,1817.969970703125,5008.3798828125,135.0,155.0,311.0,,,,,,362.9763914557708,169.21875,,,,,,2.5999999046325684,0.0
11483935462,Zwift - Rodillo 5 Mesociclo de carga in Watopia,bike,2023-07-04 05:17:22,5044.0,44288.48828125,0.0,0.0,802.0,166.0,174.70865208775894,,,,113.8952198648411,,,,,,,,
11476892016,Escalera Ascendente (No esta fá,run,2023-07-03 06:13:00,3692.0009765625,10836.76953125,139.0,164.0,534.0,,,,,,340.71550919792094,172.125,,,,,,3.299999952316284,0.0
11471650528,Las Condes Carrera,run,2023-07-02 08:36:58,6621.43310546875,20823.30078125,154.0,177.0,1279.0,,,,,,317.9650257757398,175.65625,,,,,,4.800000190734863,0.0
11464092869,Yoga,str,2023-07-01 10:04:11,1012.1519775390625,0.0,80.0,101.0,36.0,,,,,,,,,,,,,0.0,0.0
11463889552,Zwift - PEDAL W RT = 2H35 = 2 X 15 BG IF 0.70 / 30 IF 0.80 / 15 IF 0.90 in Watopia,bike,2023-07-01 07:21:37,9594.5078125,51523.828125,0.0,0.0,1311.0,144.0,155.91221828904622,,,,186.21974326092334,,,,,,,,
11434310046,Zwift - Rodillo 3 Mesociclo de carga in Watopia,bike,2023-06-27 05:21:49,5016.0,43534.2109375,0.0,0.0,754.0,157.0,164.5202300053866,,,,115.22064885676106,,,,,,,,
11427956085,Las Condes Carrera,run,2023-06-26 07:56:41,3522.85400390625,10244.9599609375,111.0,153.0,553.0,,,,,,343.87895551017476,172.015625,,,,,,3.0,0.0
11421932247,Zwift - Watopia,bike,2023-06-25 06:50:13,14334.0849609375,130067.8828125,0.0,0.0,2034.0,149.0,158.58476757863443,,,,110.20497691013107,,,,,,,,
11414484182,Natación en piscina,swim,2023-06-24 10:27:41,1153.0999755859375,1000.0,112.0,130.0,170.0,,,,,,1153.4025590536294,,,,,,10.699999809265137,0.699999988079071,0.0
11414483426,Entrenamiento en cinta,run,2023-06-24 08:17:34,7286.2822265625,19009.919921875,120.0,137.0,786.0,,,,,,383.2886210916464,166.265625,,,,,,2.4000000953674316,0.0
11398979401,Zwift - Rodillo 2 Mesociclo de carga in Watopia,bike,2023-06-22 05:27:25,4495.0,42005.98046875,0.0,0.0,664.0,154.0,162.719544633769,,,,107.00909271540819,,,,,,,,
11393713542,Las Condes - 20 k zona 1 - 2,run,2023-06-21 09:40:28,6276.74609375,19839.099609375,149.0,170.0,1212.0,,,,,,316.3555823398283,170.140625,,,,,,4.300000190734863,0.0
11389216969,Las Condes Carrera,run,2023-06-20 19:20:35,1903.2960205078125,5182.990234375,155.0,176.0,341.0,,,,,,367.24200579804557,170.0,,,,,,2.5999999046325684,0.0
11384130182,Zwift - Rodillo 1 Mesociclo de carga in Watopia,bike,2023-06-20 05:22:20,4606.0,39261.578125,0.0,0.0,692.0,157.0,167.30877114159046,,,,117.31581186167651,,,,,,,,
11381922394,Las Condes Carrera,run,2023-06-19 20:54:04,329.9679870605469,875.9099731445312,116.0,126.0,52.0,,,,,,376.6478383337029,166.6875,,,,,,0.699999988079071,0.0
11381921357,Las Condes Carrera,run,2023-06-19 20:20:41,1625.3900146484375,6850.27978515625,152.0,168.0,388.0,,,,,,237.24791549201447,186.0625,,,,,,4.199999809265137,0.0
11381919377,Las Condes - Escalera Ascendente (No esta fá,run,2023-06-19 19:54:57,1424.011962890625,3423.3798828125,137.0,163.0,232.0,,,,,,415.97337011300186,150.09375,,,,,,2.200000047683716,0.0
11371395209,Vitacura Carrera,run,2023-06-18 08:19:33,4861.97119140625,16995.66015625,157.0,177.0,1026.0,,,,,,286.0411857177725,181.28125,,,,,,5.0,0.0
11364939958,Colina Carrera,run,2023-06-17 11:51:57,1580.8819580078125,5001.14990234375,192.0,207.0,415.0,,,,,,316.05562236064833,176.640625,,,,,,5.0,0.0
11364622509,Colina Ciclismo en ruta,bike,2023-06-17 08:37:10,11149.916015625,100014.859375,,,1574.0,142.0,174.82570331780835,,,,111.48271685963243,,,,,,,,
11352943331,Las Condes Carrera,run,2023-06-15 18:38:15,3647.825927734375,10029.150390625,140.0,158.0,617.0,,,,,,363.76863355195457,168.5,,,,,,3.0999999046325684,0.0
11348039013,Zwift - RODILLO Z2 Cadencia variable -Olympic Team- in Watopia,bike,2023-06-15 05:29:34,3487.0,30786.5390625,0.0,0.0,456.0,137.0,142.86302177161824,,,,113.27593930923862,,,,,,,,
11338228521,Las Condes Carrera,run,2023-06-13 19:42:32,2259.27392578125,5272.169921875,121.0,135.0,315.0,,,,,,428.4489942597716,167.78125,,,,,,2.0999999046325684,0.0
11332788041,Zwift - RODILLO Z1 regenerativo #1 in Watopia,bike,2023-06-13 05:24:33,2886.0,20623.51953125,0.0,0.0,312.0,113.0,117.3316826275869,,,,139.93842888493504,,,,,,,,
11330685358,Las Condes Carrera,run,2023-06-12 19:54:00,3961.125,12061.5302734375,142.0,176.0,701.0,,,,,,328.4072167305477,162.5,,,,,,3.9000000953674316,1.399999976158142
11311739706,Mogi Guaçu Carrera,run,2023-06-10 07:59:01,5829.66015625,18428.609375,154.0,180.0,1138.0,,,,,,316.3555823398283,175.671875,,,,,,4.300000190734863,0.0
11307450611,Mogi Guaçu Carrera,run,2023-06-09 17:18:47,1765.4630126953125,4629.72998046875,143.0,158.0,297.0,,,,,,381.38825629360946,169.984375,,,,,,2.5,0.0
11296838369,Las Condes - z1 z2,run,2023-06-08 06:29:00,3761.839111328125,10557.599609375,148.0,176.0,647.0,,,,,,356.25223650138435,171.09375,,,,,,3.200000047683716,0.0
11296174853,Zwift - Rodillo Z6.2 Persecucin #0 -Olympic team- in Watopia,bike,2023-06-08 05:23:31,3345.0,30328.310546875,0.0,0.0,447.0,139.0,175.18365505264626,,,,110.30222829065502,,,,,,,,
11294136699,Las Condes Carrera,run,2023-06-07 21:04:59,292.5830078125,762.0399780273438,144.0,153.0,48.0,,,,,,383.87715649832035,174.96875,,,,,,0.699999988079071,0.0
11294136050,Las Condes Carrera,run,2023-06-07 20:25:18,1176.260009765625,5577.6201171875,140.0,169.0,228.0,,,,,,210.8814800252798,188.578125,,,,,,3.200000047683716,1.899999976158142
11294069371,Las Condes - 400s,run,2023-06-07 19:57:31,1589.0240478515625,3795.969970703125,136.0,168.0,258.0,,,,,,418.58519277874115,139.140625,,,,,,2.5,0.0
11286617815,Las Condes Carrera,run,2023-06-06 20:09:17,1933.1419677734375,5221.509765625,146.0,164.0,331.0,,,,,,370.2332503443652,172.65625,,,,,,2.5,0.0
11281182604,Zwift - RODILLO Z6.1 Arranque inicial -Olympic Team- in Watopia,bike,2023-06-06 05:34:25,3761.0,34668.94140625,0.0,0.0,535.0,148.0,176.6549178112644,,,,108.48339719095439,,,,,,,,
11279198859,Las Condes - 800s,run,2023-06-05 19:49:42,3775.113037109375,10677.83984375,137.0,173.0,684.0,,,,,,353.60678066469217,146.265625,,,,,,4.0,2.700000047683716
11269046780,Providencia - 17 km al cerro san Cristóbal (i,run,2023-06-04 08:17:17,5605.4970703125,19515.3203125,158.0,180.0,1158.0,,,,,,287.2737763120008,181.234375,,,,,,5.0,0.0
11270075793,Colina Ciclismo en ruta,bike,2023-06-03 08:35:23,11339.3427734375,102741.9609375,,,1658.0,147.0,186.96312649052047,,,,110.36309616091616,,,,,,,,
11249569480,Las Condes - z1 z2,run,2023-06-01 19:18:55,2639.784912109375,7411.8798828125,131.0,142.0,431.0,,,,,,356.1253449979563,169.1875,,,,,,2.5999999046325684,0.0
11244567022,"Zwift - RODILLO Z7 (30""-45"") -Olympic Team- in Watopia",bike,2023-06-01 05:33:25,3477.712890625,31376.98046875,0.0,0.0,455.0,136.0,173.68945054292658,,,,110.8401646340748,,,,,,,,
11242668178,Las Condes Carrera,run,2023-05-31 19:59:19,2441.2509765625,8935.900390625,140.0,187.0,511.0,,,,,,273.224037308468,181.484375,,,,,,4.099999904632568,2.0999999046325684
11242665924,Las Condes Carrera,run,2023-05-30 19:31:01,1997.29296875,5411.419921875,141.0,158.0,329.0,,,,,,369.1398889492245,168.765625,,,,,,2.5,0.0
11229397482,Zwift - RODILLO Z7 (progresivos) -Olympic Team- in Watopia,bike,2023-05-30 05:35:09,3855.0,30771.9296875,0.0,0.0,550.0,149.0,174.92689679197142,,,,125.2818862153735,,,,,,,,
11227278925,Las Condes Carrera,run,2023-05-29 19:50:23,3976.301025390625,10786.900390625,141.0,176.0,710.0,,,,,,368.5956425380567,143.65625,,,,,,4.300000190734863,0.0
11216881191,Vitacura Carrera,run,2023-05-28 08:20:21,5934.5322265625,18201.83984375,143.0,166.0,1078.0,,,,,,326.0515254669452,175.4375,,,,,,4.099999904632568,0.0
11209996903,Puente Alto Ciclismo,bike,2023-05-27 08:13:58,15591.4150390625,97833.6328125,130.0,171.0,2472.0,,,,,,159.3625473788053,,,,,,,4.300000190734863,2.200000047683716
11204425546,Entrenamiento en cinta,run,2023-05-26 19:14:31,3550.85693359375,7312.10986328125,136.0,187.0,524.0,,,,,,485.6726530302202,123.578125,,,,,,3.700000047683716,3.0999999046325684
11204425183,Las Condes Carrera,run,2023-05-25 19:22:37,1636.2969970703125,4383.740234375,141.0,158.0,276.0,,,,,,373.27362337516706,173.8125,,,,,,2.5,0.0
11192831323,Zwift - RODILLO ZONA 7 -Olympic Team- in Watopia,bike,2023-05-25 05:38:42,3495.0,29255.41015625,0.0,0.0,497.0,148.0,172.95745930175732,,,,119.47431465624256,,,,,,,,
11193132547,Las Condes Carrera,run,2023-05-24 20:01:46,3167.27392578125,8701.5498046875,135.0,171.0,556.0,,,,,,364.03349386156776,142.375,,,,,,3.799999952316284,0.20000000298023224
11166070711,Lo Barnechea Carrera,run,2023-05-21 08:07:23,5859.6982421875,7098.240234375,117.0,151.0,655.0,,,,,,825.7638549548738,95.90625,,,,,,2.200000047683716,0.0
11158409417,Tiltil Road Cycling,bike,2023-05-20 09:06:50,9242.6748046875,82438.203125,,,1486.0,162.0,193.798725210925,,,,112.12019697080349,,,,,,,,
11141873993,Gascony - Lavardens Cycle Tour Demo,bike,2023-05-18 06:28:35,971.8250122070312,6640.5,,,114.0,117.63439752832132,136.53439351726055,18.26221816624976,0.8224963464895214,,146.34816839199325,,,,,,,,
11141752198,Gascony - Lavardens Cycle Tour Demo,bike,2023-05-18 05:53:21,2100.010009765625,13239.509765625,,,235.0,112.06809523809524,128.3908956581354,34.89563816287828,0.7734391304706952,,158.61690099871225,,,,,,,,
11139699655,"Las Condes - Run easy 20 min (solo y solo si,",run,2023-05-17 20:00:50,1269.16796875,3320.93994140625,133.0,160.0,219.0,,,,,,382.11691274098996,157.328125,,,,,,2.5,0.0
11127352656,Gascony - Lavardens Cycle Tour Demo,bike,2023-05-16 05:53:08,1736.68603515625,13240.91015625,,,256.0,147.8421658986175,170.06668666771756,50.63387166416816,1.0244981124561299,,131.1606237533827,,,,,,,,
11127191595,Road Feel Test - Tacx NEO series,bike,2023-05-16 05:45:22,395.1210021972656,1799.75,,,36.0,91.66835443037975,94.74968003514296,3.5757483093244598,0.5707812050309817,,219.54215985401618,,,,,,,,
11115395635,Santiago Running,run,2023-05-14 07:40:17,5218.8720703125,21087.720703125,159.0,173.0,1238.0,,,,,,247.46350590842673,186.34375,,,,,,5.0,0.0
11092786317,Zwift - RODILLO Z4 Torque Variable -Olympic team- in Watopia,bike,2023-05-11 05:52:01,3563.071044921875,32690.970703125,0.0,0.0,527.0,155.0,175.06247566958484,,,,109.00370866423636,,,,,,,,
11090673108,Las Condes - 12 x 200 / 1 x 2000,run,2023-05-10 19:59:47,3356.722900390625,9096.83984375,138.0,172.0,554.0,,,,,,369.0036848426666,151.84375,,,,,,3.200000047683716,0.800000011920929
11078414815,Zwift - Rodillo Z4 Sprint   Ritmo FTP -Olympic team- in Watopia,bike,2023-05-09 06:07:29,3614.0,34950.94921875,0.0,0.0,541.0,156.0,184.64556575603717,,,,103.41261552329303,,,,,,,,
11065002000,Las Condes Running,run,2023-05-07 07:25:41,4757.0419921875,14014.08984375,154.0,171.0,875.0,,,,,,339.4433015387952,171.3125,,,,,,3.5999999046325684,0.0
11058977072,Colina Road Cycling,bike,2023-05-06 08:59:36,9381.1064453125,83383.703125,,,1487.0,159.0,187.12342680789726,,,,112.51125701642202,,,,,,,,
11058959857,Colina Cycling,bike,2023-05-06 08:58:38,9429.69140625,83403.9296875,96.0,124.0,2498.0,,,,,,113.05822157266228,,,,,,,0.6000000238418579,0.0
11047639597,Las Condes Running,run,2023-05-04 19:52:21,1806.239990234375,5112.06005859375,151.0,163.0,327.0,,,,,,353.35689998550953,172.453125,,,,,,2.5999999046325684,0.0
11047637980,Strength,str,2023-05-04 19:03:51,2643.23095703125,0.0,91.0,122.0,188.0,,,,,,,,,,,,,0.30000001192092896,0.0
11042756573,"Unbound Gravel, Stage 1 - Unbound Gravel, Stage 1 (Kansas)",bike,2023-05-04 06:10:04,3654.89208984375,30045.279296875,,,591.0,161.93705528188286,171.95255207083162,108.93642879271601,1.0358587474146483,,121.64613461336317,,,,,,,,
11040346176,Las Condes Running,run,2023-05-03 19:47:25,3815.678955078125,12170.1201171875,142.0,175.0,736.0,,,,,,313.47961820142706,166.734375,,,,,,4.599999904632568,0.30000001192092896
11032560910,Las Condes Running,run,2023-05-02 19:53:20,1828.7509765625,5112.31005859375,146.0,161.0,318.0,,,,,,357.6537906422243,170.421875,,,,,,2.5,0.0
11027666053,Strength,str,2023-05-02 06:11:35,3157.839111328125,0.0,91.0,137.0,226.0,,,,,,,,,,,,,0.8999999761581421,0.0
11022253451,Lampa Cycling,bike,2023-05-01 08:10:43,9020.03515625,80905.1328125,113.0,164.0,861.0,,,,,,111.49515166813792,,,,,,,2.5999999046325684,0.30000001192092896
11015341992,Pool Swimming,swim,2023-04-30 10:56:09,875.9229736328125,675.0,121.0,140.0,120.0,,,,,,1297.0168146938818,,,,,,11.199999809265137,1.2000000476837158,0.0
11014895594,Treadmill Running,run,2023-04-30 09:07:53,5737.98486328125,15007.2001953125,147.0,170.0,929.0,,,,,,382.4091764256451,165.59375,,,,,,4.0,0.0
11014021977,Pool Swimming,swim,2023-04-30 08:14:33,2501.258056640625,2000.0,113.0,131.0,328.0,,,,,,1249.9999813735487,,,,,,11.899999618530273,1.2000000476837158,0.0
11009870696,Pool Swimming,swim,2023-04-29 17:02:18,1606.4859619140625,1250.0,122.0,143.0,190.0,,,,,,1219.512205759306,,,,,,11.699999809265137,2.0999999046325684,0.0
11007277099,Las Condes Running,run,2023-04-29 07:29:07,8381.35546875,25510.109375,147.0,167.0,1531.0,,,,,,328.5151213698636,172.46875,,,,,,4.300000190734863,0.0
10996880748,Las Condes Running,run,2023-04-27 19:02:59,1449.009033203125,5214.0,152.0,195.0,293.0,,,,,,277.9321807162444,174.953125,,,,,,3.0,0.0
10996744108,Zwift - Rodillo Z3/FTP   BURST -Olympic team- in Watopia,bike,2023-04-27 17:57:38,3468.0,34574.58984375,0.0,0.0,531.0,160.0,179.33531763948073,,,,100.31096537020912,,,,,,,,
10992386465,Strength,str,2023-04-27 06:03:51,3056.5849609375,0.0,94.0,162.0,240.0,,,,,,,,,,,,,1.2000000476837158,0.0
10990348539,Las Condes Running,run,2023-04-26 20:00:03,3741.470947265625,9022.23046875,133.0,170.0,569.0,,,,,,414.76565510671134,139.9375,,,,,,3.200000047683716,1.2999999523162842
10983169228,Zwift - RODILLO Sprint final -Olympic team- in Watopia,bike,2023-04-25 19:50:34,3532.0,34293.46875,0.0,0.0,479.0,141.0,151.29397618567816,,,,102.99722296000716,,,,,,,,
10978264541,Strength,str,2023-04-25 06:06:54,3202.85595703125,0.0,85.0,121.0,192.0,,,,,,,,,,,,,0.4000000059604645,0.0
10976097194,Las Condes Running,run,2023-04-24 19:49:55,3845.430908203125,10460.6904296875,135.0,170.0,677.0,,,,,,367.64705495644614,142.25,,,,,,4.0,0.6000000238418579
10966206981,Vitacura Running,run,2023-04-23 08:05:52,5170.09814453125,20127.869140625,164.0,177.0,1192.0,,,,,,256.87131490024296,186.6875,,,,,,5.0,0.10000000149011612
10965912801,Vitacura Running,run,2023-04-23 07:48:40,739.0050048828125,1495.4000244140625,121.0,147.0,113.0,,,,,,494.07116347210496,134.5,,,,,,2.0,0.0
10959446984,Colina Cycling,bike,2023-04-22 08:31:10,11576.6337890625,100813.15625,124.0,169.0,1376.0,,,,,,114.83692914248165,,,,,,,3.4000000953674316,0.10000000149011612
10948162090,Zwift - RODILLO Sprint -Olympic team- in Watopia,bike,2023-04-20 19:19:42,3595.0,32417.55078125,0.0,0.0,476.0,138.0,153.05415443565045,,,,110.90162781424874,,,,,,,,
10943566388,Strength,str,2023-04-20 06:05:18,3147.9619140625,0.0,93.0,147.0,241.0,,,,,,,,,,,,,1.2999999523162842,0.0
10941501850,Las Condes Running,run,2023-04-19 19:57:05,3682.4130859375,9633.7001953125,139.0,172.0,677.0,,,,,,382.2630061393697,137.234375,,,,,,4.099999904632568,1.2000000476837158
10929082261,Strength,str,2023-04-18 06:06:44,3024.576904296875,0.0,99.0,140.0,260.0,,,,,,,,,,,,,1.2000000476837158,0.0
10916656799,Providencia Running,run,2023-04-16 08:02:20,5594.29296875,21108.560546875,161.0,180.0,1259.0,,,,,,265.04108123362687,184.328125,,,,,,5.0,1.100000023841858
10909928213,Lo Barnechea Cycling,bike,2023-04-15 10:37:18,2119.423095703125,14504.919921875,105.0,132.0,45.0,1.0,5.0,0.0,0.02800000086426735,,146.1133869178288,,,,,,,0.8999999761581421,0.0
10909422022,Las Condes Cycling,bike,2023-04-15 07:01:08,9448.2001953125,49541.1796875,130.0,181.0,964.0,1.0,8.0,0.20000000298023224,0.04800000041723251,,190.73049669642708,,,,,,,3.9000000953674316,0.8999999761581421
10899282037,Las Condes Cycling,bike,2023-04-13 17:49:13,4608.041015625,20972.470703125,124.0,156.0,595.0,,,,,,219.7319213393686,,,,,,,2.9000000953674316,0.0
10894976568,Strength,str,2023-04-13 06:04:40,2969.60888671875,0.0,92.0,133.0,213.0,,,,,,,,,,,,,0.6000000238418579,0.0
10892986861,Las Condes Running,run,2023-04-12 19:56:01,2878.883056640625,9037.259765625,146.0,176.0,574.0,,,,,,318.57280007777655,168.421875,,,,,,4.300000190734863,0.20000000298023224
10878695422,Las Condes Running,run,2023-04-10 19:45:36,5063.2177734375,11781.5703125,126.0,166.0,771.0,,,,,,429.7378778696423,117.03125,,,,,,3.5999999046325684,2.0
10873682841,Pool Swimming,swim,2023-04-10 05:49:11,4226.716796875,2300.0,113.0,145.0,340.0,,,,,,1180.6375402859135,,,,,,11.5,2.0,0.0
10867803874,Las Condes Running,run,2023-04-09 08:41:45,2260.7509765625,7598.509765625,145.0,172.0,442.0,,,,,,297.5304914728295,178.53125,,,,,,3.5999999046325684,0.0
10861758319,Pool Swimming,swim,2023-04-08 10:37:41,2017.0240478515625,0.0,121.0,153.0,0.0,,,,,,,,,,,,0.0,2.0999999046325684,0.0
10861757284,Pool Swimming,swim,2023-04-08 10:23:34,797.5770263671875,0.0,106.0,119.0,0.0,,,,,,,,,,,,0.0,0.4000000059604645,0.0
10854979330,Colina Cycling,bike,2023-04-07 08:38:34,12460.7099609375,101946.5078125,132.0,165.0,1656.0,,,,,,122.2344493145575,,,,,,,3.700000047683716,0.6000000238418579
10837718111,Oceanside Running,run,2023-04-04 15:54:58,2349.875,7623.7998046875,147.0,160.0,470.0,,,,,,308.26140965942153,175.296875,,,,,,3.4000000953674316,0.0
11024540267,Oceanside Road Cycling,bike,2023-04-01 07:45:36,10113.5478515625,89776.578125,,,1731.0,172.0,187.79883906297835,,,,112.65067211103661,,,,,,,,
10815551477,Oceanside Multisport,triathlon,2023-04-01 07:00:37,18876.339584350586,113852.73837280273,,175.0,2781.0,,,,,,165.7960963797054,,,,,,,5.0,1.399999976158142
10803976646,Oceanside Road Cycling,bike,2023-03-30 17:15:38,1025.5389404296875,2510.550048828125,,,28.0,28.0,90.4998649277134,,,,408.4967396648271,,,,,,,,
10803922970,Oceanside Road Cycling,bike,2023-03-30 17:03:31,327.4700012207031,1544.18994140625,,,32.0,,,,,,212.04410157197515,,,,,,,,
10803922665,Oceanside Road Cycling,bike,2023-03-30 16:54:01,475.81500244140625,2300.340087890625,,,49.0,,,,,,206.82523104658605,,,,,,,,
10797390846,Oceanside Running,run,2023-03-29 15:49:49,3069.0,10011.740234375,151.0,169.0,630.0,,,,,,306.5603845102479,177.234375,,,,,,4.0,0.0
10790736485,Oceanside Running,run,2023-03-28 17:20:49,1466.7779541015625,4755.77978515625,146.0,163.0,294.0,,,,,,308.4515633036607,178.078125,,,,,,3.0999999046325684,0.0
10778873813,Pool Swimming,swim,2023-03-27 05:58:25,3560.157958984375,2400.0,115.0,142.0,386.0,,,,,,1145.475338493607,,,,,,11.399999618530273,2.0,0.0
10767750921,Viña del Mar Running,run,2023-03-25 11:38:47,1645.51904296875,5006.43017578125,147.0,157.0,322.0,,,,,,328.7310919845039,176.578125,,,,,,3.0,0.0
10767747309,Concón Running,run,2023-03-25 11:13:21,1419.1929931640625,5018.3701171875,153.0,170.0,295.0,,,,,,282.80542879641973,183.703125,,,,,,3.200000047683716,0.0
10766552708,Concón Open Water Swimming,swim,2023-03-25 09:11:12,3111.10009765625,2691.7099609375,116.0,130.0,455.0,,,,,,1156.069351416027,,,,,,,1.7000000476837158,0.0
10745603136,Pool Swimming,swim,2023-03-22 05:38:54,3585.794921875,2450.0,120.0,138.0,360.0,,,,,,1066.0980544675872,,,,,,10.800000190734863,1.899999976158142,0.0
10743588068,Las Condes Running,run,2023-03-21 19:38:50,1513.1529541015625,4735.6201171875,142.0,161.0,288.0,,,,,,319.4888062100344,172.40625,,,,,,2.799999952316284,0.0
10736590367,Las Condes Running,run,2023-03-20 19:46:44,2905.4140625,8998.8603515625,146.0,178.0,559.0,,,,,,322.89313450696045,159.21875,,,,,,3.9000000953674316,0.10000000149011612
10731812519,Pool Swimming,swim,2023-03-20 06:10:24,1944.656005859375,1075.0,127.0,151.0,172.0,,,,,,1008.0645326040417,,,,,,10.199999809265137,2.200000047683716,0.20000000298023224
10731811811,Pool Swimming,swim,2023-03-20 05:34:01,1954.633056640625,1700.0,130.0,152.0,272.0,,,,,,1103.7527373070727,,,,,,10.899999618530273,2.299999952316284,0.0
10719059229,Las Condes Running,run,2023-03-18 09:02:49,1865.781982421875,4999.60986328125,160.0,178.0,363.0,,,,,,373.13431906365554,171.828125,,,,,,3.0,0.0
10718715441,Zwift - FTP Test (shorter) in Watopia,bike,2023-03-18 08:07:20,2713.056884765625,26590.630859375,142.0,174.0,473.0,182.0,208.54723340865672,,,,102.04081434053666,,,,,,,,
10711553974,Pool Swimming,swim,2023-03-17 05:27:14,2844.260986328125,2200.0,139.0,160.0,352.0,,,,,,1149.425281056452,,,,,,10.699999809265137,3.0,0.4000000059604645
10709707272,Strength,str,2023-03-16 18:49:57,2983.62890625,0.0,77.0,150.0,164.0,,,,,,,,,,,,,1.100000023841858,0.0
10705125480,Zwift - Z2   piques in Watopia,bike,2023-03-16 05:52:59,3494.0,28800.8203125,0.0,0.0,462.0,138.0,158.0259233724868,,,,121.32977982989144,,,,,,,,
10703405561,Las Condes Running,run,2023-03-15 20:00:12,3463.26611328125,9399.9599609375,129.0,165.0,591.0,,,,,,368.4598396902983,145.046875,,,,,,3.700000047683716,0.0
10698469743,Pool Swimming,swim,2023-03-15 05:47:21,4277.93603515625,2825.0,117.0,143.0,458.0,,,,,,1173.708922815343,,,,,,11.600000381469727,2.200000047683716,0.0
10696270903,Strength,str,2023-03-14 18:37:05,3103.574951171875,0.0,74.0,102.0,131.0,,,,,,,,,,,,,0.10000000149011612,0.0
10691751695,Zwift - Ataques y persecucin in Watopia,bike,2023-03-14 05:51:52,3912.0,30919.990234375,0.0,0.0,533.0,142.0,188.29791714624832,,,,126.53422946299796,,,,,,,,
10689913442,Las Condes Running,run,2023-03-13 19:50:26,3365.222900390625,5568.490234375,116.0,157.0,392.0,,,,,,604.229617696162,85.0,,,,,,2.299999952316284,0.699999988079071
10685314719,Pool Swimming,swim,2023-03-13 05:49:19,4215.1728515625,2375.0,111.0,140.0,385.0,,,,,,1108.6474378031817,,,,,,10.5,1.600000023841858,0.0
10683082509,Yoga,str,2023-03-12 17:19:25,917.0789794921875,0.0,63.0,88.0,23.0,,,,,,,,,,,,,0.0,0.0
10679783539,Providencia Running,run,2023-03-12 08:10:38,4909.908203125,17990.01953125,158.0,172.0,1067.0,,,,,,272.925761634781,185.734375,,,,,,5.0,0.30000001192092896
10678463580,Strength,str,2023-03-12 07:09:16,891.7069702148438,0.0,72.0,88.0,35.0,,,,,,,,,,,,,0.0,0.0
10673698277,Tiltil Running,run,2023-03-11 11:32:48,1356.5069580078125,4997.8701171875,195.0,207.0,337.0,,,,,,271.44408139470465,181.890625,,,,,,4.099999904632568,0.0
10673504721,Tiltil Road Cycling,bike,2023-03-11 08:12:47,11712.0830078125,86961.6796875,,,1388.0,119.0,154.0896793840565,,,,134.68013122044493,,,,,,,,
10667220807,Pool Swimming,swim,2023-03-10 06:26:32,973.3280029296875,300.0,118.0,133.0,0.0,,,,,,,,,,,,0.0,1.0,0.0
10667220464,Pool Swimming,swim,2023-03-10 05:45:55,2227.285888671875,2000.0,142.0,172.0,320.0,,,,,,1027.7492397651074,,,,,,10.300000190734863,3.0999999046325684,0.0
10663693117,Strength,str,2023-03-09 18:44:11,2749.31689453125,0.0,89.0,157.0,196.0,,,,,,,,,,,,,1.7000000476837158,0.0
10659464060,Zwift - RODILLO Z1 - Z2 Agilidad (mira la descripcin) in Watopia,bike,2023-03-09 05:47:27,3569.0,32126.2890625,0.0,0.0,456.0,133.0,138.45697155943853,,,,111.0987618127249,,,,,,,,
10657754009,Las Condes Running,run,2023-03-08 20:03:27,3093.885009765625,7551.0400390625,131.0,163.0,460.0,,,,,,409.66817134413776,117.109375,,,,,,2.9000000953674316,0.20000000298023224
10653157457,Pool Swimming,swim,2023-03-08 05:45:13,4501.2099609375,2525.0,97.0,133.0,364.0,,,,,,1075.2688089344927,,,,,,10.600000381469727,1.0,0.0
10651101293,Strength,str,2023-03-07 19:25:17,3126.427978515625,0.0,74.0,113.0,131.0,,,,,,,,,,,,,0.10000000149011612,0.0
10646254848,Zwift - RODILLO Z1 - Z2 Cadencia (mira la descripcin) in Watopia,bike,2023-03-07 05:49:20,3390.0,29811.5390625,115.0,136.0,403.0,124.0,131.66967149251803,,,,113.72682529712979,,,,,,,,
10644640213,Las Condes Running,run,2023-03-06 19:47:51,2967.909912109375,7190.43994140625,135.0,180.0,508.0,,,,,,412.71149808236885,125.484375,,,,,,3.5,1.5
10644637465,Pool Swimming,swim,2023-03-06 05:52:45,3885.48193359375,1950.0,100.0,139.0,316.0,,,,,,1096.4912274968774,,,,,,11.100000381469727,1.0,0.0
10635777238,Colina Road Cycling,bike,2023-03-04 07:44:33,17637.064453125,145865.4375,,,1559.0,89.0,127.42967508499792,,,,120.91897758738631,,,,,,,,
10622029192,Pool Swimming,swim,2023-03-03 06:23:53,2209.4619140625,525.0,108.0,133.0,36.0,,,,,,1037.3444127075127,,,,,,10.800000190734863,1.0,0.0
10622028235,Pool Swimming,swim,2023-03-03 05:43:31,1943.8330078125,1375.0,130.0,152.0,220.0,,,,,,1050.4201438650732,,,,,,10.5,2.299999952316284,0.4000000059604645
10613116221,Zwift - RODILLO Z2 Sprints finales #1 in Watopia,bike,2023-03-02 05:46:46,3486.0,30712.759765625,0.0,0.0,462.0,138.0,154.0743821818658,,,,113.5073725732589,,,,,,,,
10611345251,Las Condes Running,run,2023-03-01 19:47:02,2225.656005859375,7198.47021484375,124.0,152.0,381.0,,,,,,309.21459802914677,176.21875,,,,,,2.9000000953674316,0.20000000298023224
10606435747,Pool Swimming,swim,2023-03-01 05:46:02,3495.4140625,2025.0,110.0,146.0,326.0,,,,,,1165.501192058188,,,,,,11.5,1.899999976158142,0.0
10604718144,Las Condes Running,run,2023-02-28 19:33:04,3031.56103515625,8814.759765625,125.0,142.0,503.0,,,,,,343.87895551017476,168.203125,,,,,,2.799999952316284,0.0
10604230833,Strength,str,2023-02-28 18:39:21,2970.01904296875,0.0,80.0,114.0,149.0,,,,,,,,,,,,,0.20000000298023224,0.0
10599593267,Zwift - RODILLO Z2 Sprints Iniciales #2 in Makuri Islands,bike,2023-02-28 05:54:59,3664.0,20788.44921875,0.0,0.0,469.0,134.0,147.7081660048546,,,,176.273580976542,,,,,,,,
10597722963,Vitacura Running,run,2023-02-27 19:34:57,4573.68994140625,14779.150390625,149.0,175.0,908.0,,,,,,309.50170737517004,166.703125,,,,,,4.800000190734863,0.0
10593187073,Pool Swimming,swim,2023-02-27 05:49:40,4314.35888671875,2200.0,104.0,140.0,312.0,,,,,,1158.7485842169795,,,,,,11.699999809265137,1.0,0.0
10590972008,Pool Swimming,swim,2023-02-26 17:00:12,1587.5159912109375,1000.0,107.0,121.0,160.0,,,,,,1200.4801858920744,,,,,,11.0,0.699999988079071,0.0
10588037580,Vitacura Running,run,2023-02-26 08:10:26,6363.95703125,20010.73046875,149.0,173.0,1226.0,,,,,,318.0661523579627,176.453125,,,,,,4.300000190734863,0.0
10584008518,Yoga,str,2023-02-25 17:55:21,1130.8310546875,0.0,68.0,88.0,32.0,,,,,,,,,,,,,0.0,0.0
10582483555,Colina Running,run,2023-02-25 11:55:07,2870.2490234375,10006.5400390625,171.0,192.0,619.0,,,,,,286.8617276223034,175.359375,,,,,,4.099999904632568,0.0
10582840920,Colina Road Cycling,bike,2023-02-25 08:42:19,11342.9501953125,100061.6171875,,,1304.0,116.0,136.1746150803168,,,,113.3658302637043,,,,,,,,
10573873433,Pool Swimming,swim,2023-02-24 05:50:09,4081.717041015625,2425.0,117.0,155.0,400.0,,,,,,1201.9230521245474,,,,,,10.899999618530273,2.200000047683716,0.0
10571786284,Las Condes Running,run,2023-02-23 18:17:13,2878.75,9462.8603515625,148.0,166.0,559.0,,,,,,304.2287855151752,172.828125,,,,,,3.4000000953674316,0.0
10571531782,Las Condes Cycling,bike,2023-02-23 16:52:33,4358.9091796875,21017.400390625,110.0,148.0,426.0,,,,,,207.38282755335567,,,,,,,2.0999999046325684,0.10000000149011612
10569445473,Treadmill Running,run,2023-02-23 12:18:29,1197.39404296875,4.130000114440918,121.0,172.0,162.0,,,,,,333333.3304358853,6.546875,,,,,,2.200000047683716,0.30000001192092896
10565807466,Vitacura Running,run,2023-02-22 19:33:11,2630.06005859375,8462.990234375,138.0,172.0,527.0,,,,,,310.7520261504734,167.859375,,,,,,3.5999999046325684,0.0
10559280666,Las Condes Running,run,2023-02-21 20:27:03,2956.48193359375,9288.2998046875,140.0,153.0,543.0,,,,,,318.2686227714938,174.453125,,,,,,3.0999999046325684,0.0
10558962545,Las Condes Road Cycling,bike,2023-02-21 18:44:55,5312.0927734375,24090.990234375,,,682.0,,,,,,220.50717390225458,,,,,,,,
10553928762,Strength,str,2023-02-21 06:06:38,3136.194091796875,0.0,87.0,148.0,209.0,,,,,,,,,,,,,1.0,0.0
10552088457,Vitacura Running,run,2023-02-20 19:33:40,3229.2548828125,11259.3896484375,155.0,175.0,684.0,,,,,,286.7794675313824,178.078125,,,,,,4.300000190734863,0.4000000059604645
10547263467,Pool Swimming,swim,2023-02-20 05:43:54,4487.93505859375,2225.0,110.0,152.0,360.0,,,,,,1180.6375402859135,,,,,,11.699999809265137,2.299999952316284,0.0
10545047796,Yoga,str,2023-02-19 17:35:35,915.6409912109375,0.0,71.0,91.0,31.0,,,,,,,,,,,,,0.0,0.0
10542326552,Vitacura Running,run,2023-02-19 08:48:47,5980.29296875,20836.859375,154.0,181.0,1233.0,,,,,,287.0264091006918,178.28125,,,,,,5.0,0.6000000238418579
10542285657,Vitacura Running,run,2023-02-19 08:01:29,2747.091064453125,2162.830078125,89.0,142.0,189.0,,,,,,1270.648029725677,50.578125,,,,,,1.399999976158142,0.0
10537884571,Yoga,str,2023-02-18 17:51:49,893.2509765625,0.0,65.0,78.0,25.0,,,,,,,,,,,,,0.0,0.0
10535997574,Colina Road Cycling,bike,2023-02-18 08:30:23,14069.662109375,125420.578125,,,1495.0,107.0,144.9266204648671,,,,112.18308836005883,,,,,,,,
10533565331,Yoga,str,2023-02-18 06:41:38,525.7509765625,0.0,78.0,96.0,22.0,,,,,,,,,,,,,0.0,0.0
10527734084,Pool Swimming,swim,2023-02-17 05:49:30,4214.43017578125,2900.0,112.0,154.0,464.0,,,,,,1173.708922815343,,,,,,11.5,2.5999999046325684,0.20000000298023224
10525983760,Las Condes Running,run,2023-02-16 19:39:46,2249.33203125,8009.830078125,164.0,190.0,478.0,,,,,,280.81998581004433,174.65625,,,,,,3.700000047683716,0.0
10525743922,Las Condes Cycling,bike,2023-02-16 18:04:26,4924.02099609375,24276.0390625,122.0,170.0,580.0,,,,,,202.83976365512234,,,,,,,2.799999952316284,1.0
10521377075,Strength,str,2023-02-16 06:03:34,3641.487060546875,0.0,82.0,126.0,198.0,,,,,,,,,,,,,0.5,0.0
10519605689,Vitacura Running,run,2023-02-15 19:36:48,2815.18994140625,7416.93017578125,120.0,175.0,448.0,,,,,,379.5066427397561,134.921875,,,,,,3.5999999046325684,0.0
10514590616,Pool Swimming,swim,2023-02-15 05:46:42,4552.31396484375,2700.0,112.0,141.0,432.0,,,,,,1199.0407797259586,,,,,,12.199999809265137,1.7999999523162842,0.0
10512825804,Yoga,str,2023-02-14 20:58:29,419.8739929199219,0.0,101.0,113.0,36.0,,,,,,,,,,,,,0.10000000149011612,0.0
10512825568,Running,run,2023-02-14 20:01:46,3231.6298828125,10053.080078125,140.0,161.0,584.0,,,,,,321.4400451240298,174.03125,,,,,,3.299999952316284,0.0
10512559348,Strength,str,2023-02-14 19:01:12,3308.948974609375,0.0,76.0,114.0,152.0,,,,,,,,,,,,,0.10000000149011612,0.0
10508057649,Las Condes Cycling,bike,2023-02-14 06:29:32,5006.80810546875,28020.759765625,125.0,163.0,635.0,,,,,,178.66713921565955,,,,,,,2.700000047683716,0.0
10505843598,Vitacura - Técnica de carrera + trote al c,run,2023-02-13 19:30:56,3031.75,9312.66015625,140.0,160.0,570.0,,,,,,325.52083050379423,170.9375,,,,,,3.299999952316284,0.0
10501139162,Pool Swimming,swim,2023-02-13 05:54:31,3766.5029296875,2550.0,111.0,138.0,412.0,,,,,,1239.157401541729,,,,,,12.0,1.5,0.0
10498899487,Yoga,str,2023-02-12 17:06:41,870.5880126953125,0.0,76.0,91.0,32.0,,,,,,,,,,,,,0.0,0.0
10495909598,Vitacura Running,run,2023-02-12 08:03:11,6237.6171875,20127.69921875,147.0,168.0,1234.0,,,,,,309.885342606464,177.640625,,,,,,5.0,0.0
10491825066,Yoga,str,2023-02-11 18:30:15,965.531982421875,0.0,74.0,88.0,36.0,,,,,,,,,,,,,0.0,0.0
10489821741,Colina Running,run,2023-02-11 12:06:37,1528.5799560546875,5600.75,169.0,180.0,335.0,,,,,,272.925761634781,175.203125,,,,,,3.4000000953674316,0.0
10489861684,Colina Cycling,bike,2023-02-11 08:30:45,11408.1533203125,100832.78125,,,1188.0,105.0,128.29038049057277,,,,113.1349732417688,,,,,,,,
10481013240,Pool Swimming,swim,2023-02-10 05:34:07,2484.77099609375,2150.0,139.0,163.0,345.0,,,,,,1152.0737713253993,,,,,,11.399999618530273,3.0,0.0
10479345557,10 km Umbral,run,2023-02-09 19:11:26,3429.532958984375,9998.8095703125,133.0,157.0,556.0,,,,,,342.9355411308858,165.796875,,,,,,2.9000000953674316,0.0
10479344876,Strength,str,2023-02-09 18:20:19,2914.175048828125,0.0,92.0,155.0,209.0,,,,,,,,,,,,,1.2999999523162842,0.0
10475002683,Las Condes Cycling,bike,2023-02-09 06:26:22,4670.81884765625,26471.55078125,123.0,167.0,592.0,,,,,,176.4602139246215,,,,,,,2.799999952316284,0.4000000059604645
10472933337,Vitacura - Técnica de carrera + fuerza + t,run,2023-02-08 19:34:12,3686.237060546875,9368.5,131.0,172.0,612.0,,,,,,393.5458652249082,142.984375,,,,,,3.5999999046325684,0.699999988079071
10468137111,Pool Swimming,swim,2023-02-08 05:50:42,3982.596923828125,2475.0,112.0,137.0,398.0,,,,,,1206.2726231623217,,,,,,11.699999809265137,1.600000023841858,0.0
10466091927,Las Condes Running,run,2023-02-07 19:32:17,3016.868896484375,10005.759765625,165.0,179.0,619.0,,,,,,301.47724644287666,172.421875,,,,,,3.799999952316284,0.0
10465804354,Las Condes Cycling,bike,2023-02-07 18:07:51,4391.8701171875,23261.380859375,123.0,167.0,522.0,,,,,,188.82175212985317,,,,,,,2.799999952316284,0.5
10461089487,Strength,str,2023-02-07 06:05:21,3464.072021484375,0.0,90.0,152.0,240.0,,,,,,,,,,,,,1.0,0.0
10459181232,Vitacura - Técnica de carrera + trote al c,run,2023-02-06 20:00:40,2824.134033203125,8774.6796875,148.0,170.0,560.0,,,,,,321.8538666818911,161.015625,,,,,,3.5999999046325684,2.0
10454426847,Pool Swimming,swim,2023-02-06 05:54:55,4104.48095703125,2650.0,111.0,147.0,424.0,,,,,,1216.5449726456745,,,,,,12.199999809265137,2.0999999046325684,0.0
10452255479,Pool Swimming,swim,2023-02-05 17:27:39,1431.4990234375,1000.0,115.0,128.0,160.0,,,,,,1256.2814010146567,,,,,,11.5,0.8999999761581421,0.0
10448900967,Vitacura Running,run,2023-02-05 08:21:15,4503.373046875,15825.5,151.0,173.0,941.0,,,,,,284.57598672997716,179.25,,,,,,4.800000190734863,0.5
10448106065,Strength,str,2023-02-05 08:05:56,631.2100219726562,0.0,93.0,122.0,52.0,,,,,,,,,,,,,0.30000001192092896,0.0
10443615223,Colina Cycling,bike,2023-02-04 08:46:20,12060.541015625,92968.2421875,,,1080.0,90.0,130.42603084234392,,,,129.73533682469517,,,,,,,,
10443592821,Yoga,str,2023-02-04 06:57:19,792.5469970703125,0.0,75.0,91.0,29.0,,,,,,,,,,,,,0.0,0.0
10434809035,Pool Swimming,swim,2023-02-03 05:49:00,4049.576904296875,2600.0,120.0,143.0,395.0,,,,,,1275.5102374401263,,,,,,12.5,2.0999999046325684,0.0
10432975963,Yoga,str,2023-02-02 19:57:28,545.7559814453125,0.0,86.0,106.0,33.0,,,,,,,,,,,,,0.10000000149011612,0.0
10432975788,Treadmill Running,run,2023-02-02 19:07:12,2743.946044921875,8010.0,134.0,150.0,456.0,,,,,,342.5830869170925,166.328125,,,,,,2.5999999046325684,0.0
10432975349,Strength,str,2023-02-02 18:18:41,2828.8310546875,0.0,80.0,118.0,141.0,,,,,,,,,,,,,0.10000000149011612,0.0
10428728370,Las Condes Cycling,bike,2023-02-02 06:29:56,4253.3017578125,23243.1796875,132.0,164.0,588.0,,,,,,182.98261154237315,,,,,,,3.0999999046325684,0.0
10426668857,Vitacura Running,run,2023-02-01 19:29:55,3811.7080078125,7802.2998046875,123.0,174.0,545.0,,,,,,488.51980143819867,111.421875,,,,,,3.5,0.699999988079071
10422022333,Pool Swimming,swim,2023-02-01 05:55:31,3839.135009765625,2275.0,118.0,142.0,378.0,,,,,,1162.7906783327278,,,,,,11.0,2.0999999046325684,0.0
10420016468,Las Condes Cycling,bike,2023-01-31 18:52:13,4884.1318359375,24120.279296875,121.0,170.0,545.0,,,,,,202.51112982108373,,,,,,,2.700000047683716,0.6000000238418579
10415223678,Strength,str,2023-01-31 06:04:54,3268.827880859375,0.0,92.0,125.0,226.0,,,,,,,,,,,,,0.6000000238418579,0.0
10413509927,Vitacura - Técnica de carrera + trote al c,run,2023-01-30 19:32:13,3729.402099609375,11021.76953125,149.0,177.0,703.0,,,,,,338.4094842025701,158.015625,,,,,,4.199999809265137,2.4000000953674316
10410891214,Pool Swimming,swim,2023-01-30 05:56:57,4042.27099609375,1750.0,107.0,143.0,304.0,,,,,,1228.5012126689305,,,,,,10.800000190734863,1.399999976158142,0.0
10406832273,Yoga,str,2023-01-29 17:10:16,926.2020263671875,0.0,72.0,106.0,32.0,,,,,,,,,,,,,0.0,0.0
10403713895,Vitacura - PF + Running estructurado,run,2023-01-29 08:03:01,5045.1982421875,15617.6103515625,148.0,193.0,962.0,,,,,,322.99742059740953,155.984375,,,,,,5.0,2.5999999046325684
10399674784,Pool Swimming,swim,2023-01-28 17:28:23,1663.6300048828125,1200.0,115.0,130.0,192.0,,,,,,1144.16474287109,,,,,,10.800000190734863,1.100000023841858,0.0
10397724096,Colina Cycling,bike,2023-01-28 08:17:40,13908.1513671875,93062.71875,140.0,186.0,1884.0,,,,,,149.45449144828794,,,,,,,5.0,3.0999999046325684
10389455788,Pool Swimming,swim,2023-01-27 06:23:52,1918.875,1025.0,114.0,141.0,170.0,,,,,,1193.3174231133867,,,,,,10.300000190734863,1.399999976158142,0.0
10389455022,Pool Swimming,swim,2023-01-27 05:55:49,1657.2120361328125,700.0,108.0,128.0,114.0,,,,,,1267.4271635372465,,,,,,11.699999809265137,0.800000011920929,0.0
10387733558,Las Condes Cycling,bike,2023-01-26 19:29:57,4069.587890625,21065.529296875,120.0,149.0,479.0,,,,,,193.19937734796923,,,,,,,2.299999952316284,0.0
10383157601,Las Condes Running,run,2023-01-26 05:49:35,2392.18505859375,8011.8798828125,157.0,174.0,493.0,,,,,,298.5965980395144,177.640625,,,,,,3.799999952316284,0.0
10381401003,Vitacura - Técnica de carrera + fuerza + t,run,2023-01-25 19:33:57,1920.45703125,6532.5400390625,158.0,178.0,406.0,,,,,,293.94474267402484,178.234375,,,,,,3.700000047683716,2.0
10376860253,Pool Swimming,swim,2023-01-25 05:59:53,3689.215087890625,1875.0,117.0,148.0,303.0,,,,,,1273.8853077592717,,,,,,12.199999809265137,2.299999952316284,0.0
10375056893,Las Condes - Rodillo Base 1,bike,2023-01-24 19:01:42,4150.85400390625,20891.169921875,124.0,167.0,514.0,,,,,,198.68865517899346,,,,,,,3.0,0.0
10370083632,Las Condes - 8 km Umbral,run,2023-01-24 06:06:44,2529.8779296875,8002.8701171875,152.0,164.0,490.0,,,,,,316.1555378536027,173.96875,,,,,,3.5,0.0
10368183632,Vitacura Running,run,2023-01-23 19:32:35,3908.013916015625,10682.98046875,149.0,182.0,719.0,,,,,,365.7644520336085,138.84375,,,,,,5.0,4.0
10363723951,Pool Swimming,swim,2023-01-23 05:56:58,3902.386962890625,2375.0,130.0,169.0,380.0,,,,,,1248.4394521730394,,,,,,11.399999618530273,3.0999999046325684,0.0
10360896700,Pool Swimming,swim,2023-01-22 15:22:51,862.9500122070312,600.0,111.0,124.0,96.0,,,,,,1145.475338493607,,,,,,11.699999809265137,0.699999988079071,0.0
10358308833,Vitacura - PF + Running estructurado,run,2023-01-22 08:29:54,3543.44189453125,12453.419921875,160.0,186.0,761.0,,,,,,284.57598672997716,180.734375,,,,,,5.0,0.0
10357651714,Strength,str,2023-01-22 08:05:56,961.9760131835938,0.0,89.0,128.0,68.0,,,,,,,,,,,,,0.30000001192092896,0.0
10353123580,Lo Barnechea Cycling,bike,2023-01-21 08:11:50,12629.61328125,84005.46875,142.0,189.0,1895.0,,,,,,150.3533298088536,,,,,,,5.0,3.9000000953674316
10344742488,Pool Swimming,swim,2023-01-20 06:31:29,1721.2879638671875,1050.0,110.0,134.0,208.0,,,,,,1236.0939198253443,,,,,,13.600000381469727,1.2000000476837158,0.0
10344741786,Pool Swimming,swim,2023-01-20 06:21:56,464.14599609375,25.0,106.0,121.0,4.0,,,,,,1317.52305085941,,,,,,11.0,0.5,0.0
10338216330,Zwift - RODILLO Z2 Sprints finales #1 in Watopia,bike,2023-01-19 06:05:56,3492.0,27797.66015625,0.0,0.0,423.0,127.0,142.69984509910137,,,,125.62814010146568,,,,,,,,
10336558292,Vitacura - repeticiones de Larga duración,run,2023-01-18 19:31:03,2338.655029296875,7844.330078125,161.0,181.0,485.0,,,,,,298.15145280364317,174.828125,,,,,,4.199999809265137,0.0
10324963260,Zwift - RODILLO Z2 Activate #1 in Watopia,bike,2023-01-17 06:09:38,3010.0,20121.890625,0.0,0.0,395.0,137.0,143.71535202580867,,,,149.58863254443233,,,,,,,,
10323147030,Yoga,str,2023-01-16 20:36:23,557.5460205078125,0.0,98.0,117.0,43.0,,,,,,,,,,,,,0.20000000298023224,0.0
10323146844,Las Condes Running,run,2023-01-16 19:53:00,2324.7099609375,7693.06005859375,156.0,175.0,473.0,,,,,,302.2061031697494,174.46875,,,,,,3.9000000953674316,0.0
10313263295,Providencia Running,run,2023-01-15 08:06:04,3035.806884765625,10090.419921875,149.0,168.0,601.0,,,,,,300.8423693069493,176.734375,,,,,,3.799999952316284,0.0
10306572967,Yoga,str,2023-01-14 09:48:40,652.5349731445312,0.0,87.0,106.0,40.0,,,,,,,,,,,,,0.10000000149011612,0.0
10306494995,Las Condes Cycling,bike,2023-01-14 08:13:26,5211.4677734375,26632.4609375,126.0,179.0,606.0,,,,,,195.69471112953764,,,,,,,3.4000000953674316,1.899999976158142
10299355420,Zwift - Nueva sesin de entrenamiento in Watopia,bike,2023-01-13 05:57:12,3631.0,23702.25,0.0,0.0,461.0,132.0,139.6645453598171,,,,153.20974530378953,,,,,,,,
10269794449,Pucón Running,run,2023-01-08 13:46:38,2540.64501953125,3005.010009765625,121.0,161.0,271.0,,,,,,845.3085601039046,72.265625,,,,,,2.5999999046325684,0.0
10255892958,Pucón Running,run,2023-01-06 10:42:23,1849.675048828125,5430.16015625,144.0,161.0,338.0,,,,,,340.59944242861474,170.140625,,,,,,3.0999999046325684,0.0
10153155384,Colina Cycling,bike,2022-12-18 07:24:50,5792.958984375,61839.80078125,,,839.0,146.0,153.7343638412851,,,,93.67681331452607,,,,,,,,
10150489048,Yoga,str,2022-12-18 05:11:34,995.3770141601562,0.0,72.0,90.0,33.0,,,,,,,,,,,,,0.0,0.0
10147080524,Yoga,str,2022-12-17 10:13:06,1059.1199951171875,0.0,101.0,121.0,93.0,,,,,,,,,,,,,0.4000000059604645,0.0
10146985632,Las Condes Running,run,2022-12-17 09:53:55,717.06201171875,2558.780029296875,158.0,173.0,149.0,,,,,,280.2690521531943,182.203125,,,,,,2.5,0.0
10146859618,Zwift - Repeticiones sub umbral in Watopia,bike,2022-12-17 08:17:11,5357.0,54880.69921875,0.0,0.0,884.0,172.0,176.5538062105477,,,,97.61811377862897,,,,,,,,
10137113166,Zwift - RODILLO 70.3 Z3   Cambios de ritmo FTP in Watopia,bike,2022-12-15 05:37:06,4214.22509765625,35155.3984375,0.0,0.0,590.0,149.0,168.16067733900547,,,,119.87532954752143,,,,,,,,
10135297083,Las Condes Running,run,2022-12-14 17:24:04,2105.113037109375,6914.0,142.0,159.0,416.0,,,,,,304.5067065754016,174.28125,,,,,,3.200000047683716,0.0
10132493194,Pool Swimming,swim,2022-12-14 05:43:50,4548.259765625,2700.0,119.0,152.0,436.0,,,,,,1215.0668082596828,,,,,,12.0,2.200000047683716,0.0
10127416686,Strength,str,2022-12-13 06:17:41,2377.923095703125,0.0,90.0,153.0,165.0,,,,,,,,,,,,,1.2000000476837158,0.10000000149011612
10125975385,Las Condes Running,run,2022-12-12 19:31:31,2401.052978515625,8384.740234375,144.0,171.0,490.0,,,,,,286.36883462340177,178.125,,,,,,3.4000000953674316,0.0
10122548679,Pool Swimming,swim,2022-12-12 05:47:04,4313.83203125,2800.0,107.0,141.0,448.0,,,,,,1145.475338493607,,,,,,11.899999618530273,1.600000023841858,0.0
10118576994,Providencia Running,run,2022-12-11 07:52:40,6766.55322265625,22517.41015625,158.0,187.0,1394.0,,,,,,300.48076303113686,176.921875,,,,,,5.0,0.699999988079071
10113372368,Strength,str,2022-12-10 09:53:04,770.8980102539062,0.0,64.0,97.0,22.0,,,,,,,,,,,,,0.0,0.0
10107661246,Pool Swimming,swim,2022-12-09 05:48:29,3026.429931640625,2050.0,117.0,139.0,328.0,,,,,,1251.5644167294045,,,,,,12.5,1.899999976158142,0.0
10104049923,Lo Barnechea Cycling,bike,2022-12-08 10:22:15,4332.97705078125,39118.33984375,129.0,167.0,561.0,,,,,,110.76650570683451,,,,,,,3.0999999046325684,0.10000000149011612
10103587367,Las Condes Cycling,bike,2022-12-08 07:18:01,8520.365234375,38750.51953125,148.0,169.0,1566.0,,,,,,219.87687577710147,,,,,,,4.800000190734863,2.0
10101303867,Las Condes Running,run,2022-12-07 20:04:38,3901.051025390625,9151.9697265625,127.0,158.0,636.0,,,,,,426.25746747634133,118.265625,,,,,,3.4000000953674316,1.100000023841858
10097399584,Pool Swimming,swim,2022-12-07 05:41:49,4626.5830078125,2875.0,117.0,146.0,460.0,,,,,,1135.0738025267633,,,,,,11.800000190734863,2.0999999046325684,0.0
10095755435,Zwift - Arrancadas in Watopia,bike,2022-12-06 19:30:05,2802.0,24835.830078125,0.0,0.0,312.0,116.0,131.127626456581,,,,112.82861440471106,,,,,,,,
10091861502,Strength,str,2022-12-06 06:20:54,2133.951904296875,0.0,90.0,123.0,148.0,,,,,,,,,,,,,0.4000000059604645,0.0
10083472692,Colina Multisport,triathlon,2022-12-04 07:47:39,12436.50689983368,80649.88831138611,,208.0,2413.0,,,,,,154.2036469017391,,,,,,,5.0,2.0
10076285772,Colina Open Water Swimming,swim,2022-12-03 07:24:20,1022.9509887695312,757.510009765625,134.0,148.0,130.0,,,,,,1349.5276713961332,,,,,,,2.299999952316284,0.0
10074022953,San Bernardo Open Water Swimming,swim,2022-12-02 18:14:43,310.6700134277344,234.1699981689453,115.0,147.0,39.0,,,,,,1326.2599326910208,,,,,,,0.4000000059604645,0.0
10074022606,San Bernardo Open Water Swimming,swim,2022-12-02 17:52:46,297.7170104980469,235.6699981689453,,,40.0,,,,,,1262.6262694679344,,,,,,,0.0,0.0
10073956874,San Bernardo Open Water Swimming,swim,2022-12-02 17:10:15,1400.97705078125,1140.06005859375,,,194.0,,,,,,1228.5012126689305,,,,,,,0.0,0.0
10071232016,Pool Swimming,swim,2022-12-02 05:54:28,4095.512939453125,1650.0,117.0,131.0,274.0,,,,,,1068.3760803501186,,,,,,10.300000190734863,0.20000000298023224,0.0
10066142387,Zwift - Volcano Flat in Watopia,bike,2022-12-01 06:26:35,3195.0,26580.2890625,0.0,0.0,340.0,111.0,112.91128429776118,,,,120.2067520919159,,,,,,,,
10064601285,Las Condes Running,run,2022-11-30 20:03:21,2724.62109375,8077.8798828125,137.0,166.0,483.0,,,,,,337.2681379251118,168.09375,,,,,,3.200000047683716,0.10000000149011612
10060860010,Pool Swimming,swim,2022-11-30 05:53:46,4037.493896484375,2125.0,,,343.0,,,,,,1025.6410005608338,,,,,,10.600000381469727,0.0,0.0
10055337670,Strength,str,2022-11-29 07:22:29,1427.3780517578125,0.0,95.0,120.0,114.0,,,,,,,,,,,,,0.4000000059604645,0.0
10055242838,Zwift - 4x5 Potencia Media in Watopia,bike,2022-11-29 06:26:07,3310.0,30501.91015625,0.0,0.0,482.0,152.0,175.37140340640715,,,,108.5187176821875,,,,,,,,
10040595420,Colina Running,run,2022-11-26 11:26:29,1416.0069580078125,5002.7900390625,181.0,193.0,339.0,,,,,,283.0455709480516,174.0625,,,,,,3.9000000953674316,0.0
10079580371,Colina Cycling,bike,2022-11-26 08:17:21,10887.1630859375,96769.171875,,,1215.0,113.0,145.8020449275826,,,,112.51125701642202,,,,,,,,
10040594077,Colina - VO2max y Umbral (Chamisero),bike,2022-11-26 08:14:06,11205.189453125,97801.25,139.0,171.0,1703.0,,,,,,114.57378962411485,,,,,,,4.400000095367432,1.899999976158142
10038805845,Colina Open Water Swimming,swim,2022-11-26 07:13:15,1002.35302734375,813.6300048828125,,,138.0,,,,,,1231.5271290328287,,,,,,,0.30000001192092896,0.0
10033680212,Pool Swimming,swim,2022-11-25 05:48:05,4487.53515625,1175.0,99.0,150.0,188.0,,,,,,1194.743112530292,,,,,,12.0,1.2000000476837158,0.0
10032226547,Zwift - 4x10 en Potencia Media in Watopia,bike,2022-11-24 19:14:55,3611.0,34642.46875,0.0,0.0,576.0,167.0,187.74696190319906,,,,104.24267247506957,,,,,,,,
10028226264,Yoga,str,2022-11-24 06:15:59,1015.02001953125,0.0,56.0,69.0,20.0,,,,,,,,,,,,,0.0,0.0
10026875627,Las Condes Running,run,2022-11-23 20:00:53,3066.056884765625,9411.4697265625,139.0,166.0,559.0,,,,,,325.7329061058689,163.5625,,,,,,3.799999952316284,0.0
10023015686,Pool Swimming,swim,2022-11-23 05:47:12,4475.56787109375,2900.0,107.0,135.0,464.0,,,,,,1183.4319125937768,,,,,,12.300000190734863,1.600000023841858,0.0
10021322356,Zwift - Arrancadas x2 in Watopia,bike,2022-11-22 19:14:37,3670.0,31600.330078125,0.0,0.0,434.0,123.0,141.26144094855624,,,,116.14402321427247,,,,,,,,
10017468613,Strength,str,2022-11-22 06:08:07,2321.087890625,0.0,92.0,148.0,173.0,,,,,,,,,,,,,1.0,0.0
10015893528,Las Condes Running,run,2022-11-21 19:42:05,2875.02587890625,9190.23046875,140.0,170.0,565.0,,,,,,312.7932410533373,162.5,,,,,,3.799999952316284,0.20000000298023224
10012555450,Pool Swimming,swim,2022-11-21 05:48:36,4213.55712890625,1700.0,109.0,141.0,272.0,,,,,,1111.1111405455044,,,,,,11.199999809265137,1.7000000476837158,0.0
10008040824,Las Condes Running,run,2022-11-20 08:58:37,3288.368896484375,10603.5498046875,143.0,167.0,631.0,,,,,,310.07752854923956,175.703125,,,,,,3.5,0.0
10007263223,Strength,str,2022-11-20 08:04:58,802.3599853515625,0.0,92.0,112.0,61.0,,,,,,,,,,,,,0.20000000298023224,0.0
10003413716,Colina Running,run,2022-11-19 11:13:53,1960.6669921875,7018.7001953125,165.0,177.0,434.0,,,,,,279.329614891385,176.3125,,,,,,3.9000000953674316,0.0
10003426222,Colina Cycling,bike,2022-11-19 08:37:34,8245.16796875,74326.59375,,,1046.0,128.0,162.01903194116971,,,,110.92622982989477,,,,,,,,
10003411637,Colina Open Water Swimming,swim,2022-11-19 07:15:18,1152.2540283203125,955.8599853515625,,,162.0,,,,,,1204.8193013344476,,,,,,,0.20000000298023224,0.0
9999335066,Pool Swimming,swim,2022-11-18 06:23:45,1821.720947265625,1125.0,104.0,141.0,184.0,,,,,,1104.9724106226677,,,,,,11.699999809265137,1.0,0.0
9999334553,Pool Swimming,swim,2022-11-18 06:01:28,1310.83203125,25.0,122.0,151.0,4.0,,,,,,1089.3246391062057,,,,,,11.0,2.299999952316284,0.0
9994466273,Zwift - RODILLO FTP - VO2max cadencia variable in Watopia,bike,2022-11-17 18:45:29,4623.740234375,31271.859375,0.0,0.0,654.0,148.0,165.57415822010026,,,,147.8633739919914,,,,,,,,
9990825601,Strength,str,2022-11-17 06:27:02,1909.0999755859375,0.0,99.0,155.0,170.0,,,,,,,,,,,,,1.899999976158142,0.0
9989397917,Las Condes Running,run,2022-11-16 20:00:45,2764.695068359375,9235.66015625,147.0,181.0,549.0,,,,,,299.31157618154924,178.625,,,,,,4.199999809265137,2.4000000953674316
9979588367,Strength,str,2022-11-15 06:19:26,2291.72900390625,0.0,90.0,126.0,166.0,,,,,,,,,,,,,0.6000000238418579,0.0
9978014945,Las Condes Running,run,2022-11-14 19:33:43,3518.760986328125,10457.51953125,142.0,174.0,684.0,,,,,,336.4737682194279,149.90625,,,,,,4.699999809265137,2.5999999046325684
9974030067,Pool Swimming,swim,2022-11-14 05:41:20,4485.89208984375,2425.0,99.0,126.0,402.0,,,,,,1157.40737738535,,,,,,11.5,1.0,0.0
9963643418,Viña del Mar Running,run,2022-11-12 09:57:10,2452.118896484375,9372.6396484375,184.0,201.0,599.0,,,,,,261.6431169579736,186.40625,,,,,,5.0,0.4000000059604645
9963753745,Viña del Mar Cycling,bike,2022-11-12 08:49:58,7975.6572265625,39974.69140625,,,1358.0,,,,,,199.52114590094155,,,,,,,,
9954481455,Zwift - Arrancadas in Watopia,bike,2022-11-10 19:22:39,2802.0,23946.169921875,0.0,0.0,330.0,123.0,137.40599392206434,,,,117.01381410603351,,,,,,,,
9948943523,Las Condes Running,run,2022-11-09 20:05:55,3026.02099609375,6928.66015625,130.0,163.0,430.0,,,,,,436.6812299816886,148.015625,,,,,,2.700000047683716,1.100000023841858
9944711301,Pool Swimming,swim,2022-11-09 05:54:38,2329.736083984375,2100.0,119.0,135.0,336.0,,,,,,1109.8778852351954,,,,,,11.800000190734863,2.0,0.0
9938665437,Strength,str,2022-11-08 06:33:28,2002.886962890625,0.0,92.0,150.0,150.0,,,,,,,,,,,,,1.0,0.0
9936841916,Las Condes - Fartlek Up & Down umbral,run,2022-11-07 19:37:34,2556.011962890625,9135.7099609375,153.0,173.0,533.0,,,,,,279.7985543054701,178.796875,,,,,,4.5,0.0
9932692548,Pool Swimming,swim,2022-11-07 05:48:18,3382.794921875,2200.0,,,352.0,,,,,,1085.7763255788186,,,,,,10.800000190734863,0.10000000149011612,0.0
9927979438,Providencia Running,run,2022-11-06 08:28:48,4329.85498046875,11953.5595703125,140.0,154.0,727.0,,,,,,362.18762394247625,171.390625,,,,,,3.299999952316284,0.0
9921686498,Las Condes Running,run,2022-11-05 10:25:22,229.57899475097656,571.5800170898438,146.0,156.0,42.0,,,,,,401.6064241646517,165.484375,,,,,,0.8999999761581421,0.0
9921686193,Las Condes - 5km Transición,run,2022-11-05 09:59:08,1445.0250244140625,5017.22998046875,159.0,173.0,300.0,,,,,,288.01844283134983,176.125,,,,,,3.4000000953674316,0.0
9921315543,Zwift - Nueva sesin de entrenamiento in Watopia,bike,2022-11-05 07:52:49,6020.9619140625,60132.33984375,0.0,0.0,1000.0,174.0,177.5230679137882,,,,100.13016455393168,,,,,,,,
9878720737,Colina Cycling,bike,2022-10-29 09:41:43,1774.54296875,14724.3896484375,,,124.0,71.0,117.691326090592,,,,120.51096162271276,,,,,,,,
9878512888,Colina Cycling,bike,2022-10-29 09:20:30,1204.3330078125,14008.3203125,,,252.0,210.0,218.40053818181264,,,,85.96973887754369,,,,,,,,
9878368666,Colina Cycling,bike,2022-10-29 08:34:13,2564.68701171875,18089.41015625,,,172.0,68.0,99.1570213128677,,,,141.78363870495272,,,,,,,,
9870070027,Zwift - RODILLO Z1 Activate #1 in Watopia,bike,2022-10-27 19:45:51,2884.0,21911.69921875,0.0,0.0,296.0,107.0,120.25707760911524,,,,131.63090482187368,,,,,,,,
9858281878,Zwift - RODILLO Z6.1 Persecucin #2 in Watopia,bike,2022-10-25 18:30:49,3379.0,28478.630859375,0.0,0.0,454.0,140.0,168.45245894647897,,,,118.65210567045801,,,,,,,,
9845283073,Colina Cycling,bike,2022-10-23 08:30:02,12725.9423828125,108933.78125,,,1273.0,101.0,139.4916490148828,,,,116.82242417983177,,,,,,,,
9836115470,Viña del Mar Open Water Swimming,swim,2022-10-22 08:34:31,319.1390075683594,108.23999786376953,,,37.0,,,,,,2949.8526235539284,,,,,,,,
9836115224,Viña del Mar Open Water Swimming,swim,2022-10-22 08:25:44,459.64300537109375,199.8300018310547,,,49.0,,,,,,2298.850562112904,,,,,,,,
9829888699,Pool Swimming,swim,2022-10-21 05:47:01,4041.43310546875,2225.0,,,319.0,,,,,,1132.5028104635783,,,,,,11.300000190734863,,
9828041461,Zwift - RODILLO Z4 Arranque   FTP #1 in Watopia,bike,2022-10-20 18:44:36,3367.0,21865.599609375,0.0,0.0,421.0,131.0,171.82903419879807,,,,153.98829788444812,,,,,,,,
9824325254,Fuerza,str,2022-10-20 06:25:29,2795.1640625,0.0,91.0,143.0,191.0,,,,,,,,,,,,,1.0,0.0
9824104268,Las Condes Running,run,2022-10-19 20:11:53,2356.672119140625,12281.650390625,140.0,169.0,401.0,,,,,,191.90174757022137,172.09375,,,,,,2.9000000953674316,1.2999999523162842
9811931470,Fuerza,str,2022-10-18 06:33:12,2620.697998046875,0.0,80.0,150.0,142.0,,,,,,,,,,,,,1.600000023841858,0.4000000059604645
9805791877,Pool Swimming,swim,2022-10-17 05:45:30,3372.89990234375,2100.0,,,336.0,,,,,,1166.8611526133473,,,,,,12.100000381469727,,
9800341666,Las Condes Running,run,2022-10-16 07:54:33,2592.35888671875,8382.6201171875,137.0,159.0,448.0,,,,,,309.21459802914677,177.125,,,,,,3.0,0.0
9796896692,Lo Barnechea Cycling,bike,2022-10-15 11:01:17,1900.449951171875,19474.33984375,106.0,135.0,177.0,,,,,,97.5895408719303,,,,,,,0.6000000238418579,0.0
9796895266,Lo Barnechea Cycling,bike,2022-10-15 08:43:38,6666.80322265625,31160.4296875,149.0,182.0,1123.0,,,,,,213.94951769459732,,,,,,,3.5999999046325684,3.200000047683716
9787769182,Pool Swimming,swim,2022-10-14 05:50:05,4328.1611328125,2225.0,,,329.0,,,,,,1138.9521367925206,,,,,,11.600000381469727,,
9785977814,Zwift - RODILLO Z2 Cadencia variable #1 in Watopia,bike,2022-10-13 19:17:49,3663.0,30460.80078125,0.0,0.0,405.0,115.0,128.27347281244965,,,,120.26458814973296,,,,,,,,
9781999851,Fuerza,str,2022-10-13 06:24:13,2013.407958984375,0.0,86.0,143.0,120.0,,,,,,,,,,,,,0.4000000059604645,0.20000000298023224
9780326487,Las Condes Running,run,2022-10-12 20:05:42,2590.297119140625,7886.18017578125,136.0,175.0,413.0,,,,,,328.4072167305477,151.515625,,,,,,2.9000000953674316,1.899999976158142
9775826461,Pool Swimming,swim,2022-10-12 05:52:31,3811.594970703125,2125.0,,,304.0,,,,,,1133.786810681936,,,,,,11.5,,
9764047554,Colbún Multisport,triathlon,2022-10-10 08:23:31,3639.1139698028564,26610.009101867676,,140.0,767.0,,,,,,136.75733652971348,,,,,,,1.100000023841858,0.0
9764044220,Colbún Multisport,triathlon,2022-10-10 08:16:30,23.189999222755432,2.7899999618530273,,99.0,0.0,,,,,,8311.827792052509,,,,,,,0.0,0.0
9761516820,Colbún Open Water Swimming,swim,2022-10-09 17:29:58,1921.467041015625,2434.989990234375,,,470.0,,,,,,789.2660075876198,,,,,,,,
9845270074,Colbún Cycling,bike,2022-10-09 09:27:51,11933.4091796875,87765.359375,,,1327.0,115.0,160.76565382251212,,,,135.96193030682963,,,,,,,,
9761516625,Colbún Running,run,2022-10-08 18:39:01,3625.847900390625,12735.490234375,147.0,165.0,686.0,,,,,,284.73803419813015,178.859375,,,,,,3.5999999046325684,0.0
9839417702,Colbún Cycling,bike,2022-10-08 11:25:16,9522.587890625,87461.109375,,,1476.0,156.0,185.21709536826464,,,,108.87315779150843,,,,,,,,
9761515011,Colbún Open Water Swimming,swim,2022-10-08 09:55:27,1313.758056640625,956.3800048828125,,,162.0,,,,,,1373.6264015176914,,,,,,,,
9761514756,Open Water Swimming,swim,2022-10-08 09:43:42,627.9840087890625,0.0,,,0.0,,,,,,,,,,,,,,
9744752865,Fuerza,str,2022-10-07 07:05:33,675.3629760742188,0.0,92.0,102.0,49.0,,,,,,,,,,,,,0.10000000149011612,0.0
9738696431,Fuerza,str,2022-10-06 06:33:25,2202.0419921875,0.0,79.0,121.0,107.0,,,,,,,,,,,,,0.10000000149011612,0.0
9736959599,Las Condes Running,run,2022-10-05 20:02:41,3385.7890625,10011.099609375,149.0,181.0,630.0,,,,,,338.1805864709995,146.875,,,,,,3.700000047683716,3.0
9732780507,Fuerza,str,2022-10-05 07:41:08,1230.467041015625,0.0,96.0,113.0,96.0,,,,,,,,,,,,,0.20000000298023224,0.0
9732582718,Pool Swimming,swim,2022-10-05 05:52:27,4165.48583984375,2175.0,,,353.0,,,,,,1047.120437147338,,,,,,10.699999809265137,,
9730445472,Zwift - Regenerativo 1hr in Watopia,bike,2022-10-04 18:40:13,3604.0,22802.740234375,0.0,0.0,428.0,124.0,132.6550856888142,,,,158.0527861058684,,,,,,,,
9726500291,Fuerza,str,2022-10-04 07:49:20,2130.43505859375,0.0,80.0,139.0,107.0,,,,,,,,,,,,,0.30000001192092896,0.10000000149011612
9726072876,Fuerza,str,2022-10-04 06:35:01,1930.4530029296875,0.0,82.0,124.0,104.0,,,,,,,,,,,,,0.20000000298023224,0.0
9720062235,Fuerza,str,2022-10-03 07:40:05,812.6489868164062,0.0,96.0,111.0,66.0,,,,,,,,,,,,,0.20000000298023224,0.0
9715866788,Colbún Multisport,triathlon,2022-10-02 08:32:23,8414.475006103516,55999.12047958374,,171.0,1197.0,,,,,,150.26084220682145,,,,,,,3.700000047683716,0.30000001192092896
9709764207,Colbún Open Water Swimming,swim,2022-10-01 12:06:32,3481.529052734375,2968.31005859375,,,498.0,,,,,,1172.3329628714764,,,,,,,,
9694367673,Las Condes - 6 x 200,run,2022-09-28 20:02:54,2181.89404296875,5296.60986328125,141.0,160.0,345.0,,,,,,411.86161902713826,152.40625,,,,,,2.5999999046325684,0.4000000059604645
9690129219,Pool Swimming,swim,2022-09-28 05:59:42,3739.287109375,1725.0,,,279.0,,,,,,1046.0251369504044,,,,,,10.300000190734863,,
9687900779,Zwift - Repeticiones rodillo/Tempo in Watopia,bike,2022-09-27 18:19:42,3549.0,34527.44140625,0.0,0.0,570.0,168.0,170.76412555812982,,,,102.79605593700025,,,,,,,,
9684058169,Fuerza,str,2022-09-27 07:09:35,1827.4090576171875,0.0,80.0,106.0,90.0,,,,,,,,,,,,,0.10000000149011612,0.0
9680664087,Pool Swimming,swim,2022-09-26 05:54:47,3894.06298828125,1025.0,,,96.0,,,,,,1109.8778852351954,,,,,,11.0,,
9676409229,Colina Cycling,bike,2022-09-25 08:19:28,18134.83203125,141936.203125,,,2009.0,114.0,161.8964510169725,,,,127.76286980542523,,,,,,,,
9666708896,Vitacura Running,run,2022-09-24 08:35:07,5293.548828125,18882.869140625,156.0,176.0,1028.0,,,,,,280.34763795827064,181.25,,,,,,3.700000047683716,0.699999988079071
9657579069,Zwift - Rodillo Z5 Rec. incompleta (AVANZADO) in Watopia,bike,2022-09-22 18:28:17,3457.0,31258.4296875,0.0,0.0,494.0,149.0,181.67034340789516,,,,110.5950033455596,,,,,,,,
9653525816,Fuerza,str,2022-09-22 06:20:59,2391.10302734375,0.0,85.0,121.0,141.0,,,,,,,,,,,,,0.30000001192092896,0.0
9653525777,Vitacura - 2 (2x400 + 2 x 1,run,2022-09-21 20:12:39,1740.6490478515625,6356.0,143.0,170.0,317.0,,,,,,273.82256669746783,181.03125,,,,,,2.9000000953674316,0.10000000149011612
9644914240,Zwift - RODILLO HIIT #1 in Watopia,bike,2022-09-20 18:43:28,3190.0,25926.33984375,0.0,0.0,432.0,141.0,168.22049974426352,,,,123.04663686928208,,,,,,,,
9640267362,Fuerza,str,2022-09-20 05:35:35,2349.866943359375,0.0,81.0,121.0,118.0,,,,,,,,,,,,,0.20000000298023224,0.0
9635299357,Las Condes - Repeticiones de,run,2022-09-19 08:51:14,3697.48193359375,12939.6201171875,159.0,192.0,766.0,,,,,,285.7142857142857,174.25,,,,,,5.0,3.5999999046325684
9609896395,Yoga,str,2022-09-15 06:52:26,1037.572021484375,0.0,79.0,110.0,52.0,,,,,,,,,,,,,0.10000000149011612,0.0
9608132680,Las Condes - Fartlek 8 x (4 m,run,2022-09-14 20:10:31,3758.172119140625,13554.7998046875,158.0,175.0,780.0,,,,,,277.23869387339624,181.46875,,,,,,4.300000190734863,0.6000000238418579
9603521216,Pool Swimming,swim,2022-09-14 05:48:04,4171.9970703125,2900.0,,,368.0,,,,,,1052.631592156154,,,,,,11.100000381469727,,
9601312332,Zwift - RODILLO Z5 3x3 in Watopia,bike,2022-09-13 18:16:23,3550.0,29959.439453125,0.0,0.0,452.0,133.0,184.0498124085259,,,,118.49745048357808,,,,,,,,
9594738291,Las Condes - cambios de ritmo,run,2022-09-12 19:37:32,2581.575927734375,8472.7099609375,157.0,174.0,535.0,,,,,,304.6922547960853,173.375,,,,,,3.5999999046325684,0.5
9590344813,Pool Swimming,swim,2022-09-12 05:39:38,4086.756103515625,2400.0,,,336.0,,,,,,1090.5125459977885,,,,,,11.899999618530273,,
9580277339,Colina - 10 km de trote,run,2022-09-10 11:11:23,2821.095947265625,10005.98046875,158.0,187.0,594.0,,,,,,281.928395646599,175.578125,,,,,,3.9000000953674316,2.299999952316284
9580874956,Colina Cycling,bike,2022-09-10 09:07:54,7320.8828125,66820.9765625,,,1317.0,181.0,203.6409074222165,,,,109.56502858358516,,,,,,,,
9577418391,Yoga,str,2022-09-10 07:15:37,1100.656982421875,0.0,73.0,95.0,42.0,,,,,,,,,,,,,0.0,0.0
9571557343,Pool Swimming,swim,2022-09-09 06:42:44,4712.97021484375,2200.0,,,354.0,,,,,,1152.0737713253993,,,,,,11.300000190734863,,
9565651164,Zwift - RODILLO Z5 VO2 FRC #1 in Watopia,bike,2022-09-08 07:01:07,3457.0,30423.05078125,0.0,0.0,438.0,132.0,168.5044672477675,,,,113.63636117336183,,,,,,,,
9558971550,Pool Swimming,swim,2022-09-07 06:39:23,4687.759765625,2150.0,,,346.0,,,,,,1100.1100358159008,,,,,,10.600000381469727,,
9552069407,Zwift - RODILLO Z5 Activacin VO2max in Watopia,bike,2022-09-06 06:40:26,3194.0,28118.41015625,0.0,0.0,409.0,134.0,158.7168143219319,,,,113.59763136042397,,,,,,,,
9550120030,Vitacura Running,run,2022-09-05 20:33:33,2929.305908203125,9498.26953125,155.0,171.0,599.0,,,,,,308.4515633036607,173.25,,,,,,3.700000047683716,0.0
9545587472,Pool Swimming,swim,2022-09-05 06:42:53,4678.7099609375,2450.0,,,395.0,,,,,,1123.595523677711,,,,,,11.600000381469727,,
9539534453,Yoga,str,2022-09-04 08:18:39,1130.9820556640625,0.0,80.0,128.0,59.0,,,,,,,,,,,,,0.10000000149011612,0.0
9534666468,Colina Running,run,2022-09-03 11:08:05,1287.0899658203125,5074.669921875,137.0,162.0,226.0,,,,,,253.61399446286012,185.359375,,,,,,2.299999952316284,0.0
9534664422,Colina Running,run,2022-09-03 09:37:20,1366.968017578125,5391.8701171875,153.0,168.0,279.0,,,,,,253.54969537250938,187.359375,,,,,,3.0999999046325684,0.0
9534923186,Colina Cycling,bike,2022-09-03 09:01:30,9768.0,47120.5390625,,,899.0,136.0,202.19243024570983,,,,207.29685416957236,,,,,,,,
9532526643,Yoga,str,2022-09-03 06:56:35,901.0380249023438,0.0,84.0,102.0,53.0,,,,,,,,,,,,,0.10000000149011612,0.0
9519610190,Zwift - Rodillo FTP   Ritmo carrera in Watopia,bike,2022-09-01 05:38:11,3375.0,29711.330078125,0.0,0.0,502.0,155.0,176.09688903850466,,,,113.59763136042397,,,,,,,,
9513109183,Pool Swimming,swim,2022-08-31 05:41:33,3962.49609375,2700.0,,,432.0,,,,,,1119.8208202960689,,,,,,11.300000190734863,,
9506236348,Zwift - RODILLO Lanzada al Sprint   105RPM in Watopia,bike,2022-08-30 05:50:28,3485.0,30700.150390625,0.0,0.0,473.0,142.0,163.73931633750115,,,,113.52026317037328,,,,,,,,
9494414017,Las Condes Running,run,2022-08-28 07:58:22,4211.19921875,14640.4404296875,155.0,170.0,851.0,,,,,,287.60425670076546,176.796875,,,,,,4.0,1.100000023841858
9493779425,Yoga,str,2022-08-28 07:34:42,832.218994140625,0.0,87.0,108.0,53.0,,,,,,,,,,,,,0.20000000298023224,0.0
9489708466,Colina Cycling,bike,2022-08-27 08:42:58,14827.078125,116264.0625,,,1834.0,138.0,181.2367362871743,,,,127.53475191727638,,,,,,,,
9486626726,Yoga,str,2022-08-27 06:44:05,797.97998046875,0.0,83.0,106.0,45.0,,,,,,,,,,,,,0.10000000149011612,0.0
9480370220,Pool Swimming,swim,2022-08-26 05:42:28,3830.08203125,2100.0,,,256.0,,,,,,1119.8208202960689,,,,,,11.100000381469727,,
9473796527,Zwift - VO2 #2  in Watopia,bike,2022-08-25 05:25:46,4393.0,37451.96875,0.0,0.0,621.0,147.0,168.6636125102143,,,,117.3020580348603,,,,,,,,
9467434009,Pool Swimming,swim,2022-08-24 05:43:40,4278.43310546875,2800.0,,,450.0,,,,,,1162.7906783327278,,,,,,11.399999618530273,,
9457812796,Las Condes Running,run,2022-08-22 19:36:58,2256.41796875,7480.27978515625,154.0,173.0,456.0,,,,,,301.6591199815767,178.40625,,,,,,3.5,1.2000000476837158
9453439925,Pool Swimming,swim,2022-08-22 05:44:10,4592.97607421875,2800.0,,,406.0,,,,,,1132.5028104635783,,,,,,11.199999809265137,,
9442638493,Colina - 10 km Transició,run,2022-08-20 11:00:04,3573.59912109375,12760.26953125,159.0,179.0,731.0,,,,,,280.03359625473865,176.5,,,,,,3.799999952316284,2.200000047683716
9441929028,Colina Road Cycling,bike,2022-08-20 08:45:41,7796.00390625,78287.1328125,,,1409.0,182.0,188.44794794204122,,,,99.58175843795703,,,,,,,,
9440143231,Yoga,str,2022-08-20 06:19:31,752.3359985351562,0.0,84.0,102.0,43.0,,,,,,,,,,,,,0.10000000149011612,0.0
9434050876,Pool Swimming,swim,2022-08-19 05:42:02,3816.154052734375,2750.0,,,416.0,,,,,,1204.8193013344476,,,,,,11.699999809265137,,
9427473848,Zwift - RODILLO Z6 Persecucin Regresiva Zmax-7 in Watopia,bike,2022-08-18 05:29:44,3199.0,26279.58984375,0.0,0.0,426.0,139.0,181.6097411266617,,,,121.74336871820432,,,,,,,,
9425625888,Las Condes - 800s,run,2022-08-17 20:06:35,3043.716064453125,9832.9599609375,153.0,171.0,585.0,,,,,,309.50170737517004,174.328125,,,,,,3.5,0.8999999761581421
9414026474,Zwift - Rodillo Persecucin Z7 de corta duracin in Watopia,bike,2022-08-16 05:30:28,3455.0,32903.58984375,0.0,0.0,486.0,147.0,178.28330748467334,,,,105.00892836666921,,,,,,,,
9408649216,Yoga,str,2022-08-15 09:40:14,706.0540161132812,0.0,90.0,125.0,51.0,,,,,,,,,,,,,0.20000000298023224,0.0
9408560683,Zwift - Flat Route in Watopia,bike,2022-08-15 08:32:54,3876.0869140625,29152.91015625,0.0,0.0,386.0,109.0,113.38327171572854,,,,132.96104403310028,,,,,,,,
9402240114,Las Condes Running,run,2022-08-14 08:08:05,5738.36376953125,19548.30078125,157.0,170.0,1132.0,,,,,,293.5133492708255,174.625,,,,,,4.099999904632568,1.100000023841858
9396744681,Las Condes Running,run,2022-08-13 11:08:43,3038.00390625,10400.6201171875,150.0,167.0,596.0,,,,,,292.0560726513768,176.09375,,,,,,3.5,0.5
9396023029,Zwift - Nueva sesin de entrenamiento in Watopia,bike,2022-08-13 08:09:11,9760.947265625,90068.75,0.0,0.0,1528.0,169.0,178.1004196264836,,,,108.37758473691169,,,,,,,,
9381705322,Zwift - RODILLO Z2 ritmo variable #2 in Watopia,bike,2022-08-11 05:37:06,4534.0,34998.55078125,0.0,0.0,551.0,127.0,139.31192240255268,,,,129.5504622089712,,,,,,,,
9379553075,Las Condes Running,run,2022-08-10 20:01:37,2736.98095703125,10455.9599609375,142.0,176.0,452.0,,,,,,261.7801092868345,179.234375,,,,,,3.0,2.0999999046325684
9374895355,Pool Swimming,swim,2022-08-10 05:39:18,4933.01806640625,3450.0,,,552.0,,,,,,1182.0330749408622,,,,,,11.600000381469727,,
9367527217,Zwift - RODILLO Lanzada al Sprint   105RPM in Watopia,bike,2022-08-09 05:32:16,2910.0,18014.490234375,0.0,0.0,363.0,130.0,140.54168673521644,,,,161.55088703650793,,,,,,,,
9365396531,Las Condes Running,run,2022-08-08 19:30:51,3683.281982421875,10173.9501953125,148.0,173.0,692.0,,,,,,362.05646980992464,145.296875,,,,,,3.9000000953674316,1.0
9361154981,Pool Swimming,swim,2022-08-08 05:39:38,4675.0849609375,3150.0,,,480.0,,,,,,1148.1056364027672,,,,,,11.300000190734863,,
9355826791,Zwift - Nueva sesin de entrenamiento in Watopia,bike,2022-08-07 08:11:54,5947.4208984375,35175.23046875,0.0,0.0,973.0,172.0,176.2014223234566,,,,169.09029323549976,,,,,,,,
9355043481,Yoga,str,2022-08-07 07:45:22,914.8829956054688,0.0,79.0,111.0,46.0,,,,,,,,,,,,,0.10000000149011612,0.0
9349569465,Zwift - Nueva sesin de entrenamiento in Watopia,bike,2022-08-06 07:42:43,11789.740234375,90642.6328125,0.0,0.0,1925.0,173.0,178.642699322375,,,,130.07283737018855,,,,,,,,
9341808277,Pool Swimming,swim,2022-08-05 05:35:54,5488.52001953125,2575.0,,,350.0,,,,,,1161.4401839007508,,,,,,11.800000190734863,,
9335220904,Zwift - Rodillo VO2Max in Watopia,bike,2022-08-04 05:30:55,3074.0,27084.810546875,0.0,0.0,443.0,151.0,184.37429915774058,,,,113.5073725732589,,,,,,,,
9328881934,Pool Swimming,swim,2022-08-03 05:39:07,4942.48583984375,2700.0,,,404.0,,,,,,1154.7344155361916,,,,,,11.5,,
9310593055,Vitacura Running,run,2022-07-31 09:24:01,5239.490234375,21013.7109375,158.0,173.0,1069.0,,,,,,249.31437571842096,188.28125,,,,,,4.800000190734863,1.5
9309381454,Yoga,str,2022-07-31 08:01:05,852.7139892578125,0.0,99.0,135.0,74.0,,,,,,,,,,,,,0.4000000059604645,0.0
9305125586,Colina Road Cycling,bike,2022-07-30 07:45:29,18445.1875,146427.1875,,,1978.0,108.0,153.73593766619368,,,,125.96044636137637,,,,,,,,
9296162433,Pool Swimming,swim,2022-07-29 05:36:15,4084.4208984375,2525.0,,,426.0,,,,,,1237.6237192839683,,,,,,11.800000190734863,,
9289769257,Zwift - Pyramid Intervals 1 in Watopia,bike,2022-07-28 05:25:09,4511.0,42757.26953125,0.0,0.0,612.0,141.0,166.85736037921018,,,,105.50749451395762,,,,,,,,
9287827504,Las Condes Running,run,2022-07-27 20:01:20,2163.06689453125,8152.27978515625,153.0,180.0,418.0,,,,,,265.322362915961,177.71875,,,,,,4.0,3.200000047683716
9274308317,Las Condes Running,run,2022-07-25 19:30:56,1661.279052734375,5242.56982421875,154.0,171.0,338.0,,,,,,316.85679088431164,177.28125,,,,,,3.5,0.0
9270224391,Pool Swimming,swim,2022-07-25 05:44:08,4403.40087890625,2950.0,,,472.0,,,,,,1145.475338493607,,,,,,11.600000381469727,,
9265904607,Vitacura Running,run,2022-07-24 09:15:44,7059.15380859375,25230.9609375,154.0,171.0,1273.0,,,,,,279.7985543054701,177.53125,,,,,,4.5,0.699999988079071
9264590761,Yoga,str,2022-07-24 07:54:42,963.14697265625,0.0,81.0,128.0,50.0,,,,,,,,,,,,,0.20000000298023224,0.0
9259049264,Zwift - Nueva sesin de entrenamiento in France,bike,2022-07-23 07:40:45,11332.0,110098.1484375,0.0,0.0,1931.0,178.0,178.9428139961753,,,,102.93360620623552,,,,,,,,
9238985014,Pool Swimming,swim,2022-07-20 05:40:06,4019.43408203125,2700.0,,,435.0,,,,,,1206.2726231623217,,,,,,12.0,,
9232681442,Zwift - RODILLO VO2max Recuperacin incompleta in Watopia,bike,2022-07-19 05:38:01,5122.57080078125,46421.7890625,0.0,0.0,741.0,151.0,176.03789674979322,,,,110.35091256800007,,,,,,,,
9230389714,Vitacura Running,run,2022-07-18 19:39:26,2140.114013671875,7530.419921875,154.0,172.0,436.0,,,,,,284.1716353576577,178.890625,,,,,,3.5999999046325684,0.10000000149011612
9228283968,Pool Swimming,swim,2022-07-18 05:42:20,4819.73583984375,2550.0,,,408.0,,,,,,1133.786810681936,,,,,,11.699999809265137,,
9221578428,Las Condes Running,run,2022-07-17 08:59:35,4221.2919921875,15716.9599609375,152.0,172.0,804.0,,,,,,268.6005873434894,176.78125,,,,,,3.5999999046325684,0.699999988079071
9215345192,Zwift - C Bustos [OLYMPIC] s Meetup on The Fan Flats in Richmond,bike,2022-07-16 08:44:57,9221.0,90112.5,0.0,0.0,1417.0,160.0,179.76062144899467,,,,102.3331936133491,,,,,,,,
9207684673,Pool Swimming,swim,2022-07-15 05:49:33,2245.216064453125,1650.0,,,264.0,,,,,,1161.4401839007508,,,,,,11.5,,
9201274578,"Zwift - Rodillo Aerbico, Cadencia variable in Watopia",bike,2022-07-14 05:41:53,3335.0,25703.630859375,0.0,0.0,394.0,123.0,135.90393998606586,,,,129.75217707382717,,,,,,,,
9194866249,Pool Swimming,swim,2022-07-13 05:47:10,3085.64404296875,2650.0,,,426.0,,,,,,1164.144317065059,,,,,,11.300000190734863,,
9188180011,Zwift - HERMES in Watopia,bike,2022-07-12 05:32:12,4229.3271484375,37449.1015625,0.0,0.0,613.0,152.0,165.89889127135706,,,,112.94330129429997,,,,,,,,
9170151704,Zwift - C Bustos [OLYMPIC] s Meetup on Castle to Castle in Makuri Islands,bike,2022-07-09 07:29:47,7226.0,65074.37890625,0.0,0.0,1122.0,162.0,183.32709984917545,,,,111.0494155792785,,,,,,,,
9166528503,Providencia Running,run,2022-07-08 17:03:18,4298.31884765625,15001.66015625,157.0,175.0,883.0,,,,,,286.5329505064209,174.421875,,,,,,4.5,1.899999976158142
9163164512,Pool Swimming,swim,2022-07-08 05:49:33,2540.843017578125,2150.0,,,344.0,,,,,,1182.0330749408622,,,,,,11.699999809265137,,
9156977136,Zwift - Rodillo Persecucin Z7 de corta duracin in Watopia,bike,2022-07-07 05:37:01,3564.740966796875,30852.19921875,0.0,0.0,466.0,139.0,175.36119521115992,,,,115.55349750181198,,,,,,,,
9144141245,Zwift - Rodillo Simulacin ataque Z7   FTP in Watopia,bike,2022-07-05 05:41:58,3671.0,34455.6796875,0.0,0.0,547.0,155.0,184.9471623834463,,,,106.55300752391604,,,,,,,,
9142227151,Las Condes Running,run,2022-07-04 19:29:59,2104.90087890625,7613.35986328125,150.0,174.0,393.0,,,,,,276.4722066696821,182.203125,,,,,,2.9000000953674316,1.2000000476837158
9129363213,Lo Barnechea Cycling,bike,2022-07-02 09:10:04,9440.0703125,50486.078125,94.0,134.0,1397.0,,,,,,186.98578734614355,,,,,,,0.5,0.0
9113638193,Zwift - Rodillo Persecucin Bsica Z7 de corta duracin in Watopia,bike,2022-06-30 05:35:28,3111.0,27442.970703125,0.0,0.0,382.0,128.0,164.4108083098373,,,,113.3658302637043,,,,,,,,
9111908300,Las Condes Running,run,2022-06-29 20:28:30,1488.58203125,6420.4599609375,143.0,160.0,263.0,,,,,,231.85716511091135,189.3125,,,,,,2.5999999046325684,1.600000023841858
9111907163,Las Condes Running,run,2022-06-29 20:02:00,858.2919921875,2197.1201171875,148.0,166.0,164.0,,,,,,390.6250087311493,171.296875,,,,,,2.299999952316284,0.0
9100764933,Zwift - Rodillo Persecucin Bsica Z7 de corta duracin in Watopia,bike,2022-06-28 05:27:54,3029.0,22175.650390625,0.0,0.0,401.0,138.0,163.8769729102258,,,,136.59335971211308,,,,,,,,
9090878691,Vitacura - 28 km de trote p,run,2022-06-26 09:16:44,8526.2861328125,28158.869140625,155.0,181.0,1568.0,,,,,,302.7550735950447,176.40625,,,,,,4.0,1.399999976158142
9084462053,Colina - Run1hora min umb,run,2022-06-25 11:23:40,2710.076904296875,10005.76953125,161.0,177.0,570.0,,,,,,270.85591109544043,181.59375,,,,,,4.0,0.10000000149011612
9084018802,Colina Road Cycling,bike,2022-06-25 08:46:10,8718.365234375,70464.109375,,,1136.0,131.0,186.09257143180304,,,,123.73175295421336,,,,,,,,
9070577960,Zwift - No ser fcil in Watopia,bike,2022-06-23 05:24:57,5036.0,48132.26171875,0.0,0.0,785.0,162.0,175.72693437732391,,,,104.63534406567011,,,,,,,,
9068672905,Las Condes - 8 x 400 (debe se,run,2022-06-22 20:13:50,1507.5679931640625,5764.330078125,145.0,164.0,274.0,,,,,,261.5062842376011,177.859375,,,,,,2.9000000953674316,1.100000023841858
9064306757,Pool Swimming,swim,2022-06-22 05:54:37,2622.25390625,2325.0,,,372.0,,,,,,1127.3956849867059,,,,,,11.100000381469727,,
9060003984,Colina Road Cycling,bike,2022-06-21 09:15:14,7142.80517578125,61105.671875,,,908.0,128.0,174.75160148198825,,,,116.89070301902845,,,,,,,,
9057846080,Yoga,str,2022-06-21 07:06:38,945.6110229492188,0.0,96.0,136.0,76.0,,,,,,,,,,,,,0.30000001192092896,0.0
9051410843,Pool Swimming,swim,2022-06-20 06:54:28,389.3179931640625,300.0,,,48.0,,,,,,1297.0168146938818,,,,,,12.800000190734863,,
9051410673,Pool Swimming,swim,2022-06-20 05:57:39,2224.111083984375,1950.0,,,312.0,,,,,,1140.25088866654,,,,,,11.399999618530273,,
9046951599,Vitacura - Trabajo Estructu,run,2022-06-19 09:15:03,4043.37109375,15182.1103515625,150.0,172.0,739.0,,,,,,266.3115764375655,182.890625,,,,,,3.299999952316284,0.30000001192092896
9046063938,Yoga,str,2022-06-19 07:48:49,993.6630249023438,0.0,83.0,125.0,56.0,,,,,,,,,,,,,0.10000000149011612,0.0
9041765502,Tiltil Road Cycling,bike,2022-06-18 09:10:37,11961.3701171875,105423.6484375,,,1691.0,142.0,174.52830552932,,,,113.45586399873017,,,,,,,,
9033203280,Pool Swimming,swim,2022-06-17 05:53:08,3109.97705078125,2800.0,,,449.0,,,,,,1111.1111405455044,,,,,,11.0,,
9026887946,Zwift - RODILLO HIIT 30  - 40   in Watopia,bike,2022-06-16 05:49:02,3429.0,30364.779296875,0.0,0.0,448.0,136.0,174.53700949039074,,,,112.93055355115808,,,,,,,,
9020660601,Pool Swimming,swim,2022-06-15 05:54:39,2661.98291015625,2325.0,,,372.0,,,,,,1144.16474287109,,,,,,11.199999809265137,,
9013773187,Zwift - Rodillo Escalar VO2max in Watopia,bike,2022-06-14 05:23:36,3428.0,30851.880859375,0.0,0.0,481.0,146.0,172.80974441951722,,,,111.12346315520072,,,,,,,,
9011794756,Las Condes - Repeticiones lar,run,2022-06-13 19:30:33,2116.007080078125,7730.64990234375,150.0,171.0,403.0,,,,,,273.7475959895816,181.734375,,,,,,3.299999952316284,1.2000000476837158
9007711822,Pool Swimming,swim,2022-06-13 05:58:06,2728.443115234375,2250.0,,,360.0,,,,,,1196.1722126434138,,,,,,12.399999618530273,,
9002812899,Providencia Running,run,2022-06-12 09:23:30,2083.31103515625,7843.990234375,155.0,171.0,422.0,,,,,,265.6042422674651,183.796875,,,,,,3.799999952316284,0.4000000059604645
8998492012,Colina - Run 50 min umbra,run,2022-06-11 10:43:30,3000.695068359375,10651.6103515625,159.0,175.0,614.0,,,,,,281.6901446287416,183.375,,,,,,4.300000190734863,0.4000000059604645
8998490562,Colina Cycling,bike,2022-06-11 08:46:02,6676.97900390625,36180.0390625,122.0,172.0,721.0,,,,,,184.53588716479183,,,,,,,3.0999999046325684,2.200000047683716
8982652276,Zwift - Multizona VO2max - HIIT (no uses rodillo controlable) in Watopia,bike,2022-06-09 06:07:38,3553.0,28656.5,0.0,0.0,466.0,137.0,168.34460918551744,,,,123.99256689762575,,,,,,,,
8976616157,Las Condes - 5x1k,run,2022-06-08 06:41:37,2392.2099609375,8308.3203125,156.0,173.0,483.0,,,,,,287.9354983360127,179.6875,,,,,,3.9000000953674316,0.6000000238418579
8969918601,Zwift - Escalar VO2max in Watopia,bike,2022-06-07 05:35:39,3486.0,28831.919921875,0.0,0.0,524.0,157.0,181.08797531772356,,,,120.91897758738631,,,,,,,,
8968068679,Las Condes - CONTINUO VARIABL,run,2022-06-06 19:30:48,2755.60107421875,9488.6201171875,158.0,172.0,571.0,,,,,,290.44437330434914,180.734375,,,,,,4.199999809265137,0.4000000059604645
8963642445,Zwift - SweetSpot PRO in Watopia,bike,2022-06-06 05:40:03,4210.0,38405.8984375,0.0,0.0,613.0,152.0,168.96635578370632,,,,109.62508533618536,,,,,,,,
8959264859,Vitacura - 25 km de trote p,run,2022-06-05 09:17:57,3958.652099609375,14376.7900390625,151.0,170.0,775.0,,,,,,275.3303987892117,183.09375,,,,,,4.199999809265137,0.0
8958121136,Yoga,str,2022-06-05 07:55:28,1216.676025390625,0.0,84.0,115.0,69.0,,,,,,,,,,,,,0.20000000298023224,0.0
8952307158,Yoga,str,2022-06-04 10:05:42,524.5050048828125,0.0,102.0,118.0,49.0,,,,,,,,,,,,,0.30000001192092896,0.0
8952197373,Zwift - Race: 111 CIEONTONCE v-race (D) on The PRL Half in London,bike,2022-06-04 09:00:16,3629.0,29456.630859375,0.0,0.0,662.0,156.0,181.4418676827176,,,,123.19823161962151,,,,,,,,
8951502279,Fuerza,str,2022-06-04 08:00:10,921.6259765625,0.0,81.0,101.0,48.0,,,,,,,,,,,,,0.10000000149011612,0.0
8895313676,Zwift - VO2 #2  in Watopia,bike,2022-05-26 05:10:48,4397.125,40728.109375,0.0,0.0,617.0,146.0,165.14237974058116,,,,107.96804048142533,,,,,,,,
8893068564,Pool Swimming,swim,2022-05-25 05:46:11,2916.5380859375,2450.0,,,392.0,,,,,,1190.4762276446208,,,,,,11.600000381469727,,
8883143011,Zwift - Sweet Spot #2 in Watopia,bike,2022-05-24 05:19:00,5455.2431640625,46912.0703125,0.0,0.0,763.0,147.0,163.47973287956688,,,,116.29259247141833,,,,,,,,
8881342371,Las Condes Running,run,2022-05-23 19:31:09,2371.093994140625,8124.580078125,152.0,171.0,464.0,,,,,,291.8004046228297,180.234375,,,,,,3.799999952316284,1.2999999523162842
8877151618,Pool Swimming,swim,2022-05-23 06:00:01,2116.47802734375,1975.0,,,316.0,,,,,,1071.8113288813627,,,,,,11.100000381469727,,
8853834941,Fuerza,str,2022-05-19 06:25:15,2292.364990234375,0.0,83.0,154.0,122.0,,,,,,,,,,,,,1.2999999523162842,0.4000000059604645
8850615260,Las Condes Running,run,2022-05-18 20:05:48,1075.041015625,3526.7900390625,128.0,160.0,149.0,,,,,,304.785135876431,178.46875,,,,,,2.0,0.5
8846131179,Pool Swimming,swim,2022-05-18 05:52:03,2216.5390625,1825.0,,,292.0,,,,,,1215.0668082596828,,,,,,12.199999809265137,,
8839417235,Zwift - Sweet Spot #1 in Watopia,bike,2022-05-17 05:26:12,5413.0,46475.37890625,0.0,0.0,758.0,146.0,161.44347846626843,,,,116.48223594135764,,,,,,,,
8828111151,Las Condes Running,run,2022-05-15 08:48:36,2304.64306640625,8000.1201171875,153.0,166.0,469.0,,,,,,288.1014153381522,178.84375,,,,,,3.799999952316284,0.0
8831484483,Colina Road Cycling,bike,2022-05-14 08:33:57,9198.17578125,77223.390625,,,2211.0,,,,,,119.10433669656119,,,,,,,,
8814277644,Pool Swimming,swim,2022-05-13 05:50:58,2957.222900390625,2500.0,,,400.0,,,,,,1168.2242906055071,,,,,,11.800000190734863,,
8812292072,Zwift - Regresivo   FTP in Watopia,bike,2022-05-12 18:49:33,3688.0,36320.51171875,0.0,0.0,554.0,157.0,177.8007458054184,,,,101.54346500650374,,,,,,,,
8808044679,Fuerza,str,2022-05-12 05:38:10,2377.7080078125,0.0,87.0,120.0,142.0,,,,,,,,,,,,,0.30000001192092896,0.0
8801590224,Fuerza,str,2022-05-11 05:36:52,1929.77001953125,0.0,73.0,130.0,75.0,,,,,,,,,,,,,0.10000000149011612,0.0
8795064013,Zwift - 2019 UCI Worlds Harrogate Circuit in Yorkshire,bike,2022-05-10 05:47:32,3635.0,28103.83984375,0.0,0.0,489.0,140.0,153.42898578082404,,,,129.3493735490883,,,,,,,,
8784097312,Santiago Running,run,2022-05-08 07:41:11,5257.912109375,21242.0390625,157.0,179.0,1040.0,,,,,,247.52475481245546,193.234375,,,,,,4.099999904632568,2.0
8770393047,Pool Swimming,swim,2022-05-06 05:53:11,1956.8280029296875,1550.0,,,253.0,,,,,,1240.694797889966,,,,,,12.399999618530273,,
8768272725,Zwift - Regenerativo in Watopia,bike,2022-05-05 18:03:25,1807.0,15411.5498046875,0.0,0.0,243.0,140.0,158.00278086768492,,,,117.26078967097341,,,,,,,,
8758105853,Pool Swimming,swim,2022-05-04 05:54:12,2866.553955078125,2575.0,,,412.0,,,,,,1113.5857437371978,,,,,,11.100000381469727,,
8751517104,Zwift - Recovery PRO in New York,bike,2022-05-03 06:00:56,3109.987060546875,18826.48046875,0.0,0.0,316.0,109.0,111.61168235875614,,,,165.20733593449725,,,,,,,,
8754118373,Las Condes - 6 x 1.000 umbral,run,2022-05-02 19:32:31,2566.33203125,8718.240234375,148.0,174.0,479.0,,,,,,294.3773853701113,180.515625,,,,,,3.200000047683716,1.0
8742429628,Yoga,str,2022-05-01 15:14:19,34.694000244140625,0.0,78.0,81.0,1.0,,,,,,,,,,,,,0.0,0.0
8742412370,Yoga,str,2022-05-01 15:10:52,20.704999923706055,0.0,82.0,86.0,0.0,,,,,,,,,,,,,0.0,0.0
8734008718,Vitacura - 15 KM (ZONA 1- Z,run,2022-04-30 08:32:48,4419.52685546875,15549.8095703125,159.0,182.0,907.0,,,,,,284.25242523818645,180.1875,,,,,,4.300000190734863,2.0999999046325684
8726873972,Pool Swimming,swim,2022-04-29 05:53:27,1634.1400146484375,1350.0,,,217.0,,,,,,1193.3174231133867,,,,,,11.699999809265137,,
8721259554,Zwift - Finn in London,bike,2022-04-28 06:43:47,4586.0,35588.609375,0.0,0.0,636.0,145.0,161.78026237637235,,,,128.8659755805308,,,,,,,,
8719174703,Las Condes Running,run,2022-04-27 20:27:39,1782.97705078125,6522.06005859375,153.0,173.0,359.0,,,,,,273.3734286729562,182.125,,,,,,3.0999999046325684,0.699999988079071
8719099594,Las Condes - 10 km,run,2022-04-27 20:27:23,3.00600004196167,4.190000057220459,113.0,113.0,0.0,,,,,,717.3600872947188,0.0,,,,,,,
8714881197,Pool Swimming,swim,2022-04-27 05:54:29,2121.672119140625,1900.0,,,310.0,,,,,,1116.0713941219976,,,,,,11.199999809265137,,
8712650715,Zwift - FUERZA-1 in London,bike,2022-04-26 18:10:08,3639.343017578125,29315.599609375,0.0,0.0,481.0,139.0,157.3090151541477,,,,124.14648815810037,,,,,,,,
8702719630,Pool Swimming,swim,2022-04-25 05:54:43,2074.366943359375,1925.0,,,329.0,,,,,,1064.9627144069186,,,,,,9.800000190734863,,
8697580417,Las Condes Running,run,2022-04-24 08:14:42,1612.176025390625,5150.85009765625,153.0,169.0,327.0,,,,,,312.98905192309024,179.671875,,,,,,3.200000047683716,0.0
8742456000,Colina Road Cycling,bike,2022-04-23 07:48:51,20808.380859375,180165.078125,,,5614.0,37.0,,,,,115.50011560189374,,,,,,,,
8684737294,Pool Swimming,swim,2022-04-22 05:56:00,2759.27392578125,2375.0,,,380.0,,,,,,1161.4401839007508,,,,,,11.300000190734863,,
8680369329,Providencia - VO2max I,bike,2022-04-21 09:46:17,7009.18212890625,31388.76953125,119.0,164.0,703.0,,,,,,223.31397127498138,,,,,,,2.0999999046325684,2.0
8678966444,Fuerza,str,2022-04-21 06:50:44,2143.841064453125,0.0,101.0,146.0,127.0,,,,,,,,,,,,,0.5,0.20000000298023224
8676402249,Las Condes Running,run,2022-04-20 17:07:51,1566.239013671875,5014.3798828125,151.0,168.0,314.0,,,,,,312.30481898169353,175.4375,,,,,,3.0999999046325684,0.10000000149011612
8672719611,Pool Swimming,swim,2022-04-20 05:53:31,2555.8798828125,2225.0,,,357.0,,,,,,1148.1056364027672,,,,,,11.899999618530273,,
8668114779,Colina Road Cycling,bike,2022-04-19 09:37:04,5624.9267578125,51776.3203125,,,713.0,128.0,174.9717626107638,,,,108.63661143816574,,,,,,,,
8666710902,Fuerza,str,2022-04-19 06:50:42,2072.528076171875,0.0,78.0,129.0,96.0,,,,,,,,,,,,,0.20000000298023224,0.0
8664262511,Yoga,str,2022-04-18 17:50:11,1320.8370361328125,0.0,83.0,113.0,72.0,,,,,,,,,,,,,0.20000000298023224,0.0
8660475135,Pool Swimming,swim,2022-04-18 05:57:28,2575.68603515625,2250.0,,,364.0,,,,,,1144.16474287109,,,,,,11.399999618530273,,
8656914987,Tiltil Road Cycling,bike,2022-04-17 08:13:35,10681.603515625,93794.6015625,,,1429.0,135.0,174.42851288219768,,,,113.88224397684247,,,,,,,,
8650515124,Colina Running,run,2022-04-16 09:05:00,5425.98095703125,20203.939453125,163.0,201.0,1169.0,,,,,,268.5284656675964,185.359375,,,,,,5.0,3.299999952316284
8650509796,Colina Running,run,2022-04-16 08:41:23,1279.572021484375,3237.860107421875,144.0,169.0,230.0,,,,,,395.2569214657673,143.828125,,,,,,2.799999952316284,0.0
8637520075,Las Condes - 5 km de trote,run,2022-04-14 09:42:17,1602.237060546875,5014.41015625,153.0,169.0,327.0,,,,,,319.4888062100344,180.296875,,,,,,3.299999952316284,0.0
8637264653,Zwift - London,bike,2022-04-14 08:41:42,2855.177978515625,22489.560546875,0.0,0.0,348.0,128.0,135.33720864316166,,,,126.96800523140497,,,,,,,,
8636419421,Fuerza,str,2022-04-14 06:12:02,2683.263916015625,0.0,89.0,151.0,172.0,,,,,,,,,,,,,0.8999999761581421,0.10000000149011612
8631853285,Pool Swimming,swim,2022-04-13 05:55:42,3662.375,2000.0,,,331.0,,,,,,1133.786810681936,,,,,,11.199999809265137,,
8622450646,Las Condes - 6 x 800 con 90 s,run,2022-04-11 19:32:52,735.7069702148438,1904.8399658203125,139.0,156.0,135.0,,,,,,386.24951917998743,146.953125,,,,,,2.0999999046325684,0.0
8618324315,Pool Swimming,swim,2022-04-11 05:59:15,3382.98193359375,1875.0,,,300.0,,,,,,1156.069351416027,,,,,,12.199999809265137,,
8615742181,Colina - Transición 12 k,run,2022-04-10 10:20:46,2588.35498046875,9113.3095703125,158.0,171.0,543.0,,,,,,284.0102317528865,183.171875,,,,,,3.700000047683716,0.10000000149011612
8656845238,Colina Road Cycling,bike,2022-04-10 07:42:18,8822.8173828125,75178.15625,,,1152.0,131.0,182.99651654377453,,,,117.35711897011679,,,,,,,,
8592668382,Fuerza,str,2022-04-06 06:30:13,1817.030029296875,0.0,98.0,161.0,150.0,,,,,,,,,,,,,1.5,0.30000001192092896
8584092896,Belo Horizonte - Run Workout,run,2022-04-05 06:38:08,2207.054931640625,8004.5400390625,155.0,170.0,462.0,,,,,,275.70994602484853,184.609375,,,,,,3.5999999046325684,0.0
8581958019,Belo Horizonte - INTERVALOS 5x120,run,2022-04-04 18:04:24,2552.0810546875,9915.1396484375,157.0,178.0,521.0,,,,,,257.4002580321133,182.28125,,,,,,3.700000047683716,2.5999999046325684
8567646262,Mogi Guaçu - INTERVALOS EXTEN,run,2022-04-02 07:25:24,4156.48388671875,15002.6904296875,157.0,173.0,868.0,,,,,,277.08506760445084,182.09375,,,,,,4.300000190734863,1.100000023841858
8560714597,Las Condes Cycling,bike,2022-03-31 18:06:50,4448.173828125,21340.19921875,121.0,151.0,535.0,,,,,,208.4201812040884,,,,,,,2.0,0.699999988079071
8556822844,Running,run,2022-03-31 06:47:33,2467.236083984375,2627.030029296875,93.0,147.0,181.0,,,,,,938.9670857012886,12.328125,,,,,,1.0,0.10000000149011612
8555194728,Las Condes Running,run,2022-03-30 20:01:39,1691.718017578125,7065.27978515625,136.0,160.0,259.0,,,,,,239.4635947514572,186.8125,,,,,,2.5,1.399999976158142
8551528541,Pool Swimming,swim,2022-03-30 07:01:07,3605.89892578125,2299.77001953125,,,419.0,,,,,,1104.9724106226677,,,,,,16.299999237060547,,
8535357432,Maldonado Running,run,2022-03-27 12:25:47,303.8280029296875,856.239990234375,111.0,122.0,37.0,,,,,,354.8615941268148,171.859375,,,,,,0.30000001192092896,0.0
8535161127,Maldonado Running,run,2022-03-27 11:08:37,967.7269897460938,2255.070068359375,133.0,153.0,153.0,,,,,,429.1845634095209,119.546875,,,,,,2.0999999046325684,0.20000000298023224
8515370651,Maldonado Road Cycling,bike,2022-03-24 07:57:04,4252.77392578125,28738.2890625,,,458.0,108.0,148.0050655888924,,,,147.97277526497874,,,,,,,,
8513335068,Maldonado - Run en Pucon,run,2022-03-23 18:03:37,1825.7530517578125,5999.93994140625,155.0,168.0,377.0,,,,,,304.32136212321103,178.140625,,,,,,3.299999952316284,0.0
8513334426,Maldonado Cycling,bike,2022-03-23 17:05:34,1901.094970703125,8907.1396484375,109.0,137.0,111.0,59.0,116.0,12.5,0.4909999966621399,,213.44717443192002,,,,,,,0.800000011920929,0.0
8509275379,Maldonado Open Water Swimming,swim,2022-03-23 08:42:02,893.427978515625,718.27001953125,,,120.0,,,,,,1243.7810635455182,,,,,,,,
8509265958,Maldonado Open Water Swimming,swim,2022-03-23 08:30:19,529.6669921875,450.0799865722656,,,75.0,,,,,,1176.4705552361838,,,,,,,,
8509265354,Pool Swimming,swim,2022-03-23 08:20:31,364.0830078125,33.33000183105469,,,2.0,,,,,,10309.278046442463,,,,,,172.0,,
8506774158,Maldonado Running,run,2022-03-22 17:59:32,1671.498046875,5142.27001953125,157.0,172.0,352.0,,,,,,325.09753187937787,177.328125,,,,,,3.299999952316284,0.5
8485792293,Colina - 30 min trote sua,run,2022-03-19 10:32:05,1474.7850341796875,5002.64990234375,153.0,173.0,304.0,,,,,,294.8113242359869,181.671875,,,,,,3.0,0.0
8485810421,Colina Road Cycling,bike,2022-03-19 08:39:29,6435.2841796875,60797.1484375,,,944.0,148.0,178.3108152157765,,,,105.85371521629995,,,,,,,,
8478513511,Pool Swimming,swim,2022-03-18 07:01:33,3476.176025390625,2433.090087890625,,,452.0,,,,,,1050.4201438650732,,,,,,15.199999809265137,,
8476277036,Zwift - Heimdall in Makuri Islands,bike,2022-03-17 17:09:00,4290.7548828125,37923.69921875,0.0,0.0,551.0,134.0,152.7328631966931,,,,113.1477671795984,,,,,,,,
8471115916,Las Condes Running,run,2022-03-16 20:18:54,1264.6309814453125,4583.2998046875,146.0,164.0,242.0,,,,,,275.9381843267682,182.703125,,,,,,2.5999999046325684,0.20000000298023224
8471035718,Las Condes - v. Hard /Vo2 Max,run,2022-03-16 20:00:54,546.5609741210938,1499.06005859375,143.0,158.0,104.0,,,,,,364.564341550995,170.78125,,,,,,2.0,0.0
8467079671,Pool Swimming,swim,2022-03-16 07:00:57,3709.0048828125,2399.760009765625,,,435.0,,,,,,1112.3470658502708,,,,,,15.899999618530273,,
8464609857,Zwift - Hard / Threshold in Makuri Islands,bike,2022-03-15 17:54:52,2562.0,23724.150390625,0.0,0.0,379.0,154.0,172.86688535274322,,,,107.99135802189414,,,,,,,,
8459177834,Las Condes - 3 x 1.5 km c/1:3,run,2022-03-14 19:27:49,2549.12109375,8708.490234375,154.0,172.0,526.0,,,,,,292.7400563187137,180.265625,,,,,,3.4000000953674316,0.20000000298023224
8459176628,Pool Swimming,swim,2022-03-14 07:01:29,3436.487060546875,1899.81005859375,,,342.0,,,,,,1107.4197155795716,,,,,,16.600000381469727,,
8444601403,Puente Alto Road Cycling,bike,2022-03-12 08:23:31,12337.1435546875,97754.1484375,,,3405.0,,,,,,126.19889285196768,,,,,,,,
8439805490,Las Condes - Repeticiones Tap,bike,2022-03-10 18:09:28,4939.98486328125,24453.76953125,121.0,156.0,536.0,,,,,,202.02020980450447,,,,,,,2.0,0.699999988079071
8429659105,Vitacura - 2 x (4x500),run,2022-03-09 19:19:03,2391.389892578125,8074.60009765625,151.0,170.0,470.0,,,,,,296.1208090981713,177.515625,,,,,,3.200000047683716,1.7000000476837158
8425937274,Pool Swimming,swim,2022-03-09 07:01:28,3155.822998046875,2266.43994140625,,,420.0,,,,,,994.0357438256464,,,,,,14.699999809265137,,
8423118230,Zwift - Hard / Threshold II in London,bike,2022-03-08 17:20:08,3009.0,26357.140625,0.0,0.0,442.0,153.0,171.25500382182744,,,,114.16828633791559,,,,,,,,
8419475192,Fuerza,str,2022-03-08 06:49:45,2475.2109375,0.0,87.0,108.0,95.0,,,,,,,,,,,,,0.20000000298023224,0.0
8415837116,Pool Swimming,swim,2022-03-07 12:55:31,2543.029052734375,2333.10009765625,,,422.0,,,,,,1090.5125459977885,,,,,,16.5,,
8403457607,Colina - 18 km,run,2022-03-05 10:36:03,4726.16015625,18009.560546875,156.0,173.0,955.0,,,,,,262.39831316514073,187.46875,,,,,,3.799999952316284,0.20000000298023224
8403565160,Colina Road Cycling,bike,2022-03-05 09:00:42,10724.2734375,59938.8984375,,,1149.0,185.0,206.58132144574546,,,,178.9228770317302,,,,,,,,
8396240717,Pool Swimming,swim,2022-03-04 07:00:57,3466.7109375,2599.739990234375,,,484.0,,,,,,1158.7485842169795,,,,,,16.200000762939453,,
8390453891,Fuerza,str,2022-03-03 06:49:45,2912.675048828125,0.0,74.0,138.0,121.0,,,,,,,,,,,,,0.30000001192092896,0.0
8388603450,Vitacura Running,run,2022-03-02 20:15:25,347.3349914550781,1020.760009765625,152.0,165.0,71.0,,,,,,340.25179890840144,177.75,,,,,,1.7000000476837158,0.10000000149011612
8388570456,Vitacura Running,run,2022-03-02 19:48:03,1104.5989990234375,5002.72021484375,141.0,158.0,207.0,,,,,,220.79930292700539,200.765625,,,,,,2.4000000953674316,0.10000000149011612
8388443230,Vitacura Running,run,2022-03-02 19:19:32,605.9400024414062,1899.5400390625,147.0,165.0,118.0,,,,,,318.97926731802977,178.171875,,,,,,2.0999999046325684,0.10000000149011612
8384726411,Pool Swimming,swim,2022-03-02 07:04:30,1610.93896484375,1666.5,,,300.0,,,,,,966.1836060385093,,,,,,14.199999809265137,,
8382473018,Zwift - Aerobic #2 in Makuri Islands,bike,2022-03-01 18:06:13,4216.0,39519.0390625,0.0,0.0,582.0,144.0,152.9852080990812,,,,106.68942542776713,,,,,,,,
8378527279,Fuerza,str,2022-03-01 06:50:35,2573.697998046875,0.0,85.0,109.0,132.0,,,,,,,,,,,,,0.20000000298023224,0.0
8373032487,Pool Swimming,swim,2022-02-28 07:04:29,2428.06298828125,2233.110107421875,,,415.0,,,,,,1086.956502021148,,,,,,16.0,,
8367753099,Vitacura Running,run,2022-02-27 08:58:45,334.3909912109375,1016.7100219726562,165.0,173.0,73.0,,,,,,328.94737254879817,178.6875,,,,,,2.299999952316284,0.20000000298023224
8367752970,Las Condes - 15 km del 80% al,run,2022-02-27 07:54:51,3142.594970703125,10705.5400390625,154.0,168.0,640.0,,,,,,293.5133492708255,183.15625,,,,,,3.5,0.699999988079071
8363185716,Concón - 20 km Aeróbico,run,2022-02-26 11:54:00,5652.501953125,19997.33984375,156.0,174.0,1143.0,,,,,,282.6455539316557,181.015625,,,,,,3.9000000953674316,0.5
8362261686,Concón Open Water Swimming,swim,2022-02-26 10:07:53,3032.68505859375,2395.489990234375,,,403.0,,,,,,1265.8227504283423,,,,,,,,
8350444029,Fuerza,str,2022-02-24 06:48:24,3028.912109375,0.0,89.0,167.0,200.0,,,,,,,,,,,,,1.600000023841858,0.4000000059604645
8348690945,Vitacura - INTERVALOS 4x150,run,2022-02-23 19:19:01,2782.839111328125,10063.1904296875,151.0,180.0,525.0,,,,,,276.5486773801622,182.484375,,,,,,3.5,2.9000000953674316
8344530276,Fuerza,str,2022-02-23 06:43:22,1972.927001953125,0.0,82.0,161.0,115.0,,,,,,,,,,,,,1.2999999523162842,0.20000000298023224
8342466645,Zwift - VO2 PRO Climbing in New York,bike,2022-02-22 18:21:33,3920.0,33399.8984375,0.0,0.0,570.0,152.0,173.03211323249462,,,,117.37088571266108,,,,,,,,
8338633148,Fuerza,str,2022-02-22 06:49:57,2826.3369140625,0.0,86.0,131.0,166.0,,,,,,,,,,,,,0.30000001192092896,0.0
8338359731,Vitacura - INTERVALO EXTENS,run,2022-02-21 19:23:03,3566.323974609375,13198.6796875,155.0,179.0,698.0,,,,,,270.19724579834764,184.65625,,,,,,3.5,2.200000047683716
8333172438,Pool Swimming,swim,2022-02-21 07:01:43,2638.596923828125,2366.429931640625,,,430.0,,,,,,1112.3470658502708,,,,,,15.899999618530273,,
8328272571,Colina Road Cycling,bike,2022-02-20 08:59:23,1215.02099609375,13924.41015625,,,302.0,250.0,257.438988734516,,,,87.26003461355094,,,,,,,,
8328270050,Colina Road Cycling,bike,2022-02-20 08:42:18,970.1010131835938,7045.919921875,,,102.0,107.0,140.37495801650655,,,,137.68415233709624,,,,,,,,
8323704578,Colina - T2,run,2022-02-19 11:22:42,1893.72998046875,7126.06982421875,161.0,176.0,401.0,,,,,,265.74541508338694,185.0,,,,,,3.5,0.20000000298023224
8323723797,Colina Road Cycling,bike,2022-02-19 08:37:02,9689.2802734375,95729.7421875,,,1616.0,168.0,191.25153770132843,,,,101.21457372640802,,,,,,,,
8316606286,Pool Swimming,swim,2022-02-18 07:01:36,2759.381103515625,2499.75,,,474.0,,,,,,1103.7527373070727,,,,,,16.299999237060547,,
8314650597,Zwift - Endurance #2 -Olympic Team-,bike,2022-02-17 18:26:30,3723.56689453125,32071.9296875,0.0,0.0,466.0,136.0,149.411475154688,,,,116.10356551071624,,,,,,,,
8311084369,Fuerza,str,2022-02-17 06:50:29,2856.550048828125,0.0,83.0,117.0,147.0,,,,,,,,,,,,,0.20000000298023224,0.0
8309369293,Vitacura - 6x2' CUESTAS + 4,run,2022-02-16 19:36:45,3247.18603515625,11369.8095703125,154.0,175.0,643.0,,,,,,285.6326822914716,182.78125,,,,,,3.9000000953674316,0.30000001192092896
8305607003,Pool Swimming,swim,2022-02-16 07:00:38,2748.423095703125,2466.419921875,,,444.0,,,,,,1114.8271834121274,,,,,,16.399999618530273,,
8303516089,Zwift - 65min Z1/Z2 -Olympic Team-,bike,2022-02-15 18:49:04,3907.0,32766.30078125,0.0,0.0,445.0,119.0,126.89596467068958,,,,119.246367542411,,,,,,,,
8299760192,Las Condes - Easy + Progresiv,run,2022-02-15 07:33:46,2600.52197265625,9511.2802734375,152.0,170.0,509.0,,,,,,273.4481767205157,185.53125,,,,,,3.5999999046325684,0.0
8299519674,Fuerza,str,2022-02-15 06:42:07,2393.014892578125,0.0,88.0,141.0,148.0,,,,,,,,,,,,,0.800000011920929,0.0
8294261701,Pool Swimming,swim,2022-02-14 07:02:28,1531.85302734375,1466.52001953125,,,268.0,,,,,,1042.7528769030446,,,,,,15.800000190734863,,
8288957241,Las Condes - Running 15 km,run,2022-02-13 07:38:36,4396.6708984375,15115.7197265625,159.0,181.0,899.0,,,,,,290.86678607937836,183.0,,,,,,4.400000095367432,1.399999976158142
8319333823,Lo Barnechea Road Cycling,bike,2022-02-12 07:39:27,12719.466796875,66501.328125,,,2636.0,,,,,,191.27772927014823,,,,,,,,
8276527050,Pool Swimming,swim,2022-02-11 07:02:08,2411.529052734375,2133.1201171875,,,384.0,,,,,,1119.8208202960689,,,,,,16.200000762939453,,
8274447502,Las Condes - RODILLO HIIT 2 -,bike,2022-02-10 18:27:25,4996.1611328125,26043.900390625,130.0,167.0,619.0,,,,,,191.82812860023273,,,,,,,2.4000000953674316,2.0
8270748922,Las Condes - 10 km umbral,run,2022-02-10 07:42:16,2807.626953125,9081.25,154.0,168.0,562.0,,,,,,309.21459802914677,178.28125,,,,,,3.5999999046325684,0.0
8270476982,Fuerza,str,2022-02-10 06:49:08,2226.172119140625,0.0,84.0,129.0,126.0,,,,,,,,,,,,,0.20000000298023224,0.0
8268798110,Vitacura - Fartlek Base 2,run,2022-02-09 19:33:44,4229.5859375,14727.9296875,158.0,180.0,845.0,,,,,,287.19126010377437,181.09375,,,,,,4.0,1.0
8264596656,Pool Swimming,swim,2022-02-09 07:01:28,2757.7099609375,2533.080078125,,,466.0,,,,,,1088.1392468230206,,,,,,15.300000190734863,,
8262287250,Las Condes Cycling,bike,2022-02-08 18:02:45,4410.6630859375,21962.5,115.0,158.0,465.0,,,,,,200.8435391870305,,,,,,,2.0999999046325684,1.7000000476837158
8258207196,Fuerza,str,2022-02-08 06:56:18,2075.76904296875,0.0,72.0,95.0,73.0,,,,,,,,,,,,,0.10000000149011612,0.0
8256386946,Vitacura - Fartlek Base 1,run,2022-02-07 19:19:49,3789.91796875,13376.5703125,162.0,194.0,847.0,,,,,,283.28612127617026,179.78125,,,,,,5.0,3.299999952316284
8252592797,Pool Swimming,swim,2022-02-07 07:01:37,1585.8260498046875,1533.1800537109375,,,279.0,,,,,,1034.1261552329302,,,,,,14.800000190734863,,
8249380646,Colina Road Cycling,bike,2022-02-06 09:10:24,12568.9130859375,97190.65625,,,1419.0,117.0,172.14926722663293,,,,129.31592210677059,,,,,,,,
8249139312,Colina Running,run,2022-02-05 08:37:39,5556.59716796875,33837.44140625,142.0,182.0,879.0,,,,,,164.20360836527385,2.84375,,,,,,4.0,4.300000190734863
8235699571,Pool Swimming,swim,2022-02-04 07:01:02,2408.0458984375,2133.1201171875,,,397.0,,,,,,1128.6682001071943,,,,,,15.899999618530273,,
8233597439,Zwift - Vallhala 2,bike,2022-02-03 18:07:01,3906.49609375,32843.921875,0.0,0.0,534.0,143.0,156.00029913112076,,,,118.94850113063785,,,,,,,,
8230007681,Fuerza,str,2022-02-03 06:50:34,2230.544921875,0.0,76.0,98.0,100.0,,,,,,,,,,,,,0.10000000149011612,0.0
8228271975,Vitacura Running,run,2022-02-02 19:43:25,1621.1739501953125,5519.14990234375,158.0,175.0,348.0,,,,,,293.7720291164834,177.5,,,,,,3.4000000953674316,0.8999999761581421
8228145007,Vitacura - 10x400 pausa 1 m,run,2022-02-02 19:15:24,1202.0069580078125,3671.9599609375,152.0,171.0,250.0,,,,,,327.33223507306576,174.921875,,,,,,3.0,0.20000000298023224
8224444902,Pool Swimming,swim,2022-02-02 07:02:03,2137.18310546875,1999.800048828125,,,360.0,,,,,,1068.3760803501186,,,,,,15.399999618530273,,
8222181142,Zwift - Torque Basic 4x5.,bike,2022-02-01 18:01:16,3606.0,32278.3203125,0.0,0.0,530.0,153.0,171.88799289609955,,,,111.71935829898004,,,,,,,,
8218476377,Fuerza,str,2022-02-01 06:49:58,4208.01123046875,0.0,86.0,117.0,259.0,,,,,,,,,,,,,0.20000000298023224,0.0
8216680586,Vitacura - 3000 + 2000 paus,run,2022-01-31 19:16:11,2504.27294921875,8772.23046875,154.0,175.0,516.0,,,,,,285.4695957780786,181.46875,,,,,,3.4000000953674316,2.0999999046325684
8249156121,Colina Road Cycling,bike,2022-01-30 09:03:28,8311.544921875,70340.0703125,,,2096.0,,,,,,118.16140432961137,,,,,,,,
8202527532,Tiltil Road Cycling,bike,2022-01-29 08:10:52,11530.4912109375,100429.7109375,,,3045.0,,,,,,114.8105620689236,,,,,,,,
8195799951,Pool Swimming,swim,2022-01-28 07:02:16,2029.47802734375,1933.1400146484375,,,348.0,,,,,,1042.7528769030446,,,,,,15.300000190734863,,
8193760524,Zwift - TESEO,bike,2022-01-27 18:09:50,3620.322998046875,32795.23046875,0.0,0.0,578.0,167.0,173.93391837645092,,,,110.39965146350269,,,,,,,,
8190215751,Fuerza,str,2022-01-27 06:54:10,2317.40087890625,0.0,83.0,114.0,135.0,,,,,,,,,,,,,0.20000000298023224,0.0
8188675056,"Las Condes - 2x8x400 P: 1,20",run,2022-01-26 19:16:07,2707.4189453125,10001.2900390625,149.0,167.0,517.0,,,,,,270.7092578373008,185.875,,,,,,3.0999999046325684,0.4000000059604645
8182803254,Zwift - Perseo,bike,2022-01-25 18:45:23,3786.0,33308.5390625,0.0,0.0,581.0,160.0,173.87913584882628,,,,113.67511740427997,,,,,,,,
8178547387,Fuerza,str,2022-01-25 06:49:55,2441.01708984375,0.0,82.0,115.0,133.0,,,,,,,,,,,,,0.20000000298023224,0.0
8176879549,"Las Condes - 3 x 2.000 P: 2,0",run,2022-01-24 19:18:21,2771.990966796875,9868.5595703125,152.0,169.0,555.0,,,,,,280.89888091942777,183.046875,,,,,,3.4000000953674316,2.0
8173024315,Pool Swimming,swim,2022-01-24 07:01:48,2336.452880859375,2166.449951171875,,,396.0,,,,,,1078.7486676561339,,,,,,15.800000190734863,,
8167167536,Fuerza,str,2022-01-23 07:36:10,2990.346923828125,0.0,80.0,156.0,164.0,,,,,,,,,,,,,1.2999999523162842,1.0
8162336136,Colina Road Cycling,bike,2022-01-22 10:06:33,5103.14111328125,44832.62890625,,,1308.0,,,,,,113.83039469199088,,,,,,,,
8162328949,Colina Road Cycling,bike,2022-01-22 08:44:34,4762.32177734375,40549.640625,,,1193.0,,,,,,117.43980736115583,,,,,,,,
8153662705,Las Condes - RODILLO AEROBICO,bike,2022-01-20 18:34:03,3677.1279296875,15455.6904296875,110.0,146.0,385.0,,,,,,237.9252875714887,,,,,,,1.2999999523162842,0.6000000238418579
8148449378,"Las Condes - 4X2000 P: 2,00",run,2022-01-19 19:16:20,3477.758056640625,12161.5498046875,156.0,183.0,726.0,,,,,,285.9593954817463,183.71875,,,,,,4.199999809265137,3.0
8144509214,Pool Swimming,swim,2022-01-19 07:00:08,2407.60400390625,2266.43994140625,,,410.0,,,,,,1062.6992733427248,,,,,,14.800000190734863,,
8142257551,Zwift - RODILLO AEROBICO 1,bike,2022-01-18 17:45:12,4246.72705078125,31122.060546875,0.0,0.0,399.0,107.0,121.23145430851247,,,,136.4628808173905,,,,,,,,
8141006204,Fuerza,str,2022-01-18 06:50:44,2167.426025390625,0.0,85.0,140.0,131.0,,,,,,,,,,,,,0.30000001192092896,0.0
8136628552,"Las Condes - 4X1200 P: 1,30",run,2022-01-17 19:19:27,2644.216064453125,9185.33984375,144.0,170.0,457.0,,,,,,287.852621355332,180.1875,,,,,,3.0,2.0999999046325684
8132849004,Pool Swimming,swim,2022-01-17 07:58:26,85.22200012207031,66.66000366210938,,,12.0,,,,,,1278.7723699393503,,,,,,16.5,,
8132848880,Pool Swimming,swim,2022-01-17 07:04:38,2008.779052734375,1866.47998046875,,,336.0,,,,,,1076.4262415955207,,,,,,15.300000190734863,,
8123593607,Tiltil Road Cycling,bike,2022-01-15 08:11:56,14729.1728515625,91111.75,,,1987.0,139.0,177.37090377247392,,,,161.6553541814827,,,,,,,,
8092940784,Pucón Road Cycling,bike,2022-01-09 08:58:03,9477.9189453125,90754.3203125,,,1734.0,184.0,189.3535807544993,,,,104.43864437807734,,,,,,,,
8089544880,Pucón Multisport,triathlon,2022-01-09 08:13:15,19054.204764842987,115166.4507446289,,172.0,2482.0,,,,,,165.4492661851145,,,,,,,3.700000047683716,1.399999976158142
8076513640,Pucón Open Water Swimming,swim,2022-01-07 11:17:23,572.89501953125,455.80999755859375,,,76.0,,,,,,1256.2814010146567,,,,,,,,
8076900099,Pucón Road Cycling,bike,2022-01-07 09:48:31,2577.72412109375,20726.359375,,,334.0,131.0,176.58021801602655,,,,124.36263579866218,,,,,,,,
8076897824,Pucón Road Cycling,bike,2022-01-07 09:03:49,2649.885986328125,21091.029296875,,,440.0,167.0,195.45272115785255,,,,125.64392336983134,,,,,,,,
8071059971,Pucón - 30 min de trote,run,2022-01-06 10:49:43,1770.08203125,5092.1201171875,157.0,166.0,372.0,,,,,,347.5842778987642,175.015625,,,,,,3.4000000953674316,0.0
8070632132,Pucón Open Water Swimming,swim,2022-01-06 09:42:08,1542.758056640625,1258.010009765625,,,209.0,,,,,,1226.9938686200999,,,,,,,,
8065355110,Pucón - Run en Pucon,run,2022-01-05 10:29:47,2370.697998046875,8347.0400390625,157.0,173.0,503.0,,,,,,284.0102317528865,182.515625,,,,,,3.9000000953674316,0.800000011920929
8065353435,Pucón Open Water Swimming,swim,2022-01-05 09:41:51,735.3480224609375,745.9199829101562,,,126.0,,,,,,986.1932373067684,,,,,,,,
8048464625,Colina - 30 min trote sua,run,2022-01-02 10:48:27,1758.905029296875,6308.27001953125,157.0,180.0,380.0,,,,,,278.8622447222463,181.3125,,,,,,3.5999999046325684,1.7000000476837158
8048505836,Colina Road Cycling,bike,2022-01-02 08:38:29,7596.95703125,64788.80859375,,,1027.0,136.0,174.43983412057247,,,,117.26078967097341,,,,,,,,
8041555377,Las Condes - Tradición 1° R,run,2022-01-01 08:07:57,2983.050048828125,10000.7802734375,146.0,168.0,583.0,,,,,,298.2403883641776,181.359375,,,,,,3.5,0.0
8036126877,Pool Swimming,swim,2021-12-31 07:03:19,1950.9100341796875,1866.47998046875,,,336.0,,,,,,1044.9320606714236,,,,,,15.399999618530273,,
8030966814,Zwift - Heimdall,bike,2021-12-30 06:57:20,4216.0,39474.921875,0.0,0.0,555.0,137.0,153.34652385414776,,,,106.80337594395985,,,,,,,,
8029406743,Vitacura - v. Hard /Vo2 Max,run,2021-12-29 19:35:45,2663.656982421875,8572.490234375,153.0,178.0,547.0,,,,,,310.7520261504734,179.359375,,,,,,3.700000047683716,2.0999999046325684
8025873415,Pool Swimming,swim,2021-12-29 07:00:29,1999.7039794921875,1733.1600341796875,,,309.0,,,,,,1153.4025590536294,,,,,,15.800000190734863,,
8020602946,Zwift - Hard / Threshold,bike,2021-12-28 07:01:04,2599.0,25053.279296875,0.0,0.0,379.0,152.0,172.86768254316652,,,,103.74520244134294,,,,,,,,
8019056381,Las Condes Running,run,2021-12-27 19:15:48,2592.241943359375,8909.990234375,149.0,177.0,507.0,,,,,,290.9514080465611,179.375,,,,,,3.299999952316284,2.0999999046325684
8015684222,Pool Swimming,swim,2021-12-27 07:02:06,2286.5,2333.10009765625,,,420.0,,,,,,980.3921751955851,,,,,,14.100000381469727,,
8011524665,Colina Road Cycling,bike,2021-12-26 09:29:17,471.4590148925781,4201.22021484375,,,68.0,145.0,165.35240637853173,,,,112.2208474633773,,,,,,,,
8011523870,Colina Road Cycling,bike,2021-12-26 09:08:41,1202.676025390625,13397.3095703125,,,286.0,239.0,242.46531655445776,,,,89.76660405575247,,,,,,,,
8011521837,Colina Road Cycling,bike,2021-12-26 08:15:26,2834.882080078125,22269.33984375,,,291.0,104.0,134.02833390210657,,,,127.30744717655037,,,,,,,,
8007559674,Pool Swimming,swim,2021-12-25 10:05:42,2000.4639892578125,1650.0,,,267.0,,,,,,1212.1212296358922,,,,,,24.399999618530273,,
8007343343,Las Condes - 1h30m de trote c,run,2021-12-25 08:29:42,4544.3427734375,15634.349609375,152.0,172.0,923.0,,,,,,290.69766958318195,178.59375,,,,,,4.300000190734863,0.10000000149011612
8002945360,Pool Swimming,swim,2021-12-24 07:02:08,1212.7110595703125,1166.550048828125,,,210.0,,,,,,1039.5010261044795,,,,,,14.800000190734863,,
7998654423,Running,run,2021-12-23 06:37:52,3662.282958984375,4972.52001953125,92.0,134.0,269.0,,,,,,736.3770033173188,19.78125,,,,,,0.699999988079071,0.0
7998654326,Las Condes - 2 x (4x800),run,2021-12-22 19:16:33,2929.48388671875,10111.16015625,156.0,180.0,605.0,,,,,,289.68714605424486,180.109375,,,,,,3.799999952316284,3.200000047683716
7994467969,Pool Swimming,swim,2021-12-22 06:59:26,2351.993896484375,2333.10009765625,,,423.0,,,,,,1008.0645326040417,,,,,,14.300000190734863,,
7989981651,Zwift - Hard / Threshold II,bike,2021-12-21 06:55:22,3017.695068359375,26017.1796875,0.0,0.0,439.0,152.0,171.15072943420543,,,,115.99582024948853,,,,,,,,
7988515696,Las Condes Running,run,2021-12-20 19:16:04,2945.47900390625,9022.2900390625,154.0,171.0,607.0,,,,,,326.4773136896556,175.90625,,,,,,3.700000047683716,0.20000000298023224
7985637311,Pool Swimming,swim,2021-12-20 07:03:18,2521.873046875,2333.10009765625,,,420.0,,,,,,1079.9136080236347,,,,,,16.0,,
7977491516,Colina Running,run,2021-12-18 10:13:25,3276.408935546875,12009.16015625,155.0,173.0,688.0,,,,,,272.8512988836156,180.28125,,,,,,4.199999809265137,0.699999988079071
7977507079,Colina Road Cycling,bike,2021-12-18 07:53:58,8385.0654296875,79176.03125,,,1330.0,160.0,185.45159267392793,,,,105.89855098663331,,,,,,,,
7971947058,Pool Swimming,swim,2021-12-17 06:59:36,2472.990966796875,2433.090087890625,,,451.0,,,,,,1016.2601345308294,,,,,,14.899999618530273,,
7967556769,Fuerza,str,2021-12-16 06:40:35,3820.614990234375,0.0,85.0,137.0,230.0,,,,,,,,,,,,,0.5,0.0
7966158263,Las Condes - 10 x 400 al 105%,run,2021-12-15 19:13:51,2053.179931640625,7113.31982421875,138.0,165.0,339.0,,,,,,288.6002957491377,175.8125,,,,,,2.4000000953674316,0.5
7963150255,Pool Swimming,swim,2021-12-15 07:00:48,2541.659912109375,2333.10009765625,,,420.0,,,,,,1089.3246391062057,,,,,,16.100000381469727,,
7961277339,Zwift - OLYMPIC 2,bike,2021-12-14 18:14:43,3896.44091796875,35561.44140625,0.0,0.0,579.0,156.0,181.1350704323419,,,,109.57702779877954,,,,,,,,
7958179170,Fuerza,str,2021-12-14 06:36:45,3588.260009765625,0.0,88.0,147.0,244.0,,,,,,,,,,,,,1.2000000476837158,0.699999988079071
7956695854,Las Condes - 3000/2000/1000,run,2021-12-13 19:18:08,2283.73193359375,8249.150390625,134.0,156.0,375.0,,,,,,276.8549288948929,181.625,,,,,,2.5,0.8999999761581421
7953676535,Pool Swimming,swim,2021-12-13 06:58:01,2511.93994140625,2333.10009765625,,,420.0,,,,,,1076.4262415955207,,,,,,15.300000190734863,,
7949664991,Lo Barnechea - Corrida en Los T,run,2021-12-12 08:23:38,4593.87109375,16880.0,155.0,172.0,934.0,,,,,,272.18290507650516,183.4375,,,,,,4.300000190734863,1.899999976158142
7945455032,Las Condes Road Cycling,bike,2021-12-11 07:31:51,13244.611328125,83038.8125,,,1830.0,139.0,182.24516541502192,,,,159.48963365901488,,,,,,,,
7939953584,Pool Swimming,swim,2021-12-10 07:05:32,2338.31689453125,2233.110107421875,,,404.0,,,,,,1047.120437147338,,,,,,15.100000381469727,,
7935471069,Fuerza,str,2021-12-09 06:34:56,3568.235107421875,0.0,85.0,137.0,214.0,,,,,,,,,,,,,0.6000000238418579,0.10000000149011612
7931621082,Vitacura Running,run,2021-12-08 09:01:36,2741.18505859375,8777.349609375,143.0,163.0,520.0,,,,,,312.30481898169353,175.265625,,,,,,3.4000000953674316,0.10000000149011612
7929701823,Zwift - Aer?bico Regenerativo,bike,2021-12-07 18:16:34,3311.0,26487.939453125,0.0,0.0,411.0,129.0,134.0857295382994,,,,125.01562582059776,,,,,,,,
7926242922,Fuerza,str,2021-12-07 06:41:40,3626.10791015625,0.0,95.0,148.0,283.0,,,,,,,,,,,,,1.7000000476837158,1.0
7921696355,Yoga,str,2021-12-06 07:15:47,1451.93896484375,0.0,74.0,89.0,62.0,,,,,,,,,,,,,0.10000000149011612,0.0
7918269341,Colina Road Cycling,bike,2021-12-05 07:49:57,10824.4033203125,58521.6015625,,,1061.0,165.0,184.46939117295332,,,,184.97964753919925,,,,,,,,
7918258402,Colina Multisport,triathlon,2021-12-05 07:13:26,12379.855761051178,74703.91045856476,,175.0,1893.0,,,,,,165.71897890027833,,,,,,,5.0,2.4000000953674316
7907896207,Pool Swimming,swim,2021-12-03 07:01:06,2498.10498046875,2499.75,,,455.0,,,,,,999.0009523642798,,,,,,13.800000190734863,,
7903230305,Fuerza,str,2021-12-02 07:11:29,2911.43701171875,0.0,86.0,148.0,189.0,,,,,,,,,,,,,1.2000000476837158,0.4000000059604645
7901655131,Las Condes Running,run,2021-12-01 20:11:10,162.58399963378906,409.3800048828125,131.0,140.0,27.0,,,,,,397.1406055169381,170.03125,,,,,,0.4000000059604645,0.0
7901655003,Las Condes - 5x1k,run,2021-12-01 19:17:48,2174.64404296875,7537.0400390625,150.0,173.0,419.0,,,,,,288.51701583591847,181.09375,,,,,,3.299999952316284,2.200000047683716
7898610729,Pool Swimming,swim,2021-12-01 07:01:39,2360.35888671875,2333.10009765625,,,422.0,,,,,,1012.1457739008749,,,,,,14.199999809265137,,
7897065594,Zwift - Aer?bico Regenerativo,bike,2021-11-30 18:48:42,3313.0,29817.359375,0.0,0.0,411.0,129.0,134.06997466127584,,,,111.11111111111111,,,,,,,,
7893687411,Fuerza,str,2021-11-30 06:29:23,3176.486083984375,0.0,98.0,150.0,261.0,,,,,,,,,,,,,1.7999999523162842,0.699999988079071
7892245809,Las Condes - Run Workout,run,2021-11-29 19:17:37,2586.169921875,9002.2900390625,153.0,170.0,519.0,,,,,,287.2737763120008,180.234375,,,,,,3.700000047683716,0.8999999761581421
7889218191,Pool Swimming,swim,2021-11-29 07:00:37,2036.592041015625,2066.4599609375,,,372.0,,,,,,985.2216887622752,,,,,,13.800000190734863,,
7886336285,Colina Road Cycling,bike,2021-11-28 08:41:25,11673.2158203125,93136.0390625,,,1620.0,143.0,187.26778199771906,,,,125.32898715701072,,,,,,,,
7880697694,Zwift - Nueva sesi?n de entrenamiento,bike,2021-11-27 08:49:16,8221.0,64872.76953125,0.0,0.0,1333.0,169.0,174.2614866456381,,,,126.72665392280906,,,,,,,,
7870864438,10 km de trote,run,2021-11-25 05:52:07,2639.97705078125,8087.83984375,149.0,165.0,527.0,,,,,,326.3707687606598,173.546875,,,,,,3.5999999046325684,0.699999988079071
7870863768,Fuerza,str,2021-11-25 05:19:06,1894.02099609375,0.0,84.0,160.0,116.0,,,,,,,,,,,,,1.2000000476837158,0.5
7869290411,Belo Horizonte - 14x400,run,2021-11-24 17:49:37,2347.843994140625,8520.6103515625,144.0,157.0,431.0,,,,,,275.5580088704327,180.171875,,,,,,3.200000047683716,0.0
7861147758,10 km de trote,run,2021-11-23 06:02:11,2542.8310546875,7528.60009765625,156.0,172.0,509.0,,,,,,337.7237458949087,160.5,,,,,,3.9000000953674316,0.5
7861017271,Fuerza,str,2021-11-23 05:22:35,2245.948974609375,0.0,92.0,144.0,166.0,,,,,,,,,,,,,0.8999999761581421,0.0
7856514675,Pool Swimming,swim,2021-11-22 07:10:43,985.7880249023438,1199.8800048828125,,,216.0,,,,,,816.3265147242932,,,,,,10.5,,
7856371785,Fartlek 10x(3x1),run,2021-11-22 06:22:06,1863.1190185546875,5218.1201171875,154.0,179.0,376.0,,,,,,357.0153365872659,161.625,,,,,,3.4000000953674316,2.200000047683716
7856284421,Fuerza,str,2021-11-22 05:58:19,1273.64599609375,0.0,96.0,152.0,108.0,,,,,,,,,,,,,1.2999999523162842,0.10000000149011612
7847111961,Colina Road Cycling,bike,2021-11-20 07:49:55,7230.6650390625,57156.6796875,,,1124.0,162.0,200.58398666036092,,,,126.5022104312182,,,,,,,,
7843220604,Pool Swimming,swim,2021-11-19 13:01:39,1723.6839599609375,1566.510009765625,,,282.0,,,,,,1100.1100358159008,,,,,,14.5,,
7841699782,Providencia Running,run,2021-11-19 06:38:42,4069.056884765625,14344.6796875,158.0,172.0,837.0,,,,,,283.68793558735035,179.953125,,,,,,4.300000190734863,1.399999976158142
7839923900,Zwift - 1 hr aer?bico,bike,2021-11-18 18:11:42,3609.0,33919.44140625,0.0,0.0,531.0,153.0,154.5664122460753,,,,106.40562089445885,,,,,,,,
7836739256,Fuerza,str,2021-11-18 06:15:06,2843.297119140625,0.0,87.0,154.0,183.0,,,,,,,,,,,,,1.100000023841858,0.4000000059604645
7835461293,"Las Condes - 1,2/5x1/3x300/2x",run,2021-11-17 19:15:46,2533.998046875,9189.7197265625,148.0,173.0,465.0,,,,,,275.70994602484853,180.03125,,,,,,3.200000047683716,2.299999952316284
7833360457,Pool Swimming,swim,2021-11-17 07:00:35,1545.31494140625,1466.52001953125,,,264.0,,,,,,1053.7407787092461,,,,,,15.399999618530273,,
7826649323,Fuerza,str,2021-11-16 06:42:05,3124.14794921875,0.0,90.0,146.0,208.0,,,,,,,,,,,,,1.0,0.0
7823987327,Pool Swimming,swim,2021-11-15 07:00:42,2297.7470703125,2133.1201171875,,,394.0,,,,,,1071.8113288813627,,,,,,14.300000190734863,,
7818440075,Casablanca Road Cycling,bike,2021-11-14 08:15:04,15204.8564453125,124882.859375,,,2746.0,181.0,210.4762913707326,,,,121.7581838270172,,,,,,,,
7796830892,Pool Swimming,swim,2021-11-10 06:57:38,1974.866943359375,2199.780029296875,,,360.0,,,,,,967.1179518230778,,,,,,13.399999618530273,,
7794699741,Zwift - Repeticiones Taper sub-umbral,bike,2021-11-09 18:50:27,3785.0,33050.171875,0.0,0.0,557.0,153.0,159.2420696256719,,,,114.53441829307042,,,,,,,,
7791089190,Fuerza,str,2021-11-09 06:38:09,3106.1201171875,0.0,91.0,152.0,211.0,,,,,,,,,,,,,1.5,0.0
7789452649,Las Condes - Umbral 3x2000,run,2021-11-08 19:16:30,3004.156005859375,10269.01953125,156.0,175.0,604.0,,,,,,292.5687551264703,178.46875,,,,,,3.700000047683716,2.0999999046325684
7786121580,Pool Swimming,swim,2021-11-08 06:59:03,2319.843994140625,2066.4599609375,,,372.0,,,,,,1098.9010672309587,,,,,,15.300000190734863,,
7777102355,Colina - 8k aeròbico,run,2021-11-06 11:50:54,2244.62109375,8001.5498046875,159.0,171.0,479.0,,,,,,280.5049043336271,179.21875,,,,,,3.9000000953674316,0.0
7777123525,Colina Road Cycling,bike,2021-11-06 08:39:00,11074.4248046875,98490.8125,,,1712.0,155.0,187.50433806267037,,,,112.43534899879745,,,,,,,,
7777100401,Colina Open Water Swimming,swim,2021-11-06 07:14:09,2137.327880859375,1692.75,,,375.0,,,,,,1262.6262694679344,,,,,,,,
7772047426,Pool Swimming,swim,2021-11-05 14:06:40,123.31600189208984,933.239990234375,,,12.0,,,,,,1104.9724106226677,,,,,,15.0,,
7772047242,Pool Swimming,swim,2021-11-05 13:00:52,1820.907958984375,2166.449951171875,,,318.0,,,,,,1010.1010003706325,,,,,,13.399999618530273,,
7770532542,Providencia Running,run,2021-11-05 06:46:07,4193.98779296875,14392.740234375,150.0,174.0,753.0,,,,,,291.375298014547,179.609375,,,,,,3.700000047683716,0.8999999761581421
7768490962,Zwift - Repeticiones rodillo/Tempo,bike,2021-11-04 17:49:35,4579.0,38587.19140625,0.0,0.0,654.0,149.0,158.22411299215761,,,,118.68028038886281,,,,,,,,
7765399583,Fuerza,str,2021-11-04 06:38:05,2979.787109375,0.0,86.0,146.0,185.0,,,,,,,,,,,,,0.699999988079071,0.30000001192092896
7763918428,Las Condes - Repeticiones umb,run,2021-11-03 19:16:44,2696.72802734375,10001.8095703125,154.0,175.0,547.0,,,,,,269.6144432929558,179.109375,,,,,,3.5999999046325684,2.5
7758605744,Zwift - Subida con plato grande,bike,2021-11-02 18:47:13,4504.64599609375,35075.5390625,0.0,0.0,639.0,152.0,171.53053291714184,,,,128.43565745012148,,,,,,,,
7755018638,Fuerza,str,2021-11-02 06:34:44,3095.113037109375,0.0,94.0,150.0,228.0,,,,,,,,,,,,,1.100000023841858,0.800000011920929
7751804281,Las Condes Road Cycling,bike,2021-11-01 07:35:00,15549.1064453125,96438.2734375,,,2447.0,158.0,197.0430635745184,,,,161.2383065530817,,,,,,,,
7739796336,Tiltil - 10 km de trote,run,2021-10-30 09:52:06,2743.5869140625,10003.1298828125,154.0,171.0,563.0,,,,,,274.2731829705046,181.0625,,,,,,3.9000000953674316,0.699999988079071
7739807718,Tiltil Road Cycling,bike,2021-10-30 07:46:36,7152.64111328125,68571.578125,,,1344.0,189.0,200.8038622959714,,,,104.3079181330226,,,,,,,,
7735808206,Pool Swimming,swim,2021-10-29 12:57:57,2515.3291015625,2533.080078125,,,460.0,,,,,,986.1932373067684,,,,,,14.0,,
7734126151,Providencia - 5 km (Z1- Regene,run,2021-10-29 06:48:17,3653.177001953125,12645.1298828125,153.0,171.0,723.0,,,,,,288.93383701813235,178.953125,,,,,,3.799999952316284,0.699999988079071
7728894506,Fuerza,str,2021-10-28 06:26:01,2771.79296875,0.0,89.0,138.0,182.0,,,,,,,,,,,,,0.5,0.10000000149011612
7727462898,Las Condes - 7 x 1.000 mts,run,2021-10-27 19:15:50,2192.680908203125,8202.0703125,148.0,171.0,410.0,,,,,,267.3082108594088,181.03125,,,,,,3.4000000953674316,2.4000000953674316
7723971085,Pool Swimming,swim,2021-10-27 06:54:53,1881.5799560546875,1833.1500244140625,,,330.0,,,,,,1026.694069300988,,,,,,15.0,,
7721786611,Zwift - Aer?bico Regenerativo,bike,2021-10-26 18:07:06,3039.0,26252.91015625,0.0,0.0,383.0,131.0,134.65976858181577,,,,115.76754501938096,,,,,,,,
7718390981,Fuerza,str,2021-10-26 06:38:31,3012.762939453125,0.0,96.0,144.0,229.0,,,,,,,,,,,,,0.800000011920929,0.10000000149011612
7713465071,Pool Swimming,swim,2021-10-25 06:57:50,2198.52099609375,2033.1300048828125,,,366.0,,,,,,1081.0810671486588,,,,,,15.300000190734863,,
7709410178,Vitacura Running,run,2021-10-24 09:05:09,5406.69287109375,20821.51953125,158.0,184.0,1063.0,,,,,,259.6728074978958,179.09375,,,,,,5.0,2.4000000953674316
7709405226,Vitacura Running,run,2021-10-24 08:29:25,462.4880065917969,1309.6300048828125,145.0,161.0,88.0,,,,,,353.107342492412,176.09375,,,,,,2.0,0.0
7704263832,Colina Road Cycling,bike,2021-10-23 08:44:24,9273.0771484375,78794.03125,,,1475.0,160.0,206.99442644904929,,,,117.68859956788911,,,,,,,,
7702521185,Colina Open Water Swimming,swim,2021-10-23 07:16:36,2001.52294921875,1470.7900390625,,,296.0,,,,,,1360.5441912071553,,,,,,,,
7697758467,Pool Swimming,swim,2021-10-22 06:59:53,1803.5260009765625,1666.5,,,300.0,,,,,,1082.2510532088843,,,,,,15.699999809265137,,
7695708669,Zwift - Tempo 3x15,bike,2021-10-21 17:53:17,5315.60595703125,46333.328125,0.0,0.0,738.0,145.0,158.86520103834968,,,,114.731533446222,,,,,,,,
7692678404,Fuerza,str,2021-10-21 06:43:41,3244.449951171875,0.0,93.0,147.0,235.0,,,,,,,,,,,,,1.0,0.4000000059604645
7691069316,Las Condes - Pirámide por ti,run,2021-10-20 19:10:47,4179.23486328125,15140.48046875,149.0,175.0,764.0,,,,,,276.01435986649875,179.578125,,,,,,3.200000047683716,2.299999952316284
7688759274,Pool Swimming,swim,2021-10-20 06:57:50,1977.0799560546875,1966.469970703125,,,353.0,,,,,,1005.0251208117254,,,,,,14.300000190734863,,
7685356592,Zwift - Torque 4x4,bike,2021-10-19 17:50:11,4567.0,43245.171875,0.0,0.0,685.0,156.0,165.9385682065999,,,,105.6077742637048,,,,,,,,
7681879381,Fuerza,str,2021-10-19 06:39:58,3160.97705078125,0.0,94.0,146.0,229.0,,,,,,,,,,,,,1.100000023841858,0.20000000298023224
7679782982,Las Condes Running,run,2021-10-18 18:16:17,2377.263916015625,8046.2099609375,156.0,171.0,491.0,,,,,,295.4209757215226,174.546875,,,,,,3.9000000953674316,0.20000000298023224
7676762826,Pool Swimming,swim,2021-10-18 06:58:01,2122.97900390625,1999.800048828125,,,359.0,,,,,,1053.7407787092461,,,,,,15.399999618530273,,
7667085492,Lo Barnechea Road Cycling,bike,2021-10-16 07:48:52,13523.7763671875,66212.8203125,,,1803.0,140.0,194.61408954666945,,,,204.24836983241354,,,,,,,,
7662461047,Providencia Running,run,2021-10-15 14:06:06,3340.740966796875,12094.16015625,152.0,168.0,654.0,,,,,,276.2431026556669,177.125,,,,,,3.700000047683716,1.899999976158142
7660431579,Pool Swimming,swim,2021-10-15 06:55:10,2405.416015625,2233.110107421875,,,419.0,,,,,,1077.586237903725,,,,,,15.800000190734863,,
7655293197,Fuerza,str,2021-10-14 07:19:07,2997.06005859375,0.0,90.0,155.0,200.0,,,,,,,,,,,,,1.7000000476837158,0.4000000059604645
7653518184,Las Condes - 10 x 400 + 2km,run,2021-10-13 19:01:00,2404.2529296875,8635.5595703125,144.0,165.0,412.0,,,,,,278.39643593429946,174.890625,,,,,,3.0999999046325684,1.399999976158142
7649941626,Pool Swimming,swim,2021-10-13 07:01:15,1985.60595703125,1933.1400146484375,,,348.0,,,,,,1019.3679854037279,,,,,,15.699999809265137,,
7647792471,Zwift - KRATOS,bike,2021-10-12 18:03:51,3402.0,25556.849609375,0.0,0.0,491.0,151.0,175.17997487152505,,,,133.12033930086483,,,,,,,,
7644381137,Fuerza,str,2021-10-12 06:41:23,3178.635986328125,0.0,81.0,131.0,163.0,,,,,,,,,,,,,0.20000000298023224,0.0
7640676524,Puente Alto Road Cycling,bike,2021-10-11 12:57:41,15224.705078125,98449.0703125,,,2273.0,152.0,199.75972241725717,,,,154.6551171683867,,,,,,,,
7629416449,Colina - 10 km de trote,run,2021-10-09 10:40:44,2751.0400390625,10000.76953125,155.0,169.0,557.0,,,,,,275.10316440813983,179.4375,,,,,,4.099999904632568,0.8999999761581421
7629458859,Colina Road Cycling,bike,2021-10-09 08:06:56,8631.2197265625,80000.4609375,,,2447.0,,,,,,107.88650277680863,,,,,,,,
7625211620,Providencia Running,run,2021-10-08 13:58:44,3746.885986328125,11969.150390625,154.0,169.0,742.0,,,,,,313.0870376357237,170.8125,,,,,,4.199999809265137,0.8999999761581421
7622456813,Pool Swimming,swim,2021-10-08 07:35:28,835.9910278320312,799.9199829101562,,,144.0,,,,,,1044.9320606714236,,,,,,15.800000190734863,,
7622456492,Pool Swimming,swim,2021-10-08 07:04:08,947.5850219726562,600.0,,,96.0,,,,,,1579.7787905022026,,,,,,15.800000190734863,,
7620427654,Zwift - Nueva sesi?n de entrenamiento,bike,2021-10-07 18:36:28,3628.0,31748.4296875,0.0,0.0,456.0,131.0,138.53420133224617,,,,114.28571428571429,,,,,,,,
7617000135,Fuerza,str,2021-10-07 06:45:44,3324.756103515625,0.0,93.0,158.0,241.0,,,,,,,,,,,,,2.0,1.100000023841858
7615364096,Las Condes Running,run,2021-10-06 19:14:21,2500.841064453125,9081.240234375,144.0,166.0,430.0,,,,,,275.4062209979331,173.953125,,,,,,3.0,2.299999952316284
7611586282,Zwift - TIF?N,bike,2021-10-06 06:55:34,3284.43994140625,29450.330078125,0.0,0.0,513.0,164.0,185.9547724678242,,,,111.53246087978002,,,,,,,,
7609349455,Zwift - HELIOS,bike,2021-10-05 18:06:12,3609.0,34169.62890625,139.0,165.0,554.0,160.0,174.25665327358809,,,,105.63008336263931,,,,,,,,
7605885215,Fuerza,str,2021-10-05 06:41:22,3005.263916015625,0.0,91.0,139.0,211.0,,,,,,,,,,,,,0.699999988079071,0.30000001192092896
7600650788,Zwift - RODILLO AEROBICO 2,bike,2021-10-04 07:12:07,3610.0,26201.630859375,127.0,149.0,427.0,123.0,126.91215086924942,,,,137.77900443521634,,,,,,,,
7595480408,Fuerza,str,2021-10-03 07:34:42,3407.638916015625,0.0,86.0,140.0,205.0,,,,,,,,,,,,,1.0,0.20000000298023224
7589536800,Zwift - London,bike,2021-10-02 07:21:11,3621.0,30595.83984375,0.0,0.0,465.0,134.0,144.88692570127913,,,,118.35719701258063,,,,,,,,
7562360414,Pool Swimming,swim,2021-09-27 06:11:40,2971.39501953125,2525.0,,,439.0,,,,,,1176.4705552361838,,,,,,11.100000381469727,,
7551567125,Pool Swimming,swim,2021-09-25 10:26:33,2929.053955078125,2525.0,,,404.0,,,,,,1158.7485842169795,,,,,,11.5,,
7550307374,Belo Horizonte - 10 km (Z1- Regen,run,2021-09-25 07:18:08,3193.304931640625,11436.1796875,154.0,177.0,638.0,,,,,,279.25159870605495,183.109375,,,,,,4.300000190734863,1.399999976158142
7547114808,Pool Swimming,swim,2021-09-24 14:36:21,2010.217041015625,1850.0,,,296.0,,,,,,1086.956502021148,,,,,,10.800000190734863,,
7540477464,Pool Swimming,swim,2021-09-23 06:14:28,2413.614990234375,1825.0,,,323.0,,,,,,1197.604821194984,,,,,,11.600000381469727,,
7537344044,Belo Horizonte Running,run,2021-09-22 19:10:00,3517.625,12018.7099609375,155.0,169.0,691.0,,,,,,292.6543704455301,179.125,,,,,,4.099999904632568,0.30000001192092896
7533278974,Pool Swimming,swim,2021-09-22 06:10:55,1245.0999755859375,1175.0,,,195.0,,,,,,1028.8065813339103,,,,,,9.899999618530273,,
7524759771,Sao Paulo - Fartlek 4(2x1) +,run,2021-09-20 16:14:58,2662.592041015625,8734.58984375,150.0,186.0,505.0,,,,,,304.8780514398265,176.078125,,,,,,3.9000000953674316,2.5
7521592166,Fuerza,str,2021-09-20 06:16:10,2073.047119140625,0.0,92.0,153.0,159.0,,,,,,,,,,,,,1.399999976158142,1.0
7629447692,Hurricane Road Cycling,bike,2021-09-18 09:54:46,19264.474609375,88292.21875,,,1436.0,133.0,147.48544508309524,,,,218.19767838682344,,,,,,,,
7510609672,Providencia - 10 km (Z1- Regen,run,2021-09-18 09:07:36,3705.718994140625,12294.8203125,155.0,173.0,728.0,,,,,,301.3863702324279,176.734375,,,,,,4.099999904632568,1.100000023841858
7625112864,Hurricane Road Cycling,bike,2021-09-16 12:41:56,2137.343017578125,16105.3798828125,,,215.0,102.0,122.82877642616576,,,,132.71400401467153,,,,,,,,
7499753997,Las Condes - 12 km (Z1- Regen,run,2021-09-16 09:48:09,3408.780029296875,12009.400390625,148.0,174.0,638.0,,,,,,283.8489921824017,178.8125,,,,,,3.799999952316284,1.2999999523162842
7495117013,Valdivia Running,run,2021-09-15 10:34:58,2508.928955078125,8418.1396484375,152.0,170.0,490.0,,,,,,298.06259145004685,177.796875,,,,,,3.799999952316284,0.0
7490480942,Valdivia Running,run,2021-09-14 14:25:30,1863.373046875,6418.9501953125,151.0,175.0,361.0,,,,,,290.2757675988383,181.09375,,,,,,3.5,0.8999999761581421
7464308260,Las Condes Other,other,2021-09-10 14:43:57,3042.6201171875,10244.990234375,155.0,175.0,609.0,,,,,,297.000287915032,173.90625,,,,,,5.0,
7459534490,Zwift - SS   FTP 2.0 - Olympic Team-,bike,2021-09-09 17:42:38,3910.0,34010.48828125,0.0,0.0,607.0,162.0,190.35887176374825,,,,114.96895898630275,,,,,,,,
7455973455,Other,other,2021-09-09 07:01:05,2787.22509765625,0.0,90.0,157.0,177.0,,,,,,,126.59375,,,,,,2.0,
7459262647,Las Condes - 10x400 pausa 1 m,run,2021-09-08 19:15:33,1227.4730224609375,4177.97021484375,143.0,166.0,219.0,,,,,,293.7720291164834,176.46875,,,,,,2.799999952316284,0.699999988079071
7447340244,Zwift - SS   FTP - Olympic Team-,bike,2021-09-07 18:00:09,4803.0,17577.5703125,0.0,0.0,725.0,158.0,172.24964078356012,,,,273.2987214795271,,,,,,,,
7443316149,Fuerza,str,2021-09-07 06:50:08,3166.779052734375,0.0,74.0,114.0,128.0,,,,,,,,,,,,,0.20000000298023224,0.0
7441237200,Las Condes - 3000 + 2000 paus,run,2021-09-06 19:17:30,2442.965087890625,8389.26953125,148.0,163.0,448.0,,,,,,291.2055898533941,178.390625,,,,,,3.200000047683716,0.800000011920929
7427489978,Colina - 12 km trote,run,2021-09-04 10:35:07,3311.40087890625,12153.3095703125,157.0,173.0,656.0,,,,,,272.4795583682451,179.890625,,,,,,4.599999904632568,1.7000000476837158
7427581488,Colina Road Cycling,bike,2021-09-04 08:31:54,13192.849609375,45828.96875,,,1210.0,167.0,215.13753921103694,,,,287.852621355332,,,,,,,,
7421520771,Providencia Running,run,2021-09-03 14:04:06,3597.05908203125,12068.2197265625,154.0,187.0,685.0,,,,,,298.06259145004685,176.28125,,,,,,4.099999904632568,3.200000047683716
7416619495,Zwift - Nueva sesi?n de entrenamiento,bike,2021-09-02 17:24:22,3968.0,37105.4296875,0.0,0.0,614.0,161.0,167.22359451357448,,,,106.94043609770047,,,,,,,,
7413101385,Las Condes Other,other,2021-09-02 06:49:55,2528.714111328125,1508.260009765625,,,11.0,,,,,,1677.8523046945356,125.953125,,,,,,,
7411112500,Las Condes Running,run,2021-09-01 20:04:51,1093.5159912109375,4529.72998046875,,,285.0,,,,,,241.42924966418786,187.53125,,,,,,,
7411112088,Las Condes Running,run,2021-09-01 19:12:48,1824.6409912109375,6388.5,,,405.0,,,,,,285.6326822914716,179.578125,,,,,,,
7404746519,Zwift - Vo2 max Prot. rec,bike,2021-08-31 18:07:23,3301.0,31241.810546875,0.0,0.0,493.0,156.0,186.3127816178329,,,,105.66357001298807,,,,,,,,
7400963722,Las Condes Other,other,2021-08-31 06:43:33,2531.72802734375,699.4000244140625,,,5.0,,,,,,3623.188496562421,119.96875,,,,,,,
7400712189,Las Condes Running,run,2021-08-30 19:08:46,2852.68701171875,9839.76953125,93.0,184.0,183.0,,,,,,289.93912272743677,177.421875,,,,,,2.0999999046325684,
7390398213,Colina Road Cycling,bike,2021-08-28 08:33:22,15335.8759765625,117566.5078125,,,2011.0,133.0,177.14667409395594,,,,130.44612763250223,,,,,,,,
7376105761,Zwift - Aerobico   Activaciones,bike,2021-08-26 18:08:41,3301.0,12262.6298828125,0.0,0.0,439.0,139.0,142.08017714726196,,,,269.2514818510757,,,,,,,,
7364316808,Zwift - Aerobico Regenerativo,bike,2021-08-24 17:35:43,3911.0,31186.720703125,0.0,0.0,483.0,129.0,132.9227114472478,,,,125.40757497747073,,,,,,,,
7360857792,Las Condes Other,other,2021-08-24 06:50:29,2819.1689453125,19.6299991607666,88.0,152.0,180.0,,,,,,142857.1384476157,126.765625,,,,,,1.600000023841858,
7344284227,Colina Running,run,2021-08-21 10:08:57,1354.2960205078125,5004.8798828125,177.0,187.0,331.0,,,,,,270.5627633022211,181.625,,,,,,4.400000095367432,
7344034208,Colina Road Cycling,bike,2021-08-21 09:29:04,1207.802978515625,13796.2099609375,,,292.0,242.0,248.95366655600623,,,,87.54267448240441,,,,,,,,
7344032077,Colina Road Cycling,bike,2021-08-21 08:43:53,2687.4609375,14777.2998046875,,,230.0,103.0,147.46404581882692,,,,181.85124328415324,,,,,,,,
7339973355,Providencia Running,run,2021-08-20 14:47:27,3805.927001953125,12473.08984375,148.0,172.0,688.0,,,,,,305.1571605532708,175.640625,,,,,,3.9000000953674316,
7335202465,Zwift - FTP #2,bike,2021-08-19 18:32:09,3917.0,36255.890625,0.0,0.0,584.0,156.0,176.62311232277102,,,,108.03803446230478,,,,,,,,
7323223914,Zwift - SS   FTP #2,bike,2021-08-17 17:49:11,3904.0,34053.140625,0.0,0.0,615.0,165.0,178.88310092438576,,,,114.65260100943834,,,,,,,,
7317537050,Las Condes Running,run,2021-08-16 19:14:31,2807.904052734375,9226.6103515625,140.0,168.0,483.0,,,,,,304.32136212321103,177.609375,,,,,,3.4000000953674316,
7305110782,Tiltil Road Cycling,bike,2021-08-14 08:44:30,15675.6318359375,95982.921875,,,2184.0,141.0,187.78491144887997,,,,163.31863078973979,,,,,,,,
7288925874,Las Condes Running,run,2021-08-11 19:09:30,3452.89111328125,12375.419921875,158.0,188.0,707.0,,,,,,279.0178485304994,180.5,,,,,,4.900000095367432,
7282341123,Zwift - Nueva sesi?n de entrenamiento,bike,2021-08-10 17:32:16,3960.0,15422.8203125,0.0,0.0,610.0,161.0,167.51626690036713,,,,256.80533802904864,,,,,,,,
7276351088,Las Condes Running,run,2021-08-09 19:48:31,1517.1510009765625,6105.31982421875,113.0,131.0,181.0,,,,,,248.5089359564116,182.265625,,,,,,1.7000000476837158,
7276350499,Las Condes Running,run,2021-08-09 19:17:12,866.0180053710938,2586.080078125,115.0,129.0,111.0,,,,,,334.8961753380977,175.453125,,,,,,1.5,
7262764462,Lampa Road Cycling,bike,2021-08-07 08:52:07,10635.04296875,99689.28125,,,1754.0,166.0,192.30927005057873,,,,106.67805025987983,,,,,,,,
7249830474,Fuerza,str,2021-08-05 06:52:09,2556.76904296875,0.0,67.0,106.0,85.0,,,,,,,,,,,,,0.10000000149011612,0.0
7247833623,Las Condes - Run 1 semana de,run,2021-08-04 19:05:08,3153.8359375,9917.3203125,155.0,183.0,624.0,,,,,,317.9650257757398,174.703125,,,,,,3.5999999046325684,2.4000000953674316
7244188682,Pool Swimming,swim,2021-08-04 07:00:07,2676.533935546875,2299.77001953125,,,414.0,,,,,,1164.144317065059,,,,,,17.100000381469727,,
7237919653,Fuerza,str,2021-08-03 06:59:26,2732.44189453125,0.0,94.0,146.0,206.0,,,,,,,,,,,,,1.0,0.10000000149011612
7232242648,Pool Swimming,swim,2021-08-02 07:00:31,2181.260009765625,1933.1400146484375,,,349.0,,,,,,1122.334489904304,,,,,,16.299999237060547,,
7227771315,Vitacura Running,run,2021-08-01 08:46:26,4001.81298828125,15007.98046875,156.0,177.0,795.0,,,,,,266.6666666666667,183.4375,,,,,,5.0,
7222895820,Colina Running,run,2021-07-31 11:16:47,4288.4990234375,15004.9404296875,164.0,184.0,923.0,,,,,,285.7959357775723,181.8125,,,,,,5.0,
7223013533,Colina Road Cycling,bike,2021-07-31 08:40:20,8871.345703125,74437.1796875,,,1211.0,139.0,191.3045789299389,,,,119.1753098020924,,,,,,,,
7212761782,Zwift - Potencia 30'',bike,2021-07-29 18:04:56,4021.0,12863.6201171875,0.0,0.0,476.0,124.0,136.6438922835781,,,,312.59769833273936,,,,,,,,
7209297137,Las Condes Other,other,2021-07-29 07:08:29,2377.10205078125,1278.8499755859375,85.0,112.0,138.0,,,,,,1858.7361023125939,116.84375,,,,,,1.100000023841858,
7207303319,Las Condes Running,run,2021-07-28 19:11:47,3229.5791015625,11508.5595703125,146.0,189.0,587.0,,,,,,280.6623660317425,180.640625,,,,,,5.0,
7201315078,Zwift - Endurance #4,bike,2021-07-27 18:52:57,3918.6630859375,32470.7890625,0.0,0.0,545.0,145.0,157.68745836001378,,,,120.68548993664155,,,,,,,,
7197666661,Las Condes Other,other,2021-07-27 06:58:15,2927.1669921875,521.8200073242188,93.0,146.0,217.0,,,,,,5617.977430266334,123.90625,,,,,,1.2999999523162842,
7182893730,Tiltil Running,run,2021-07-24 12:03:28,1271.1280517578125,5002.1298828125,160.0,177.0,263.0,,,,,,254.1296097945141,186.171875,,,,,,3.299999952316284,
7182925892,Tiltil Road Cycling,bike,2021-07-24 08:42:50,11964.0185546875,84153.9765625,,,1430.0,131.0,187.43278058481096,,,,142.1666208968972,,,,,,,,
7172540465,Zwift - Nueva sesi?n de entrenamiento,bike,2021-07-22 17:29:37,3922.0,37040.75,0.0,0.0,603.0,160.0,166.059102601519,,,,105.88733313729355,,,,,,,,
7169305026,Fuerza,str,2021-07-22 06:59:03,2709.652099609375,0.0,84.0,155.0,154.0,,,,,,,,,,,,,1.0,1.100000023841858
7167067539,Las Condes - 8 x 800 con 2 mi,run,2021-07-21 19:14:29,2418.278076171875,9020.8701171875,144.0,173.0,418.0,,,,,,268.09651337438737,179.96875,,,,,,3.0999999046325684,2.200000047683716
7160868190,Zwift - Nueva sesi?n de entrenamiento,bike,2021-07-20 17:55:39,3960.0,15581.490234375,0.0,0.0,619.0,163.0,167.97921400980616,,,,254.19420338619832,,,,,,,,
7157355046,Fuerza,str,2021-07-20 07:01:14,3610.16796875,0.0,80.0,141.0,185.0,,,,,,,,,,,,,0.8999999761581421,0.10000000149011612
7155110389,Las Condes - 5 x 1.600 con 3,run,2021-07-19 19:18:38,3043.909912109375,10964.7998046875,152.0,177.0,565.0,,,,,,277.6235426234106,180.359375,,,,,,3.5999999046325684,2.799999952316284
7141949928,Colina Running,run,2021-07-17 11:32:44,1702.4110107421875,6010.8701171875,155.0,171.0,336.0,,,,,,283.2058987904662,180.171875,,,,,,3.4000000953674316,
7142153327,Colina Road Cycling,bike,2021-07-17 08:37:08,10081.8759765625,88587.3671875,,,1482.0,148.0,189.59671913030556,,,,113.80448775032595,,,,,,,,
7136176943,Colina Road Cycling,bike,2021-07-16 08:38:08,10011.7939453125,77006.921875,,,1596.0,161.0,201.83607324321383,,,,130.00520169089978,,,,,,,,
7129156841,Fuerza,str,2021-07-15 06:44:25,3478.485107421875,0.0,87.0,143.0,208.0,,,,,,,,,,,,,0.699999988079071,0.20000000298023224
7127141614,Las Condes Running,run,2021-07-14 19:10:45,2626.458984375,9235.150390625,150.0,166.0,479.0,,,,,,284.414104316807,177.8125,,,,,,3.4000000953674316,2.200000047683716
7123887188,Pool Swimming,swim,2021-07-14 07:01:20,2074.298095703125,1799.8199462890625,,,332.0,,,,,,1108.6474378031817,,,,,,16.0,,
7121169409,Tower Hamlets Virtual Cycling,bike,2021-07-13 17:17:45,4025.0,34523.98046875,0.0,0.0,651.0,169.0,178.7949963423311,,,,116.5908871562069,,,,,,,,
7109747380,Colina Road Cycling,bike,2021-07-11 08:43:42,12595.923828125,111569.3984375,,,1544.0,123.0,156.7562861858605,,,,112.89230327317655,,,,,,,,
7102414430,Colina Running,run,2021-07-10 11:17:40,1324.491943359375,5004.27978515625,165.0,178.0,281.0,,,,,,264.6903041830974,184.859375,,,,,,3.5,
7102857124,Colina Road Cycling,bike,2021-07-10 08:40:14,8975.5439453125,75952.9609375,,,1280.0,144.0,186.64237499476351,,,,118.17537374409025,,,,,,,,
7095418545,Pool Swimming,swim,2021-07-09 07:00:13,2637.93994140625,2466.419921875,,,444.0,,,,,,1067.235885737448,,,,,,15.5,,
7093281563,Zwift - Fun is Flying Uphill | 7/7-7/13,bike,2021-07-08 18:12:43,4134.0,15593.8603515625,0.0,0.0,626.0,158.0,168.79300484102112,,,,265.1113415374522,,,,,,,,
7090136813,Fuerza,str,2021-07-08 07:04:42,2927.550048828125,0.0,88.0,122.0,130.0,,,,,,,,,,,,,0.20000000298023224,0.0
7088024289,Las Condes Running,run,2021-07-07 19:10:41,2080.301025390625,6389.56005859375,148.0,169.0,379.0,,,,,,325.6268211343662,174.390625,,,,,,3.299999952316284,0.6000000238418579
7078429165,Indoor Cycling,bike,2021-07-06 06:04:05,1699.27099609375,0.0,91.0,117.0,120.0,,,,,,,,,,,,,1.100000023841858,
7076718870,Las Condes Running,run,2021-07-05 19:12:39,2462.555908203125,9052.349609375,114.0,155.0,271.0,,,,,,272.03481170575515,180.40625,,,,,,1.7999999523162842,
7072889995,Fuerza,str,2021-07-05 06:15:51,2977.611083984375,0.0,96.0,152.0,231.0,,,,,,,,,,,,,1.399999976158142,0.8999999761581421
7068491430,Las Condes Running,run,2021-07-04 09:01:53,2355.31494140625,8007.5,140.0,151.0,402.0,,,,,,294.11763880904596,172.921875,,,,,,3.0999999046325684,
7063660336,Lampa Road Cycling,bike,2021-07-03 08:35:12,11309.16015625,100157.15625,,,1569.0,140.0,180.68725084691275,,,,112.91779652557148,,,,,,,,
7056599237,Las Condes Running,run,2021-07-02 07:26:35,1710.010986328125,5736.18994140625,150.0,169.0,316.0,,,,,,298.15145280364317,176.65625,,,,,,3.200000047683716,0.20000000298023224
7056306442,Fuerza,str,2021-07-02 06:20:36,2085.264892578125,0.0,90.0,150.0,143.0,,,,,,,,,,,,,0.8999999761581421,0.30000001192092896
7051137307,Zwift - FTP #3,bike,2021-07-01 06:06:22,5406.0,33700.87109375,0.0,0.0,904.0,175.0,193.25148404306196,,,,160.43639207842867,,,,,,,,
7045877928,Las Condes Other,other,2021-06-30 07:04:32,3473.222900390625,781.6799926757812,90.0,161.0,224.0,,,,,,4444.444562182018,127.78125,,,,,,2.0,
7043439845,Las Condes Running,run,2021-06-29 18:06:22,1553.9449462890625,5007.509765625,145.0,153.0,278.0,,,,,,310.36624336144456,171.640625,,,,,,3.0999999046325684,
7040388766,Zwift - FRC Intermedio ,bike,2021-06-29 06:41:20,4973.1640625,45229.30078125,0.0,0.0,654.0,138.0,161.52421656833522,,,,109.96261437223082,,,,,,,,
7035634411,Las Condes Running,run,2021-06-28 10:01:43,2235.075927734375,7236.97021484375,184.0,197.0,543.0,,,,,,308.8326207283091,172.625,,,,,,5.0,
7035400315,Zwift - Rodillo   transici?n,bike,2021-06-28 08:49:56,3475.0,32359.91015625,0.0,0.0,554.0,166.0,180.8204893210639,,,,107.38831298377566,,,,,,,,
7030008533,Las Condes Running,run,2021-06-27 08:11:29,4274.30615234375,14667.7099609375,162.0,181.0,859.0,,,,,,291.375298014547,175.75,,,,,,5.0,
7024166774,Zwift - C Bustos [OLYMPIC]'s Meetup - Queen's Highway,bike,2021-06-26 07:59:56,7210.0,57812.171875,145.0,186.0,987.0,143.0,187.79271107729872,,,,124.71938685090257,,,,,,,,
7017734186,Fuerza,str,2021-06-25 06:09:02,2648.9541015625,0.0,91.0,128.0,170.0,,,,,,,,,,,,,0.5,0.0
7012385019,Zwift - Nueva sesi?n de entrenamiento,bike,2021-06-24 06:06:32,3606.0,32819.62890625,0.0,0.0,563.0,163.0,170.50224981563832,,,,109.87803740717105,,,,,,,,
7006966713,Las Condes Running,run,2021-06-23 07:02:53,2465.62109375,8076.14013671875,160.0,191.0,499.0,,,,,,305.34350255883186,175.3125,,,,,,5.0,
7006618711,Fuerza,str,2021-06-23 05:54:31,2453.429931640625,0.0,93.0,143.0,175.0,,,,,,,,,,,,,0.8999999761581421,0.4000000059604645
7001226071,Zwift - Nueva sesi?n de entrenamiento,bike,2021-06-22 06:18:43,5258.0,31403.150390625,0.0,0.0,791.0,157.0,172.87260356784122,,,,167.44808766904885,,,,,,,,
6996008445,Las Condes Running,run,2021-06-21 07:55:13,2718.59912109375,10008.3095703125,161.0,183.0,552.0,,,,,,271.66530876242365,182.640625,,,,,,5.0,
6990732241,Las Condes Running,run,2021-06-20 01:10:00,1604.3690185546875,6088.39990234375,155.0,172.0,300.0,,,,,,263.5046060332527,177.125,,,,,,3.799999952316284,
6985087472,Las Condes Road Cycling,bike,2021-06-19 06:06:20,9185.9560546875,38800.51953125,,,747.0,90.0,166.32391667613626,,,,236.7424255252377,,,,,,,,
6979355270,Las Condes Running,run,2021-06-18 07:29:22,1621.1719970703125,5488.64990234375,148.0,163.0,318.0,,,,,,295.33373426523593,173.203125,,,,,,3.200000047683716,0.0
6979072412,Fuerza,str,2021-06-18 06:12:07,2509.4580078125,0.0,85.0,113.0,151.0,,,,,,,,,,,,,0.20000000298023224,0.0
6977105933,Fuerza,str,2021-06-17 18:22:29,2292.44189453125,0.0,90.0,141.0,160.0,,,,,,,,,,,,,0.800000011920929,0.20000000298023224
6973667970,Zwift - Nueva sesi?n de entrenamiento,bike,2021-06-17 06:01:01,3914.0,36840.1796875,0.0,0.0,597.0,159.0,163.98178101248075,,,,106.24734717525651,,,,,,,,
6967771543,Fuerza,str,2021-06-16 06:00:54,2569.5419921875,0.0,84.0,121.0,150.0,,,,,,,,,,,,,0.20000000298023224,0.0
6965629508,Fuerza,str,2021-06-15 18:23:01,2177.615966796875,0.0,72.0,117.0,90.0,,,,,,,,,,,,,0.20000000298023224,0.0
6961834387,Zwift - C?RIX,bike,2021-06-15 06:09:56,3903.0,14766.650390625,0.0,0.0,574.0,153.0,160.86528182807143,,,,264.3404710591482,,,,,,,,
6955955911,Fuerza,str,2021-06-14 05:59:27,2863.757080078125,0.0,81.0,135.0,154.0,,,,,,,,,,,,,0.699999988079071,0.0
6951083175,Las Condes Running,run,2021-06-13 07:38:59,4494.37109375,16009.9599609375,164.0,187.0,981.0,,,,,,280.74115379731785,177.40625,,,,,,5.0,3.5999999046325684
6945463710,Las Condes Road Cycling,bike,2021-06-12 06:24:18,12498.0576171875,64115.71875,,,1277.0,104.0,148.31069716039215,,,,194.93176953057102,,,,,,,,
6920756344,Zwift - Leg Speed -Olympic Team-,bike,2021-06-08 06:00:03,3530.7099609375,12653.349609375,0.0,0.0,472.0,140.0,145.67729719936764,,,,279.0957341439166,,,,,,,,
6918729069,Las Condes Running,run,2021-06-07 19:02:06,2693.241943359375,8875.01953125,149.0,164.0,530.0,,,,,,303.4901295434114,169.9375,,,,,,3.799999952316284,0.4000000059604645
6915353942,Pool Swimming,swim,2021-06-07 07:05:01,1990.68505859375,1866.47998046875,,,358.0,,,,,,1036.2694582147649,,,,,,13.899999618530273,,
6904313508,Las Condes Road Cycling,bike,2021-06-05 06:17:36,11883.3623046875,68951.7890625,,,1487.0,129.0,194.6736778323232,,,,172.35435920548838,,,,,,,,
6897642201,Pool Swimming,swim,2021-06-04 06:59:58,2065.820068359375,1999.800048828125,,,361.0,,,,,,1025.6410005608338,,,,,,15.100000381469727,,
6891757199,Zwift - VO2 Especifico II,bike,2021-06-03 06:16:14,5227.0,46402.87890625,0.0,0.0,758.0,151.0,164.16238751290265,,,,112.65067211103661,,,,,,,,
6885991696,Pool Swimming,swim,2021-06-02 06:59:19,2071.98193359375,1999.800048828125,,,360.0,,,,,,1036.2694582147649,,,,,,14.5,,
6883080838,Fuerza,str,2021-06-01 18:09:03,2635.4208984375,0.0,89.0,152.0,187.0,,,,,,,,,,,,,1.399999976158142,0.8999999761581421
6879375805,Zwift - En su punto,bike,2021-06-01 06:06:46,6203.0,31504.1796875,0.0,0.0,794.0,134.0,144.46998367545746,,,,196.9279217168241,,,,,,,,
6873241966,Las Condes Running,run,2021-05-31 06:17:04,2608.720947265625,8716.75,145.0,162.0,488.0,,,,,,299.31157618154924,175.828125,,,,,,3.200000047683716,1.899999976158142
6862462143,Las Condes Road Cycling,bike,2021-05-29 06:08:13,12608.5947265625,74888.59375,,,1737.0,138.0,194.39118405560546,,,,168.3785112243402,,,,,,,,
6856136353,Pool Swimming,swim,2021-05-28 06:59:35,2218.760986328125,2133.1201171875,,,384.0,,,,,,1040.5826989615084,,,,,,14.399999618530273,,
6850302427,Zwift - VO2 Especifico I,bike,2021-05-27 06:09:51,4394.0,43369.6796875,0.0,0.0,634.0,150.0,169.43266813431256,,,,101.31712376847261,,,,,,,,
6845153785,Pool Swimming,swim,2021-05-26 07:27:41,1083.3609619140625,933.239990234375,,,167.0,,,,,,1066.0980544675872,,,,,,15.699999809265137,,
6845153233,Pool Swimming,swim,2021-05-26 07:01:00,1069.123046875,1133.219970703125,,,180.0,,,,,,1067.235885737448,,,,,,14.899999618530273,,
6838842520,Fuerza,str,2021-05-25 06:02:27,2590.550048828125,0.0,77.0,143.0,130.0,,,,,,,,,,,,,0.699999988079071,0.10000000149011612
6837108425,Las Condes Running,run,2021-05-24 19:01:33,2444.318115234375,9042.259765625,151.0,173.0,486.0,,,,,,270.34334467954,177.921875,,,,,,3.5999999046325684,2.5
6833838235,Pool Swimming,swim,2021-05-24 07:02:12,2253.43994140625,2099.7900390625,,,375.0,,,,,,1072.9613947998785,,,,,,14.800000190734863,,
6822908873,Las Condes Road Cycling,bike,2021-05-22 05:45:09,12444.7119140625,76723.9375,,,1665.0,141.0,196.29209275785638,,,,162.20600262573686,,,,,,,,
6817037132,Zwift - TEAM G7 and Mysenlan Friday Indoor Race (B),bike,2021-05-21 08:01:22,3862.927001953125,41305.7890625,0.0,0.0,812.0,197.0,215.13458690369347,,,,93.52786790201915,,,,,,,,
6814534635,Fuerza,str,2021-05-20 17:59:05,2163.89404296875,0.0,78.0,138.0,114.0,,,,,,,,,,,,,0.30000001192092896,0.0
6811134798,Zwift - Series Contrarreloj INDIVIDUAL,bike,2021-05-20 06:06:00,3938.0,39687.109375,0.0,0.0,645.0,171.0,177.24465390769393,,,,99.23588700137226,,,,,,,,
6809322992,Las Condes Running,run,2021-05-19 19:00:59,1777.5909423828125,6399.10986328125,143.0,160.0,319.0,,,,,,277.7777851363761,177.125,,,,,,2.5999999046325684,1.100000023841858
6805883104,Pool Swimming,swim,2021-05-19 06:59:28,2513.985107421875,2399.760009765625,,,437.0,,,,,,1044.9320606714236,,,,,,13.5,,
6803354326,Fuerza,str,2021-05-18 18:01:07,2311.97509765625,0.0,70.0,135.0,101.0,,,,,,,,,,,,,0.4000000059604645,0.0
6799666465,Zwift - SINGLE LEG,bike,2021-05-18 06:10:05,3603.0,25592.359375,0.0,0.0,454.0,132.0,147.14190538748824,,,,140.78558030503478,,,,,,,0.0,
6797785475,Las Condes Running,run,2021-05-17 19:00:56,2520.919921875,9463.509765625,144.0,165.0,457.0,,,,,,266.38252896064927,178.109375,,,,,,3.0,2.0999999046325684
6795760650,Pool Swimming,swim,2021-05-17 07:00:48,2179.4208984375,2033.1300048828125,,,370.0,,,,,,1071.8113288813627,,,,,,13.600000381469727,,
6783922763,Las Condes Road Cycling,bike,2021-05-15 06:08:12,11099.9658203125,64366.390625,,,1381.0,127.0,196.52637774321536,,,,172.44353109810527,,,,,,,,
6777482534,Pool Swimming,swim,2021-05-14 07:01:41,1351.9339599609375,1333.199951171875,,,244.0,,,,,,1014.1987814900375,,,,,,13.899999618530273,,
6774977419,Zwift - Torque 1.1,bike,2021-05-13 18:09:32,3819.991943359375,19920.359375,0.0,0.0,492.0,134.0,149.9496865104333,,,,191.7913227529873,,,,,,,0.0,
6771171343,Fuerza,str,2021-05-13 05:59:47,2740.77001953125,0.0,91.0,146.0,197.0,,,,,,,,,,,,,1.100000023841858,0.20000000298023224
6769281014,Las Condes Running,run,2021-05-12 18:53:46,2447.22607421875,8673.41015625,156.0,179.0,501.0,,,,,,282.16705002679856,178.78125,,,,,,4.099999904632568,3.0999999046325684
6765838260,Pool Swimming,swim,2021-05-12 07:02:38,1870.1429443359375,1799.8199462890625,,,324.0,,,,,,1039.5010261044795,,,,,,13.100000381469727,,
6759813837,Zwift - Tempo 1.1,bike,2021-05-11 06:10:35,3605.0,33261.94140625,0.0,0.0,570.0,165.0,172.66979814098522,,,,108.38933646139066,,,,,,,0.0,
6754347921,Las Condes Running,run,2021-05-10 06:41:14,2351.748046875,8633.099609375,142.0,164.0,418.0,,,,,,272.4053388615789,176.34375,,,,,,2.9000000953674316,1.399999976158142
6743579629,Las Condes Road Cycling,bike,2021-05-08 05:46:09,13324.154296875,64695.6015625,,,1368.0,130.0,197.0253989792773,,,,205.93080951356913,,,,,,,,
6737132490,Las Condes Running,run,2021-05-07 06:43:42,3526.125,12370.3603515625,147.0,163.0,651.0,,,,,,285.062722166635,174.515625,,,,,,3.5999999046325684,1.2999999523162842
6734857460,Fuerza,str,2021-05-06 17:32:58,2557.7529296875,0.0,89.0,142.0,161.0,,,,,,,,,,,,,1.0,0.10000000149011612
6731485203,Zwift - Spin Out,bike,2021-05-06 06:11:15,2548.0,22449.91015625,0.0,0.0,348.0,142.0,148.23409859640458,,,,113.5073725732589,,,,,,,0.0,
6726278406,Las Condes Running,run,2021-05-05 06:43:13,1900.1500244140625,6998.64013671875,134.0,148.0,295.0,,,,,,271.51777794666384,174.734375,,,,,,2.4000000953674316,0.8999999761581421
6723920268,Fuerza,str,2021-05-04 17:21:35,2458.470947265625,0.0,78.0,104.0,114.0,,,,,,,,,,,,,0.10000000149011612,0.0
6720746305,Zwift - Power Step-Ups,bike,2021-05-04 06:11:12,5121.0,31317.390625,0.0,0.0,791.0,161.0,179.26804786155745,,,,163.5323037497259,,,,,,,0.0,
6718381343,Fuerza,str,2021-05-03 17:50:09,1534.1109619140625,0.0,74.0,123.0,62.0,,,,,,,,,,,,,0.10000000149011612,0.0
6715273729,Las Condes Running,run,2021-05-03 06:44:42,2660.8310546875,9211.3798828125,149.0,167.0,497.0,,,,,,288.8503844172587,173.71875,,,,,,3.5999999046325684,0.20000000298023224
6704335544,Las Condes Road Cycling,bike,2021-05-01 06:17:26,12613.2763671875,68208.09375,,,1411.0,117.0,188.9265858353354,,,,184.91124286441584,,,,,,,,
6697776811,Las Condes Running,run,2021-04-30 06:47:46,3731.01806640625,12008.7900390625,147.0,165.0,674.0,,,,,,310.6554733134515,172.453125,,,,,,3.799999952316284,0.0
6695472476,Fuerza,str,2021-04-29 17:42:18,2660.548095703125,0.0,72.0,100.0,95.0,,,,,,,,,,,,,0.10000000149011612,0.0
6692455368,Zwift - Nueva sesi?n de entrenamiento,bike,2021-04-29 06:16:42,5462.0,31556.900390625,0.0,0.0,818.0,156.0,164.77380798751597,,,,173.10022651622376,,,,,,,0.0,
6686807313,Las Condes Running,run,2021-04-28 06:43:49,3793.555908203125,12561.759765625,156.0,174.0,733.0,,,,,,302.0235479203686,175.90625,,,,,,4.5,2.0999999046325684
6680546563,Zwift - Capacidad de reserva funcional 2,bike,2021-04-27 06:08:11,3614.0,32141.25,0.0,0.0,525.0,152.0,158.96388228696225,,,,112.447997240961,,,,,,,0.0,
6675101511,Las Condes Running,run,2021-04-26 06:45:03,3513.422119140625,11395.7998046875,156.0,168.0,667.0,,,,,,308.26140965942153,174.515625,,,,,,4.199999809265137,1.2999999523162842
6669781972,Vitacura Running,run,2021-04-25 07:26:46,4309.09912109375,14095.5595703125,167.0,188.0,905.0,,,,,,305.7169147016874,173.8125,,,,,,5.0,3.200000047683716
6663620378,Las Condes Road Cycling,bike,2021-04-24 06:14:18,12375.775390625,72032.296875,,,1389.0,115.0,184.65758834545284,,,,171.82130077404105,,,,,,,,
6656690585,Las Condes Running,run,2021-04-23 06:26:37,2489.65087890625,8008.2099609375,153.0,168.0,471.0,,,,,,310.84861598645114,174.609375,,,,,,3.9000000953674316,0.0
6651107309,Zwift - Aer?bico Din?mico 3 - Olympic Team-,bike,2021-04-22 06:11:56,4514.0,40529.2890625,0.0,0.0,606.0,140.0,143.7644016465774,,,,111.38338548020711,,,,,,,0.0,
6645178853,Fuerza,str,2021-04-21 06:06:19,2404.029052734375,0.0,85.0,147.0,130.0,,,,,,,,,,,,,1.100000023841858,0.4000000059604645
6639103616,Zwift - Aer?bico c?clico -Olympic Team-,bike,2021-04-20 06:08:20,3612.0,30484.83984375,0.0,0.0,475.0,137.0,143.243258141321,,,,118.49745048357808,,,,,,,0.0,
6633526461,Las Condes Running,run,2021-04-19 06:45:06,3319.488037109375,11030.7099609375,151.0,164.0,609.0,,,,,,300.9328961106273,175.71875,,,,,,4.0,0.10000000149011612
6628434630,Las Condes Road Cycling,bike,2021-04-18 06:14:42,8432.3583984375,49385.171875,,,1016.0,123.0,194.19804339734134,,,,170.73587527626555,,,,,,,,
6618950025,Zwift - Watopia,bike,2021-04-16 19:53:07,2456.0,13991.650390625,0.0,0.0,262.0,111.0,129.65024922054178,,,,175.56179469582293,,,,,,,0.0,
6618845887,Zwift - Rafael Dutra [OLYMPIC TEAM]'s Meetup - Road to Sky,bike,2021-04-16 17:34:55,8143.0,32113.0390625,0.0,0.0,753.0,96.0,133.1274001087779,,,,253.61399446286012,,,,,,,0.0,
6613588250,Fuerza,str,2021-04-15 17:49:39,2598.64111328125,0.0,87.0,148.0,151.0,,,,,,,,,,,,,1.0,0.30000001192092896
6610269499,Zwift - Aer?bico Regenerativo din?mico,bike,2021-04-15 06:10:44,4506.0,35212.23828125,0.0,0.0,598.0,138.0,142.97140173021242,,,,127.97542659350201,,,,,,,0.0,
6604625981,Las Condes Running,run,2021-04-14 06:42:45,2911.89306640625,9687.1396484375,158.0,187.0,569.0,,,,,,300.57109384971056,176.59375,,,,,,4.5,3.0999999046325684
6604623723,Fuerza,str,2021-04-13 18:12:34,2486.864990234375,0.0,85.0,147.0,142.0,,,,,,,,,,,,,1.100000023841858,0.4000000059604645
6598656661,Zwift - Aer?bico Regenerativo,bike,2021-04-13 06:09:55,4629.0,29285.599609375,0.0,0.0,578.0,130.0,145.82231374981404,,,,158.07776892680135,,,,,,,0.0,
6593401162,Las Condes Running,run,2021-04-12 06:57:08,2861.569091796875,9195.990234375,153.0,168.0,532.0,,,,,,311.1387691829965,175.6875,,,,,,4.199999809265137,0.10000000149011612
6588273477,Las Condes Cycling,bike,2021-04-11 06:40:28,7644.10302734375,23596.189453125,114.0,163.0,750.0,,,,,,323.9391106577356,,,,,,,2.0,2.200000047683716
6582610217,Las Condes Road Cycling,bike,2021-04-10 06:09:48,4242.51708984375,23266.44921875,,,570.0,138.0,196.66630309180672,,,,182.3486437704845,,,,,,,,
6576036782,Las Condes Running,run,2021-04-09 06:45:50,5343.5888671875,16075.669921875,148.0,169.0,916.0,,,,,,332.4468198939386,175.03125,,,,,,3.700000047683716,0.4000000059604645
6573692571,Fuerza,str,2021-04-08 18:07:40,2367.125,0.0,88.0,158.0,141.0,,,,,,,,,,,,,1.399999976158142,0.4000000059604645
6570477067,Las Condes Road Cycling,bike,2021-04-08 06:19:04,5511.11376953125,36880.390625,,,734.0,134.0,207.2519820021655,,,,149.43215975954638,,,,,,,,
6564728528,Vitacura Running,run,2021-04-07 06:46:35,3344.993896484375,10607.4599609375,158.0,177.0,638.0,,,,,,315.35793087259697,169.9375,,,,,,4.599999904632568,2.299999952316284
6562494762,Fuerza,str,2021-04-06 18:03:16,3022.74609375,0.0,77.0,147.0,131.0,,,,,,,,,,,,,0.699999988079071,0.30000001192092896
6559271732,Zwift - Nueva sesi?n de entrenamiento,bike,2021-04-06 06:23:23,5726.0,40929.30859375,0.0,0.0,871.0,159.0,165.94725844472518,,,,139.9188502800009,,,,,,,0.0,
6553811119,Las Condes Running,run,2021-04-05 06:45:52,3137.072998046875,9512.9599609375,147.0,164.0,553.0,,,,,,329.8152963758332,171.515625,,,,,,3.9000000953674316,0.0
6548272851,Zwift - Nueva sesi?n de entrenamiento,bike,2021-04-04 06:44:48,7639.0,60013.66015625,0.0,0.0,1208.0,165.0,170.4157505126524,,,,127.29124322786224,,,,,,,0.0,
6541724126,Vitacura Running,run,2021-04-03 07:34:51,3037.93701171875,10044.76953125,155.0,170.0,565.0,,,,,,302.48033930151433,174.359375,,,,,,4.400000095367432,0.8999999761581421
6535834616,Las Condes Road Cycling,bike,2021-04-02 06:09:14,5817.0029296875,41656.55859375,,,781.0,135.0,204.47732724171485,,,,139.64530532461518,,,,,,,,
6533156071,Fuerza,str,2021-04-01 18:10:19,2425.26708984375,0.0,93.0,141.0,160.0,,,,,,,,,,,,,0.8999999761581421,0.20000000298023224
6529574479,Zwift - Perseo,bike,2021-04-01 06:10:23,3795.0,30685.240234375,0.0,0.0,595.0,164.0,179.57265743652815,,,,123.68583738797275,,,,,,,0.0,
6524059937,Vitacura Running,run,2021-03-31 07:08:15,3448.239990234375,10643.4599609375,154.0,171.0,637.0,,,,,,323.9391106577356,171.921875,,,,,,4.599999904632568,0.8999999761581421
6522901479,Fuerza,str,2021-03-30 18:40:21,2431.716064453125,0.0,79.0,144.0,116.0,,,,,,,,,,,,,1.0,0.30000001192092896
6517406310,Zwift - Din?mico #1,bike,2021-03-30 06:23:07,3615.0,32396.439453125,0.0,0.0,537.0,155.0,168.57007078459498,,,,111.59468258216806,,,,,,,0.0,
6511818199,Las Condes Running,run,2021-03-29 07:08:01,3279.0390625,9755.7001953125,155.0,170.0,611.0,,,,,,336.13446455673295,175.53125,,,,,,4.900000095367432,0.4000000059604645
6488420643,Zwift - Nueva sesi?n de entrenamiento,bike,2021-03-25 05:58:24,3612.0,31419.0703125,0.0,0.0,525.0,152.0,158.99847446419017,,,,114.96895898630275,,,,,,,0.0,
6486751929,Las Condes Running,run,2021-03-24 17:59:51,1589.2669677734375,5160.27001953125,155.0,168.0,300.0,,,,,,307.97659576889623,174.140625,,,,,,3.700000047683716,0.10000000149011612
6483685194,Pool Swimming,swim,2021-03-24 07:01:26,2558.076904296875,2500.0,,,402.0,,,,,,1023.5414554270731,,,,,,11.399999618530273,,
6480737531,Fuerza,str,2021-03-23 17:58:16,2714.14208984375,0.0,83.0,145.0,142.0,,,,,,,,,,,,,1.399999976158142,0.30000001192092896
6476938256,Zwift - Zwift ride 2021-03-23,bike,2021-03-23 06:00:01,5583.0,35871.37109375,0.0,0.0,782.0,143.0,167.15300246010287,,,,155.64201872585846,,,,,,,0.0,
6474898883,Las Condes Running,run,2021-03-22 18:03:06,1640.6910400390625,5029.4501953125,148.0,168.0,295.0,,,,,,326.2642679709653,174.3125,,,,,,3.5,0.10000000149011612
6471727198,Pool Swimming,swim,2021-03-22 07:03:53,2713.0810546875,2625.0,,,420.0,,,,,,1033.057856837401,,,,,,11.5,,
6465997321,Vitacura Running,run,2021-03-21 07:41:20,1682.2950439453125,5009.18994140625,144.0,164.0,294.0,,,,,,335.7958445193788,179.53125,,,,,,3.4000000953674316,0.0
6460270254,Las Condes Road Cycling,bike,2021-03-20 06:38:51,6134.59716796875,44751.421875,,,1351.0,191.0,227.35017534738623,,,,137.08019047863075,,,,,,,,
6457195605,Las Condes Running,run,2021-03-19 17:10:58,1134.31396484375,3643.6201171875,144.0,162.0,199.0,,,,,,311.33251346634495,173.421875,,,,,,3.0999999046325684,0.10000000149011612
6454454856,Pool Swimming,swim,2021-03-19 07:02:04,2374.864013671875,2275.0,,,364.0,,,,,,1043.841331440834,,,,,,11.0,,
6452442240,Fuerza,str,2021-03-18 17:50:30,3030.201904296875,0.0,87.0,154.0,176.0,,,,,,,,,,,,,1.2000000476837158,0.30000001192092896
6449016839,Zwift - Spin Out,bike,2021-03-18 05:55:41,3658.27099609375,30771.759765625,0.0,0.0,460.0,132.0,140.14123350989342,,,,118.8919236792983,,,,,,,0.0,
6447152634,Las Condes Running,run,2021-03-17 17:47:56,1033.7650146484375,3008.22998046875,144.0,158.0,181.0,,,,,,343.6426015480821,176.59375,,,,,,2.9000000953674316,0.0
6443804523,Pool Swimming,swim,2021-03-17 07:03:09,2780.65087890625,2575.0,,,412.0,,,,,,1079.9136080236347,,,,,,11.300000190734863,,
6441428872,Fuerza,str,2021-03-16 17:10:57,2746.5830078125,0.0,72.0,90.0,95.0,,,,,,,,,,,,,0.10000000149011612,0.0
6437841661,Zwift - Power Step-Ups,bike,2021-03-16 06:03:50,2715.0,25702.900390625,0.0,0.0,442.0,170.0,180.1183095679599,,,,105.64124676852894,,,,,,,0.0,
6435965148,Las Condes Running,run,2021-03-15 17:37:04,1605.5489501953125,5008.64013671875,131.0,147.0,240.0,,,,,,320.51283226916115,176.34375,,,,,,2.799999952316284,0.0
6428104345,Fuerza,str,2021-03-14 08:45:48,3603.589111328125,0.0,78.0,105.0,152.0,,,,,,,,,,,,,0.20000000298023224,0.0
6427477139,Vitacura Running,run,2021-03-14 07:47:12,1009.2630004882812,3031.030029296875,154.0,168.0,188.0,,,,,,333.00033067378456,178.953125,,,,,,3.200000047683716,0.699999988079071
6421910889,Las Condes Road Cycling,bike,2021-03-13 06:36:10,6569.08984375,50192.51171875,,,992.0,152.0,207.79608927398957,,,,130.87292592055908,,,,,,,,
6418880531,Las Condes Running,run,2021-03-12 17:25:13,797.5640258789062,2509.159912109375,145.0,158.0,139.0,,,,,,317.86396347784967,174.328125,,,,,,2.700000047683716,0.20000000298023224
6414159071,Zwift - Nueva sesi?n de entrenamiento,bike,2021-03-11 17:45:53,3907.0,35654.05078125,0.0,0.0,597.0,159.0,164.01053823162215,,,,109.58904109589041,,,,,,,0.0,
6408931251,Las Condes Running,run,2021-03-10 17:38:57,820.2730102539062,2520.7099609375,148.0,170.0,145.0,,,,,,325.4149088500854,173.140625,,,,,,2.799999952316284,0.0
6405726514,Pool Swimming,swim,2021-03-10 07:01:51,2236.3291015625,2100.0,,,336.0,,,,,,1063.8297899323063,,,,,,11.100000381469727,,
6403355381,Fuerza,str,2021-03-09 17:26:26,2265.248046875,0.0,90.0,150.0,143.0,,,,,,,,,,,,,1.2999999523162842,0.30000001192092896
6399717987,Yoga,str,2021-03-09 07:10:30,883.3670043945312,0.0,83.0,116.0,49.0,,,,,,,,,,,,,0.20000000298023224,0.0
6399660028,Zwift - Fuerza-Resistencia intermedio #4,bike,2021-03-09 06:11:05,3495.0,29194.4296875,0.0,0.0,488.0,146.0,159.7221335784741,,,,119.71747126161195,,,,,,,0.0,
6398060096,Las Condes Running,run,2021-03-08 18:01:56,801.4639892578125,2536.389892578125,144.0,160.0,141.0,,,,,,315.95577000087076,174.21875,,,,,,2.700000047683716,0.0
6394537743,Pool Swimming,swim,2021-03-08 07:02:24,2372.94189453125,2150.0,,,360.0,,,,,,1095.2902667898713,,,,,,10.5,,
6389097570,Fuerza,str,2021-03-07 08:29:50,3049.748046875,0.0,91.0,152.0,191.0,,,,,,,,,,,,,1.7000000476837158,0.800000011920929
6383209143,Colina Road Cycling,bike,2021-03-06 08:12:17,7800.8701171875,78760.28125,,,1439.0,185.0,212.23452605851347,,,,99.0491311371178,,,,,,,,
6376809554,Pool Swimming,swim,2021-03-05 06:57:39,2820.083984375,2525.0,,,404.0,,,,,,1117.31845956554,,,,,,11.899999618530273,,
6374947679,Zwift - France,bike,2021-03-04 18:21:45,3914.0,36330.3515625,0.0,0.0,615.0,164.0,175.48795311901603,,,,107.7354066349515,,,,,,,0.0,
6373186197,Fuerza,str,2021-03-04 12:52:47,2818.197998046875,0.0,89.0,135.0,171.0,,,,,,,,,,,,,0.5,0.10000000149011612
6372898010,Running,run,2021-03-04 12:37:28,634.3489990234375,1758.4200439453125,131.0,137.0,98.0,,,,,,360.7503510696281,169.546875,,,,,,2.0999999046325684,0.0
6369244411,Fuerza,str,2021-03-03 17:22:17,2838.873046875,0.0,97.0,138.0,204.0,,,,,,,,,,,,,0.699999988079071,0.20000000298023224
6363698785,Fuerza,str,2021-03-02 18:56:02,1975.9129638671875,0.0,92.0,147.0,132.0,,,,,,,,,,,,,0.699999988079071,0.30000001192092896
6363582323,Zwift - SEMANA 2-1 BASE II,bike,2021-03-02 17:57:19,3419.43310546875,31561.099609375,0.0,0.0,575.0,179.0,212.9027446568388,,,,108.35410012784547,,,,,,,0.0,
6357686964,Fuerza,str,2021-03-01 17:06:21,2860.425048828125,0.0,100.0,149.0,224.0,,,,,,,,,,,,,2.0999999046325684,0.6000000238418579
6343046838,Pool Swimming,swim,2021-02-27 10:40:44,1422.886962890625,1550.0,,,248.0,,,,,,918.2736568046612,,,,,,9.100000381469727,,
6342791952,Colina Road Cycling,bike,2021-02-27 08:34:02,6697.537109375,67093.2265625,,,1368.0,205.0,222.74892051865868,,,,99.82032691476924,,,,,,,,
6336447127,Pool Swimming,swim,2021-02-26 07:02:35,2773.9150390625,2425.0,,,402.0,,,,,,1128.6682001071943,,,,,,11.600000381469727,,
6330547840,Zwift - SEMANA 1-2 BASE II,bike,2021-02-25 05:58:01,3733.0,32350.4609375,0.0,0.0,522.0,146.0,165.39168824620117,,,,115.3934869307227,,,,,,,0.0,
6325073187,Pool Swimming,swim,2021-02-24 06:57:39,2390.24609375,2225.0,,,356.0,,,,,,1074.1138626703855,,,,,,10.899999618530273,,
6322714363,Fuerza,str,2021-02-23 18:09:01,2381.718994140625,0.0,85.0,101.0,131.0,,,,,,,,,,,,,0.20000000298023224,0.0
6318716759,Zwift - SEMANA 1-1 BASE II,bike,2021-02-23 05:54:36,3552.0,31871.41015625,0.0,0.0,506.0,149.0,168.47864452079577,,,,111.45786740908419,,,,,,,0.0,
6316722373,Fuerza,str,2021-02-22 17:41:12,2900.174072265625,0.0,95.0,111.0,193.0,,,,,,,,,,,,,0.30000001192092896,0.0
6313494665,Pool Swimming,swim,2021-02-22 07:01:52,2969.98388671875,2575.0,,,419.0,,,,,,1153.4025590536294,,,,,,12.100000381469727,,
6302535511,Las Condes Road Cycling,bike,2021-02-20 08:04:52,10833.3837890625,65672.15625,,,1633.0,152.0,206.12556072350765,,,,164.96206422828402,,,,,,,,
6295727675,Pool Swimming,swim,2021-02-19 07:02:51,1879.0360107421875,1650.0,,,274.0,,,,,,1118.5682404182032,,,,,,10.699999809265137,,
6290314212,Zwift - Semana de Baja 1-2 Power Step-Ups,bike,2021-02-18 05:39:24,2713.0,26132.240234375,0.0,0.0,442.0,170.0,179.66426470356916,,,,103.82059833558485,,,,,,,0.0,
6287934730,Pool Swimming,swim,2021-02-17 07:02:12,2632.4580078125,2325.0,,,381.0,,,,,,1121.0762086127772,,,,,,11.699999809265137,,
6279860216,Zwift - Semana de Baja 1-1 High Cadence,bike,2021-02-16 05:56:56,3610.0,29432.970703125,0.0,0.0,422.0,122.0,132.09785516123094,,,,122.65423954034605,,,,,,,0.0,
6275194620,Pool Swimming,swim,2021-02-15 07:05:17,2343.27294921875,2125.0,,,344.0,,,,,,1102.5358260385551,,,,,,11.399999618530273,,
6266045450,Tiltil Road Cycling,bike,2021-02-13 07:41:15,11914.052734375,120405.328125,,,1928.0,163.0,188.38611091889018,,,,98.95111867054817,,,,,,,,
6259701589,Pool Swimming,swim,2021-02-12 06:59:16,2312.125,2050.0,,,328.0,,,,,,1126.1261116131864,,,,,,11.0,,
6257651653,Fuerza,str,2021-02-11 19:06:34,2608.596923828125,0.0,80.0,105.0,122.0,,,,,,,,,,,,,0.20000000298023224,0.0
6254250025,Zwift - Semana 2-2 Base I,bike,2021-02-11 05:59:22,4447.0,43160.69140625,0.0,0.0,591.0,139.0,158.87631238459664,,,,103.0396710830812,,,,,,,0.0,
6252414121,Zwift - ATENEA,bike,2021-02-10 17:44:00,3674.0,36282.12109375,0.0,0.0,560.0,159.0,176.08390214962446,,,,101.26582278481013,,,,,,,0.0,
6249271853,Pool Swimming,swim,2021-02-10 07:00:51,2420.169921875,2300.0,,,368.0,,,,,,1052.631592156154,,,,,,10.699999809265137,,
6247603181,Fuerza,str,2021-02-09 11:42:44,2695.864990234375,0.0,96.0,153.0,198.0,,,,,,,,,,,,,1.600000023841858,0.5
6243831881,Zwift - Semana 3-1 Base I,bike,2021-02-09 05:55:19,4512.0,43005.828125,0.0,0.0,595.0,138.0,163.1475607479319,,,,104.92078329570067,,,,,,,0.0,
6242083602,Zwift - ARTEM?SA,bike,2021-02-08 17:49:11,4230.0,39025.51953125,0.0,0.0,596.0,147.0,157.04511615376327,,,,108.40107952826773,,,,,,,0.0,
6239215157,Pool Swimming,swim,2021-02-08 07:04:01,2498.01806640625,2200.0,,,352.0,,,,,,1135.0738025267633,,,,,,10.699999809265137,,
6229121213,Lo Barnechea Road Cycling,bike,2021-02-06 07:37:19,10313.9619140625,73390.7734375,,,1583.0,154.0,208.27027290278184,,,,140.52838326877895,,,,,,,,
6223697698,Zwift - 3x2 3x1 3x30 seg,bike,2021-02-05 10:31:18,4000.551025390625,33450.19140625,0.0,0.0,519.0,136.0,162.59156091111228,,,,119.60291743810755,,,,,,,0.0,
6222646808,Pool Swimming,swim,2021-02-05 07:01:05,2442.868896484375,2225.0,,,356.0,,,,,,1097.6948247466444,,,,,,11.0,,
6220621854,Fuerza,str,2021-02-04 17:25:04,3107.0419921875,0.0,87.0,104.0,173.0,,,,,,,,,,,,,0.20000000298023224,0.0
6217035343,Zwift - Semana 2 -2 Base I,bike,2021-02-04 05:57:50,3913.0,37648.7890625,0.0,0.0,564.0,150.0,165.8183402926338,,,,103.93929631703897,,,,,,,0.0,
6215359276,Zwift - 3X10 minutes,bike,2021-02-03 18:09:45,4851.85302734375,44748.8984375,0.0,0.0,636.0,138.0,153.33009784641985,,,,108.42459571982923,,,,,,,0.0,
6212040536,Pool Swimming,swim,2021-02-03 06:58:18,2651.47607421875,2450.0,,,392.0,,,,,,1059.322027477236,,,,,,10.600000381469727,,
6210211598,Fuerza,str,2021-02-02 18:14:36,1855.136962890625,0.0,94.0,111.0,125.0,,,,,,,,,,,,,0.4000000059604645,0.0
6206226894,Zwift - Semana 2-1 Base I,bike,2021-02-02 05:53:58,4214.0,42811.921875,0.0,0.0,656.0,163.0,177.332161549426,,,,98.4348814792869,,,,,,,0.0,
6204496432,Zwift - 2X20 minutes (Sweet-Spot),bike,2021-02-01 17:41:35,4813.0,47589.51953125,0.0,0.0,715.0,155.0,174.0945091481674,,,,101.14291408028207,,,,,,,0.0,
6201553413,Pool Swimming,swim,2021-02-01 06:59:08,3007.43505859375,2850.0,,,458.0,,,,,,1054.8523052881958,,,,,,10.399999618530273,,
6190471423,Zwift - Crono Piramidal,bike,2021-01-30 07:59:57,6991.0,65271.37890625,0.0,0.0,977.0,146.0,156.8383216454156,,,,107.1122485649429,,,,,,,0.0,
6185473895,Fuerza,str,2021-01-29 09:00:20,4566.8701171875,0.0,88.0,123.0,269.0,,,,,,,,,,,,,0.699999988079071,0.0
6185473727,Pool Swimming,swim,2021-01-29 06:59:52,2835.824951171875,2375.0,,,382.0,,,,,,1193.3174231133867,,,,,,11.600000381469727,,
6179654560,Zwift - Semana 1-2 Base I,bike,2021-01-28 05:57:24,4509.0,44486.421875,0.0,0.0,680.0,157.0,164.40132181511922,,,,101.35819807561943,,,,,,,0.0,
6175059922,Pool Swimming,swim,2021-01-27 06:59:19,2293.81201171875,2225.0,,,368.0,,,,,,1030.9278046442464,,,,,,10.0,,
6170631227,Fuerza,str,2021-01-26 11:28:13,4914.466796875,0.0,79.0,107.0,222.0,,,,,,,,,,,,,0.30000001192092896,0.0
6168964550,Zwift - Semana 1-1 B?sico I,bike,2021-01-26 05:59:38,3613.0,35077.28125,0.0,0.0,509.0,147.0,159.48909846837682,,,,103.00782665211203,,,,,,,0.0,
6164051729,Pool Swimming,swim,2021-01-25 07:01:03,2787.929931640625,2550.0,,,408.0,,,,,,1092.896149233872,,,,,,10.5,,
6153029457,Las Condes Road Cycling,bike,2021-01-23 06:28:03,6675.92578125,50339.640625,,,977.0,147.0,204.09115486751745,,,,132.6259953659523,,,,,,,,
6147658199,Pool Swimming,swim,2021-01-22 07:03:36,2666.077880859375,2400.0,,,393.0,,,,,,1111.1111405455044,,,,,,10.800000190734863,,
6142296336,Zwift - Aer?bico Recovery #1,bike,2021-01-21 05:55:18,3912.0,36136.76171875,0.0,0.0,489.0,130.0,135.23174273547505,,,,108.26025220487487,,,,,,,0.0,
6137339451,Pool Swimming,swim,2021-01-20 07:02:01,2264.791015625,2050.0,,,328.0,,,,,,1104.9724106226677,,,,,,10.899999618530273,,
6132039186,Fuerza,str,2021-01-19 07:38:24,2026.85302734375,0.0,89.0,107.0,113.0,,,,,,,,,,,,,0.30000001192092896,0.0
6131770595,Zwift - SAVITAR,bike,2021-01-19 05:59:21,3634.0,25975.140625,0.0,0.0,446.0,128.0,156.9215479657444,,,,139.9188502800009,,,,,,,0.0,
6126895907,Pool Swimming,swim,2021-01-18 07:51:59,344.6889953613281,100.0,,,0.0,,,,,,,,,,,,0.0,,
6126895865,Pool Swimming,swim,2021-01-18 07:02:57,1949.6739501953125,1725.0,,,276.0,,,,,,1129.9435150011086,,,,,,11.0,,
6121711117,Yoga,str,2021-01-17 08:41:54,2192.866943359375,0.0,93.0,122.0,145.0,,,,,,,,,,,,,0.30000001192092896,0.0
6121431034,Las Condes Road Cycling,bike,2021-01-17 06:42:22,5519.0,49294.6015625,,,830.0,151.0,175.4057452744198,,,,111.95700650050966,,,,,,,,
6115642103,Yoga,str,2021-01-16 09:02:40,1066.9210205078125,0.0,94.0,117.0,77.0,,,,,,,,,,,,,0.4000000059604645,0.0
6115579010,Las Condes Road Cycling,bike,2021-01-16 06:42:17,7143.962890625,50278.9609375,,,992.0,140.0,192.31199502473387,,,,142.08581767882885,,,,,,,,
6110130067,Pool Swimming,swim,2021-01-15 07:01:31,2697.294921875,2400.0,,,384.0,,,,,,1121.0762086127772,,,,,,10.600000381469727,,
6105137540,Fuerza,str,2021-01-14 07:36:05,2051.489990234375,0.0,92.0,147.0,130.0,,,,,,,,,,,,,1.5,0.20000000298023224
6104915202,Zwift - Aer?bico Recovery #1,bike,2021-01-14 06:01:55,3913.0,33971.01953125,0.0,0.0,488.0,130.0,134.4708780741171,,,,115.19410530164276,,,,,,,0.0,
6103517387,Zwift - FTP Test (shorter),bike,2021-01-13 19:05:40,2707.0,27811.220703125,0.0,0.0,478.0,185.0,208.3315408304342,,,,97.34255066899702,,,,,,,0.0,
6102215779,Natación en piscina,swim,2021-01-13 07:04:00,2519.883056640625,2175.0,,,359.0,,,,,,1158.7485842169795,,,,,,11.0,,
6094565134,Fuerza,str,2021-01-12 07:36:09,1989.8160400390625,0.0,79.0,98.0,89.0,,,,,,,,,,,,,0.20000000298023224,0.0
6094367981,Zwift - Aerobico - Regenerativo #2,bike,2021-01-12 06:04:55,4220.98486328125,33209.73828125,34.0,138.0,585.0,145.0,148.89985338009984,,,,127.11325624860024,,,,,,,0.0,
6084893869,Yoga,str,2021-01-10 09:41:38,2990.055908203125,0.0,81.0,101.0,146.0,,,,,,,,,,,,,0.20000000298023224,0.0
6084499117,Zwift - Watopia,bike,2021-01-10 08:07:50,5416.0,46943.9296875,0.0,0.0,479.0,92.0,93.92847550952455,,,,115.38018012308088,,,,,,,0.0,
6078777136,Yoga,str,2021-01-09 10:10:56,968.1699829101562,0.0,102.0,123.0,84.0,,,,,,,,,,,,,0.5,0.0
6078630602,Zwift - Rodillo Fase 2..... con color de fase 3 -Olympic Team-,bike,2021-01-09 07:59:57,7612.0,64619.12109375,21.0,163.0,1065.0,146.0,165.96203773876329,,,,117.79950079549624,,,,,,,0.0,
6072783761,Fuerza,str,2021-01-08 07:00:04,2459.1259765625,0.0,83.0,109.0,84.0,,,,,,,,,,,,,0.10000000149011612,0.0
6072635656,Zwift - Nueva sesi?n de entrenamiento,bike,2021-01-08 05:55:12,3640.0,31743.2890625,141.0,167.0,503.0,144.0,152.31187908197452,,,,114.67889557080632,,,,,,,0.0,
6070957810,Yoga,str,2021-01-07 18:08:44,1504.800048828125,0.0,68.0,106.0,47.0,,,,,,,,,,,,,0.10000000149011612,0.0
6067912524,Fuerza,str,2021-01-07 07:36:21,2380.0048828125,0.0,102.0,153.0,167.0,,,,,,,,,,,,,1.2999999523162842,0.699999988079071
6067665036,Zwift - Semana 2? Base 1 - 4 -Olympic Team-,bike,2021-01-07 05:53:50,4385.0,28885.91015625,142.0,166.0,594.0,141.0,152.49377270916972,,,,151.81418190610356,,,,,,,0.0,
6062486174,Fuerza,str,2021-01-06 07:13:36,2340.69091796875,0.0,88.0,112.0,85.0,,,,,,,,,,,,,0.10000000149011612,0.0
6062287779,Zwift - Nueva sesi?n de entrenamiento,bike,2021-01-06 05:59:52,4222.0,30770.720703125,142.0,162.0,674.0,167.0,176.9944559492582,,,,137.21185309333055,,,,,,,0.0,
6057045608,Fuerza,str,2021-01-05 07:37:08,2066.85791015625,0.0,98.0,135.0,133.0,,,,,,,,,,,,,0.5,0.0
6056815188,Yoga,str,2021-01-05 07:05:41,743.719970703125,0.0,92.0,115.0,40.0,,,,,,,,,,,,,0.20000000298023224,0.0
6056769881,Zwift - Semana 2? Base 1 - 3 -Olympic Team-,bike,2021-01-05 05:55:04,4223.5927734375,37286.80078125,136.0,160.0,628.0,156.0,165.34003643094542,,,,113.27593930923862,,,,,,,0.0,
6051504341,Zwift - France,bike,2021-01-04 06:01:51,3910.0,31056.9296875,0.0,0.0,477.0,127.0,141.63841173251,,,,125.91286968614304,,,,,,,0.0,
6027613213,Pool Swimming,swim,2020-12-30 16:24:32,1620.0670166015625,1600.0,,,224.0,,,,,,1011.1223228911903,,,,,,9.5,,
6020211872,Pool Swimming,swim,2020-12-29 09:09:44,1594.428955078125,1500.0,,,180.0,,,,,,1062.6992733427248,,,,,,10.100000381469727,,
6015278581,Pool Swimming,swim,2020-12-28 09:11:40,2234.181884765625,2125.0,,,292.0,,,,,,1050.4201438650732,,,,,,10.399999618530273,,
5993164848,Pool Swimming,swim,2020-12-23 09:25:12,2254.3291015625,2100.0,,,290.0,,,,,,1072.9613947998785,,,,,,10.800000190734863,,
5989582031,Pool Swimming,swim,2020-12-22 10:57:09,2287.214111328125,2100.0,,,360.0,,,,,,1089.3246391062057,,,,,,11.0,,
5975899955,Pool Swimming,swim,2020-12-19 10:30:45,1872.802978515625,199.97999572753906,,,14.0,,,,,,9345.794324844057,,,,,,120.0,,
5975421633,Mogi Guaçu Cycling,bike,2020-12-19 07:15:35,6490.4677734375,39020.01171875,128.0,167.0,869.0,,,,,,166.33399634742108,,,,,,,3.0,2.5
5975417176,Fuerza,str,2020-12-18 16:58:32,1312.97705078125,0.0,84.0,121.0,71.0,,,,,,,,,,,,,0.30000001192092896,0.0
5971700248,Fuerza,str,2020-12-18 08:32:28,1822.2010498046875,0.0,79.0,107.0,80.0,,,,,,,,,,,,,0.20000000298023224,0.0
5971699353,Limeira Cycling,bike,2020-12-18 07:21:43,3838.550048828125,25259.830078125,127.0,168.0,561.0,,,,,,151.95259422678507,,,,,,,2.9000000953674316,1.600000023841858
5962962271,Pool Swimming,swim,2020-12-16 06:35:49,3043.930908203125,2599.739990234375,,,470.0,,,,,,1170.9602252748548,,,,,,15.0,,
5958596450,Yoga,str,2020-12-15 07:16:00,1634.0830078125,0.0,78.0,107.0,73.0,,,,,,,,,,,,,0.10000000149011612,0.0
5958492755,Zwift - Torque B?sico 4x5,bike,2020-12-15 05:58:02,4153.0,30046.150390625,0.0,0.0,638.0,160.0,182.43960451737806,,,,138.23610333484106,,,,,,,0.0,
5954720685,Pool Swimming,swim,2020-12-14 07:08:41,2228.819091796875,1966.469970703125,,,354.0,,,,,,1091.703046539124,,,,,,14.300000190734863,,
5950237859,Zwift - Watopia,bike,2020-12-13 07:07:33,4425.0,31654.33984375,0.0,0.0,625.0,147.0,169.63702361950857,,,,139.8014842815058,,,,,,,0.0,
5946143023,Yoga,str,2020-12-12 10:11:38,1172.4599609375,0.0,3.0,82.0,47.0,,,,,,,,,,,,,0.10000000149011612,0.0
5946036720,Zwift - Rodillo rompe fase 2 - Olympic Team-,bike,2020-12-12 07:59:56,7744.0,71554.8984375,142.0,184.0,1165.0,157.0,179.1359392687494,,,,108.22511090592663,,,,,,,0.0,
5941313289,Pool Swimming,swim,2020-12-11 07:17:17,1302.5179443359375,1133.219970703125,,,204.0,,,,,,1149.425281056452,,,,,,17.0,,
5941313001,Pool Swimming,swim,2020-12-11 06:31:45,1848.386962890625,1533.1800537109375,,,274.0,,,,,,1204.8193013344476,,,,,,16.100000381469727,,
5937061507,Zwift - Paris,bike,2020-12-10 06:59:22,665.0,5513.6298828125,0.0,0.0,78.0,122.0,129.93146264148945,,,,120.61270725247948,,,,,,,0.0,
5937026608,Zwift - HIIT 3,bike,2020-12-10 05:59:55,3459.2099609375,30661.55078125,0.0,0.0,563.0,170.0,207.00786932121375,,,,112.82861440471106,,,,,,,0.0,
5935600035,Fuerza,str,2020-12-09 18:27:38,2199.049072265625,0.0,90.0,109.0,138.0,,,,,,,,,,,,,0.20000000298023224,0.0
5933045039,Pool Swimming,swim,2020-12-09 06:31:10,3191.905029296875,2733.06005859375,,,492.0,,,,,,1168.2242906055071,,,,,,16.700000762939453,,
5929498251,Colina Running,run,2020-12-08 10:30:38,1653.1739501953125,5007.97021484375,149.0,167.0,307.0,,,,,,330.14195626180134,177.09375,,,,,,3.4000000953674316,0.0
5933055841,Colina Road Cycling,bike,2020-12-08 08:34:34,6392.16796875,59496.578125,,,993.0,156.0,211.44885379165984,,,,107.43446946741058,,,,,,,,
5924234396,Pool Swimming,swim,2020-12-07 06:31:20,3521.242919921875,2899.7099609375,,,521.0,,,,,,1215.0668082596828,,,,,,16.100000381469727,,
5916970013,María Pinto Road Cycling,bike,2020-12-05 09:01:26,15223.560546875,123923.6171875,,,2081.0,137.0,189.2023390425048,,,,122.85011766864365,,,,,,,,
5910910878,Pool Swimming,swim,2020-12-04 06:35:48,3236.806884765625,2799.719970703125,,,503.0,,,,,,1156.069351416027,,,,,,15.300000190734863,,
5906658259,Yoga,str,2020-12-03 06:35:33,1175.5660400390625,0.0,69.0,87.0,36.0,,,,,,,,,,,,,0.0,0.0
5906660110,Zwift - Regenerativo,bike,2020-12-03 05:56:11,1821.0,16178.8203125,0.0,0.0,278.0,159.0,178.87658605019004,,,,112.56191127329157,,,,,,,0.0,
5905285431,Fuerza,str,2020-12-02 18:35:56,2303.64892578125,0.0,95.0,137.0,169.0,,,,,,,,,,,,,0.5,0.10000000149011612
5902557554,Pool Swimming,swim,2020-12-02 06:34:49,3402.14306640625,2799.719970703125,,,511.0,,,,,,1191.8951321972788,,,,,,14.699999809265137,,
5898039636,Fuerza,str,2020-12-01 07:23:05,1809.259033203125,0.0,93.0,140.0,124.0,,,,,,,,,,,,,0.5,0.20000000298023224
5897914590,Zwift - CAPITAN,bike,2020-12-01 05:59:20,4643.9619140625,44876.37890625,0.0,0.0,775.0,182.0,194.86652421469802,,,,103.48752860874878,,,,,,,0.0,
5896407672,Fuerza,str,2020-11-30 18:12:13,2347.466064453125,0.0,90.0,150.0,155.0,,,,,,,,,,,,,1.7999999523162842,0.4000000059604645
5893899355,Pool Swimming,swim,2020-11-30 06:37:28,3556.8359375,2799.719970703125,,,502.0,,,,,,1269.0355529609212,,,,,,15.5,,
5890483248,Lo Barnechea Hiking,hiking,2020-11-29 08:03:28,11661.466796875,10718.580078125,91.0,130.0,700.0,,,,,,1088.1392468230206,84.546875,,,,,,0.800000011920929,0.0
5885851765,Yoga,str,2020-11-28 13:04:34,771.4739990234375,0.0,75.0,97.0,32.0,,,,,,,,,,,,,0.0,0.0
5886736861,Tiltil Road Cycling,bike,2020-11-28 08:38:05,10815.951171875,114049.3984375,,,1895.0,176.0,199.69230373803634,,,,94.83167309292722,,,,,,,,
5879807165,Pool Swimming,swim,2020-11-27 06:46:00,3237.5390625,2599.739990234375,,,500.0,,,,,,1245.3300538653798,,,,,,14.800000190734863,,
5878300176,Yoga,str,2020-11-26 18:06:31,998.1430053710938,0.0,68.0,87.0,32.0,,,,,,,,,,,,,0.0,0.0
5875410605,Fuerza,str,2020-11-26 07:06:15,2014.2939453125,0.0,87.0,119.0,123.0,,,,,,,,,,,,,0.4000000059604645,0.0
5875299933,Zwift - 3x2+3x1+3x30 seg -Olympic Team-,bike,2020-11-26 05:53:55,3949.0,36707.5,0.0,0.0,574.0,152.0,183.56526324205947,,,,107.58472208627619,,,,,,,0.0,
5873806728,Fuerza,str,2020-11-25 17:48:25,2277.5380859375,0.0,85.0,118.0,123.0,,,,,,,,,,,,,0.20000000298023224,0.0
5871129984,Pool Swimming,swim,2020-11-25 06:44:51,3110.787109375,1800.0,,,302.0,,,,,,1727.1157281319925,,,,,,15.5,,
5866467805,Yoga,str,2020-11-24 07:16:16,1299.06396484375,0.0,82.0,139.0,68.0,,,,,,,,,,,,,0.20000000298023224,0.0
5866359817,Zwift - 2X20 minutes Sweet-Spot -Olympic Team-,bike,2020-11-24 05:52:34,4813.0,44496.359375,0.0,0.0,794.0,172.0,193.7231452838232,,,,108.1665778668126,,,,,,,0.0,
5862192151,Fuerza,str,2020-11-23 07:35:24,2108.696044921875,0.0,78.0,98.0,92.0,,,,,,,,,,,,,0.10000000149011612,0.0
5861949137,Zwift - Nueva sesi?n de entrenamiento,bike,2020-11-23 05:51:24,3639.0,31883.58984375,0.0,0.0,505.0,145.0,152.62049570320755,,,,114.14222538238955,,,,,,,0.0,
5853538897,Colina Road Cycling,bike,2020-11-21 09:05:55,7937.7568359375,66768.5625,,,962.0,122.0,193.6299741175137,,,,118.87779783305507,,,,,,,,
5849955139,Yoga,str,2020-11-20 18:06:33,1054.1629638671875,0.0,73.0,106.0,41.0,,,,,,,,,,,,,0.10000000149011612,0.0
5848475883,Fuerza,str,2020-11-20 07:20:12,2026.718017578125,0.0,88.0,119.0,123.0,,,,,,,,,,,,,0.30000001192092896,0.0
5847387920,Zwift - Nueva sesi?n de entrenamiento,bike,2020-11-20 05:57:50,4239.65478515625,30786.08984375,0.0,0.0,687.0,170.0,179.55761357830954,,,,137.7220738823731,,,,,,,0.0,
5843095178,Yoga,str,2020-11-19 07:03:27,1309.4189453125,0.0,105.0,163.0,115.0,,,,,,,,,,,,,0.8999999761581421,0.0
5843025660,Zwift - HIIT 2,bike,2020-11-19 05:56:10,3924.0,24198.029296875,0.0,0.0,607.0,161.0,201.4754150331054,,,,162.17969801189216,,,,,,,0.0,
5838636757,Fuerza,str,2020-11-18 07:35:07,2550.76806640625,0.0,101.0,154.0,199.0,,,,,,,,,,,,,1.5,0.699999988079071
5838355452,Zwift - Nueva sesi?n de entrenamiento,bike,2020-11-18 05:49:15,4222.7490234375,29738.1796875,0.0,0.0,646.0,160.0,171.69836183938446,,,,142.00511587644326,,,,,,,0.0,
5837109402,Fuerza,str,2020-11-17 07:12:32,1885.39794921875,0.0,102.0,151.0,164.0,,,,,,,,,,,,,0.8999999761581421,0.30000001192092896
5833576952,Zwift - HIIT 1,bike,2020-11-17 05:57:30,3952.951904296875,24296.130859375,0.0,0.0,605.0,161.0,200.23583673068623,,,,162.7074544250427,,,,,,,0.0,
5829270543,Fuerza,str,2020-11-16 06:57:40,2232.300048828125,0.0,85.0,110.0,121.0,,,,,,,,,,,,,0.10000000149011612,0.0
5829160710,Zwift - Nueva sesi?n de entrenamiento,bike,2020-11-16 05:52:38,3639.0,33287.69921875,0.0,0.0,507.0,145.0,152.74840252598585,,,,109.32545816141149,,,,,,,0.0,
5825127750,Yoga,str,2020-11-15 09:22:59,910.77099609375,0.0,77.0,96.0,41.0,,,,,,,,,,,,,0.10000000149011612,0.0
5824681145,Fuerza,str,2020-11-15 07:56:46,2048.635986328125,0.0,93.0,137.0,143.0,,,,,,,,,,,,,0.5,0.0
5824679602,Vitacura Running,run,2020-11-15 07:32:09,1193.4339599609375,3600.97998046875,150.0,167.0,221.0,,,,,,331.45509223606524,175.921875,,,,,,3.0,0.800000011920929
5820521867,Pirque Road Cycling,bike,2020-11-14 09:34:58,3905.1298828125,40645.73828125,,,919.0,236.0,244.48778069149293,,,,96.079938579269,,,,,,,,
5820071895,Pirque Running,run,2020-11-14 08:42:35,486.5820007324219,1350.239990234375,159.0,175.0,94.0,,,,,,360.3603479759853,180.71875,,,,,,2.200000047683716,0.20000000298023224
5814592256,Fuerza,str,2020-11-13 07:09:04,2159.403076171875,0.0,92.0,140.0,153.0,,,,,,,,,,,,,0.699999988079071,0.20000000298023224
5810205445,Fuerza,str,2020-11-12 07:33:01,1705.9420166015625,0.0,79.0,97.0,79.0,,,,,,,,,,,,,0.10000000149011612,0.0
5810204773,Yoga,str,2020-11-12 07:09:19,566.635986328125,0.0,88.0,104.0,36.0,,,,,,,,,,,,,0.10000000149011612,0.0
5810005681,Zwift - Escaleras - Olympic Team-,bike,2020-11-12 06:01:34,3999.02001953125,32462.08984375,0.0,0.0,603.0,159.0,175.33644235809777,,,,123.19823161962151,,,,,,,0.0,
5810204486,Yoga,str,2020-11-11 18:20:52,1168.125,0.0,89.0,145.0,78.0,,,,,,,,,,,,,0.4000000059604645,0.10000000149011612
5810204029,Fuerza,str,2020-11-11 06:43:05,1960.322998046875,0.0,83.0,142.0,110.0,,,,,,,,,,,,,0.699999988079071,0.10000000149011612
5805079845,Las Condes Running,run,2020-11-11 06:18:14,765.7490234375,2155.330078125,137.0,154.0,128.0,,,,,,355.23977963517467,173.4375,,,,,,2.299999952316284,0.5
5800646944,Yoga,str,2020-11-10 07:53:31,896.6610107421875,0.0,78.0,94.0,43.0,,,,,,,,,,,,,0.10000000149011612,0.0
5800320211,Zwift - Series en VO2 Max -Olympic Team-,bike,2020-11-10 05:59:11,4068.446044921875,37466.5,0.0,0.0,617.0,159.0,191.27628906417397,,,,108.58942770839789,,,,,,,0.0,
5795828964,Fuerza,str,2020-11-09 07:07:08,1728.7760009765625,0.0,83.0,107.0,90.0,,,,,,,,,,,,,0.10000000149011612,0.0
5795706250,Las Condes Running,run,2020-11-09 06:16:14,2753.097900390625,8013.31982421875,152.0,167.0,513.0,,,,,,343.52456043059163,175.328125,,,,,,3.5999999046325684,0.10000000149011612
5787084598,Yoga,str,2020-11-07 12:47:02,1115.10595703125,0.0,99.0,138.0,91.0,,,,,,,,,,,,,0.4000000059604645,0.0
5787106173,Lo Barnechea Road Cycling,bike,2020-11-07 07:10:04,13858.5107421875,76294.140625,,,2082.0,151.0,202.20532493211257,,,,181.65303891216342,,,,,,,,
5784512140,Yoga,str,2020-11-06 07:56:34,1013.6400146484375,0.0,82.0,101.0,53.0,,,,,,,,,,,,,0.10000000149011612,0.0
5780400379,Las Condes Running,run,2020-11-06 06:25:39,1572.2869873046875,5318.02001953125,152.0,172.0,297.0,,,,,,295.68303046230926,178.734375,,,,,,3.299999952316284,0.30000001192092896
5775832702,Yoga,str,2020-11-05 07:10:59,843.4439697265625,0.0,81.0,120.0,44.0,,,,,,,,,,,,,0.10000000149011612,0.0
5775776187,Zwift - Rodillo aer?bico 2,bike,2020-11-05 06:00:33,3928.679931640625,33971.55078125,0.0,0.0,577.0,154.0,175.2076513598355,,,,115.64704103446363,,,,,,,0.0,
5771411309,Fuerza,str,2020-11-04 07:36:25,2422.85302734375,0.0,85.0,119.0,134.0,,,,,,,,,,,,,0.20000000298023224,0.0
5771190169,Yoga,str,2020-11-04 07:02:30,670.697021484375,0.0,115.0,126.0,83.0,,,,,,,,,,,,,0.699999988079071,0.0
5771155004,Zwift - Nueva sesi?n de entrenamiento,bike,2020-11-04 06:00:37,3630.0,31929.880859375,0.0,0.0,505.0,145.0,152.68349722382965,,,,113.68804613199174,,,,,,,0.0,
5766684217,Yoga,str,2020-11-03 07:54:20,914.197998046875,0.0,75.0,96.0,39.0,,,,,,,,,,,,,0.10000000149011612,0.0
5766683805,Las Condes Walking,walking,2020-11-03 07:09:46,2631.741943359375,4451.39013671875,92.0,134.0,221.0,,,,,,591.3660609246185,108.078125,,,,,,1.0,0.0
5766444138,Zwift - Rodillo aer?bico 1,bike,2020-11-03 05:53:03,4051.40087890625,35635.2109375,0.0,0.0,637.0,165.0,180.3333035087351,,,,113.70096547189367,,,,,,,0.0,
5758209386,Vitacura Running,run,2020-11-01 09:09:02,2755.781982421875,10008.7197265625,154.0,171.0,520.0,,,,,,275.3303987892117,181.84375,,,,,,3.9000000953674316,0.30000001192092896
5753801997,Yoga,str,2020-10-31 12:43:35,1124.35400390625,0.0,73.0,93.0,40.0,,,,,,,,,,,,,0.0,0.0
5753072022,Colina Road Cycling,bike,2020-10-31 07:49:22,10861.3466796875,95852.453125,,,1890.0,175.0,205.08691742017422,,,,113.31445004113498,,,,,,,,
5747834099,Fuerza,str,2020-10-30 07:35:42,2028.2760009765625,0.0,94.0,141.0,141.0,,,,,,,,,,,,,0.699999988079071,0.10000000149011612
5747517512,Las Condes Running,run,2020-10-30 06:06:10,1564.8199462890625,5164.89013671875,140.0,163.0,263.0,,,,,,302.93849263127,180.421875,,,,,,2.799999952316284,0.0
5743555141,Yoga,str,2020-10-29 07:06:21,913.4559936523438,0.0,86.0,124.0,54.0,,,,,,,,,,,,,0.10000000149011612,0.0
5743495346,Zwift - TIF?N -Olympic Team-,bike,2020-10-29 05:57:03,3956.77001953125,28872.75,0.0,0.0,648.0,172.0,202.1126575572463,,,,137.04262154446621,,,,,,,0.0,
5739470278,Yoga,str,2020-10-28 07:46:22,1091.0579833984375,0.0,70.0,102.0,35.0,,,,,,,,,,,,,0.0,0.0
5739135829,Las Condes Running,run,2020-10-28 06:01:50,3666.281005859375,12457.6904296875,152.0,173.0,652.0,,,,,,294.2907591049691,178.9375,,,,,,3.4000000953674316,1.7000000476837158
5734576694,Yoga,str,2020-10-27 07:08:33,1579.2159423828125,0.0,82.0,138.0,81.0,,,,,,,,,,,,,0.4000000059604645,0.0
5734475170,Zwift - KRATOS -Olympic Team-,bike,2020-10-27 06:01:01,3919.5830078125,26681.529296875,0.0,0.0,630.0,168.0,201.88666668648114,,,,146.90759166488388,,,,,,,0.0,
5730407124,Fuerza,str,2020-10-26 07:35:52,2191.634033203125,0.0,99.0,148.0,166.0,,,,,,,,,,,,,0.699999988079071,0.4000000059604645
5730079810,Las Condes Running,run,2020-10-26 05:59:23,2244.534912109375,8003.14990234375,155.0,174.0,417.0,,,,,,280.42624909673725,182.0625,,,,,,3.700000047683716,0.5
5726406522,Yoga,str,2020-10-25 09:57:28,1209.77197265625,0.0,2.0,82.0,32.0,,,,,,,,,,,,,0.10000000149011612,0.0
5722578557,Yoga,str,2020-10-24 14:58:20,1131.20703125,0.0,0.0,0.0,45.0,,,,,,,,,,,,,0.10000000149011612,0.0
5722589781,Colina Road Cycling,bike,2020-10-24 07:41:31,16904.84765625,141049.953125,145.0,183.0,2438.0,145.0,190.97999716713684,,,,119.84659832914977,,,,,,,,
5716118927,Yoga,str,2020-10-23 07:31:26,1273.9000244140625,0.0,81.0,106.0,62.0,,,,,,,,,,,,,0.10000000149011612,0.0
5715968490,Las Condes Running,run,2020-10-23 05:47:14,4337.630859375,14092.7900390625,157.0,177.0,812.0,,,,,,307.78700452195426,178.875,,,,,,4.800000190734863,2.0999999046325684
5714637885,Yoga,str,2020-10-22 19:41:08,1609.906982421875,0.0,87.0,118.0,93.0,,,,,,,,,,,,,0.20000000298023224,0.0
5714559822,Zwift - OLYMPIC 2,bike,2020-10-22 18:34:36,3951.955078125,27044.380859375,0.0,0.0,614.0,163.0,187.54409038458064,,,,146.13473761169317,,,,,,,0.0,
5711809092,Yoga,str,2020-10-22 07:44:47,1669.6080322265625,0.0,73.0,120.0,61.0,,,,,,,,,,,,,0.10000000149011612,0.0
5711607832,Las Condes Running,run,2020-10-22 06:12:51,3725.931884765625,12087.48046875,157.0,171.0,693.0,,,,,,308.26140965942153,178.703125,,,,,,4.5,1.100000023841858
5707336711,Fuerza,str,2020-10-21 07:35:21,1956.2430419921875,0.0,105.0,140.0,168.0,,,,,,,,,,,,,0.699999988079071,0.20000000298023224
5707137978,Las Condes Running,run,2020-10-21 06:13:50,2590.237060546875,8157.009765625,156.0,172.0,480.0,,,,,,317.5611376344531,180.796875,,,,,,4.0,0.4000000059604645
5702595821,Yoga,str,2020-10-20 07:11:38,1373.906982421875,0.0,88.0,110.0,81.0,,,,,,,,,,,,,0.20000000298023224,0.0
5702494949,Zwift - OLYMPIC 1,bike,2020-10-20 06:01:37,3998.89599609375,29218.890625,0.0,0.0,662.0,173.0,211.2598113715033,,,,136.8737979947908,,,,,,,0.0,
5698179410,Yoga,str,2020-10-19 07:35:42,623.6019897460938,0.0,83.0,101.0,34.0,,,,,,,,,,,,,0.10000000149011612,0.0
5698149819,Las Condes Running,run,2020-10-19 06:14:48,3186.2080078125,10004.7998046875,159.0,172.0,597.0,,,,,,318.4713269398179,181.28125,,,,,,4.5,1.399999976158142
5694267109,Yoga,str,2020-10-18 09:35:38,865.6589965820312,0.0,70.0,92.0,27.0,,,,,,,,,,,,,0.0,0.0
5694173785,Las Condes Walking,walking,2020-10-18 09:01:25,670.7020263671875,903.5,114.0,126.0,60.0,,,,,,742.3904958247987,113.296875,,,,,,0.30000001192092896,0.0
5694173711,Las Condes Running,run,2020-10-18 08:31:06,1737.406982421875,5028.419921875,152.0,172.0,311.0,,,,,,345.54249535108494,178.8125,,,,,,3.4000000953674316,0.699999988079071
5694173633,Las Condes Walking,walking,2020-10-18 08:14:52,917.208984375,1364.6700439453125,100.0,127.0,70.0,,,,,,672.0429948160784,121.9375,,,,,,0.30000001192092896,0.0
5690102030,Yoga,str,2020-10-17 12:44:23,672.0700073242188,0.0,0.0,0.0,26.0,,,,,,,,,,,,,0.0,0.0
5689696434,Colina Running,run,2020-10-17 10:43:21,1634.9420166015625,5025.56982421875,160.0,169.0,315.0,,,,,,325.309056105928,176.796875,,,,,,3.700000047683716,0.0
5690102143,Colina Road Cycling,bike,2020-10-17 08:39:41,5850.408203125,50256.28125,150.0,188.0,905.0,156.0,225.56919239830674,,,,116.41443332206836,,,,,,,,
5684417563,Fuerza,str,2020-10-16 07:36:04,2125.989013671875,0.0,77.0,101.0,88.0,,,,,,,,,,,,,0.20000000298023224,0.0
5682743091,Las Condes Running,run,2020-10-15 18:24:50,1712.197998046875,5062.60986328125,126.0,152.0,241.0,,,,,,338.1805864709995,176.5625,,,,,,2.4000000953674316,0.0
5682742439,Las Condes Walking,walking,2020-10-15 18:09:01,900.4080200195312,1415.27001953125,77.0,112.0,51.0,,,,,,636.1323047159254,123.1875,,,,,,0.20000000298023224,0.0
5679982686,Yoga,str,2020-10-15 07:18:20,991.926025390625,0.0,75.0,92.0,39.0,,,,,,,,,,,,,0.10000000149011612,0.0
5679927136,Fuerza,str,2020-10-15 07:04:15,822.2520141601562,0.0,90.0,104.0,53.0,,,,,,,,,,,,,0.20000000298023224,0.0
5679869463,Zwift - Entreno en Zona 2 -Olympic Team-,bike,2020-10-15 05:58:43,3605.0,21163.189453125,144.0,161.0,568.0,165.0,169.6707204620232,,,,170.35775459896047,,,,,,,0.0,
5675624174,Fuerza,str,2020-10-14 07:35:02,2117.787109375,0.0,80.0,117.0,87.0,,,,,,,,,,,,,0.20000000298023224,0.0
5675464078,Las Condes Walking,walking,2020-10-14 06:57:16,1185.2130126953125,1502.489990234375,69.0,92.0,79.0,,,,,,788.6435289710066,108.484375,,,,,,0.20000000298023224,0.0
5675464031,Las Condes Running,run,2020-10-14 06:23:49,1738.06396484375,5243.60009765625,144.0,157.0,298.0,,,,,,331.45509223606524,178.546875,,,,,,3.299999952316284,0.0
5675463951,Las Condes Walking,walking,2020-10-14 05:59:38,1412.6510009765625,2192.97998046875,72.0,97.0,84.0,,,,,,644.329877902654,126.453125,,,,,,0.30000001192092896,0.0
5673984536,Zwift - Entrenamiento en Vo2 -Olympic Team-,bike,2020-10-13 19:14:23,3606.0,21228.060546875,0.0,0.0,555.0,161.0,188.83157603197026,,,,169.89466079307434,,,,,,,0.0,
5671083631,Yoga,str,2020-10-13 07:57:57,1145.4930419921875,0.0,70.0,103.0,38.0,,,,,,,,,,,,,0.10000000149011612,0.0
5670946686,Las Condes Walking,walking,2020-10-13 07:20:03,1089.4639892578125,1487.219970703125,88.0,147.0,81.0,,,,,,732.6007274823261,110.671875,,,,,,0.30000001192092896,0.0
5670945664,Las Condes Running,run,2020-10-13 06:50:52,1727.177978515625,5164.93994140625,143.0,167.0,295.0,,,,,,334.4481594683792,179.875,,,,,,3.4000000953674316,0.0
5670944140,Las Condes Walking,walking,2020-10-13 06:26:08,1457.291015625,2222.070068359375,90.0,105.0,111.0,,,,,,655.7377151698395,123.640625,,,,,,0.4000000059604645,0.0
5667591422,Las Condes Walking,walking,2020-10-12 09:36:24,4316.5029296875,6638.02001953125,90.0,104.0,320.0,,,,,,650.1950637587557,117.28125,,,,,,0.5,0.0
5666906078,Yoga,str,2020-10-12 09:05:29,987.4829711914062,0.0,4.0,74.0,20.0,,,,,,,,,,,,,0.10000000149011612,0.0
5666771219,Zwift - PEDAL W RT = 2H35 = 2 X 15'BG IF 0.70 / 30'IF 0.80 / 15'IF 0.90,bike,2020-10-12 07:39:43,4213.0,30153.2109375,142.0,165.0,657.0,163.0,170.95564763916278,,,,139.72334650537394,,,,,,,0.0,
5666906041,Yoga,str,2020-10-11 10:04:00,972.5910034179688,0.0,81.0,120.0,53.0,,,,,,,,,,,,,0.30000001192092896,0.0
5662516508,Las Condes Walking,walking,2020-10-11 08:43:58,1232.720947265625,1730.6099853515625,104.0,144.0,102.0,,,,,,712.2506899959126,111.203125,,,,,,0.4000000059604645,0.0
5662516129,Las Condes Running,run,2020-10-11 08:17:15,1576.843017578125,5010.56982421875,137.0,174.0,249.0,,,,,,314.66331290195626,183.0625,,,,,,3.200000047683716,0.5
5662516060,Las Condes Walking,walking,2020-10-11 07:52:59,1427.0880126953125,2211.52001953125,73.0,107.0,54.0,,,,,,645.1613101701216,123.046875,,,,,,0.20000000298023224,0.0
5658757746,Yoga,str,2020-10-10 12:57:33,1198.5670166015625,0.0,3.0,126.0,49.0,,,,,,,,,,,,,0.30000001192092896,0.0
5658809282,Colina Road Cycling,bike,2020-10-10 08:51:04,10555.0380859375,95949.171875,155.0,179.0,1681.0,160.0,193.53676644860107,,,,110.01099925342724,,,,,,,,
5652923324,Fuerza,str,2020-10-09 07:36:01,4242.77587890625,0.0,87.0,132.0,230.0,,,,,,,,,,,,,0.800000011920929,0.0
5652513988,Las Condes Walking,walking,2020-10-09 06:35:27,447.39300537109375,619.1099853515625,105.0,139.0,40.0,,,,,,722.5433819762954,111.640625,,,,,,0.20000000298023224,0.0
5652513957,Las Condes Running,run,2020-10-09 06:14:21,1233.2769775390625,3558.97998046875,132.0,155.0,191.0,,,,,,346.5003563473909,179.4375,,,,,,2.700000047683716,0.0
5652513877,Las Condes Walking,walking,2020-10-09 05:50:21,1415.385986328125,2131.570068359375,87.0,100.0,105.0,,,,,,664.0106056686627,122.03125,,,,,,0.4000000059604645,0.0
5648665710,Zwift - Rodillo pre partido de Chile - Olympic Team-,bike,2020-10-08 08:22:33,3789.256103515625,30918.44921875,140.0,178.0,541.0,151.0,178.0180677453317,,,,122.56403375111567,,,,,,,0.0,
5648378705,Fuerza,str,2020-10-08 07:36:30,2241.501953125,0.0,89.0,135.0,138.0,,,,,,,,,,,,,0.699999988079071,0.0
5643858030,Fuerza,str,2020-10-07 07:35:35,2122.299072265625,0.0,89.0,131.0,126.0,,,,,,,,,,,,,0.5,0.0
5643591805,Las Condes Walking,walking,2020-10-07 06:36:03,982.5380249023438,1463.97998046875,113.0,147.0,94.0,,,,,,671.1409353016787,121.578125,,,,,,0.699999988079071,0.0
5643591744,Las Condes Running,run,2020-10-07 06:18:50,1000.5369873046875,2960.7099609375,148.0,167.0,174.0,,,,,,337.9519981796714,181.25,,,,,,3.0,0.0
5643591672,Las Condes Walking,walking,2020-10-07 05:55:59,1334.7950439453125,2163.669921875,96.0,114.0,106.0,,,,,,616.9031266073214,124.203125,,,,,,0.5,0.0
5638958462,Fuerza,str,2020-10-06 07:11:46,1795.1190185546875,0.0,95.0,135.0,99.0,,,,,,,,,,,,,0.4000000059604645,0.0
5638839414,Zwift - SAVITAR,bike,2020-10-06 05:57:10,4245.7958984375,41705.19921875,149.0,179.0,657.0,163.0,180.34774525069164,,,,101.81226286186005,,,,,,,0.0,
5634621510,Fuerza,str,2020-10-05 07:36:45,2246.343994140625,0.0,91.0,131.0,139.0,,,,,,,,,,,,,0.5,0.0
5634387051,Las Condes Walking,walking,2020-10-05 06:38:28,1501.5360107421875,2193.860107421875,109.0,146.0,139.0,,,,,,684.4627128673253,108.640625,,,,,,0.800000011920929,0.0
5634386940,Las Condes Running,run,2020-10-05 06:23:40,853.9730224609375,2251.5,148.0,165.0,146.0,,,,,,379.21879718418353,175.765625,,,,,,2.700000047683716,0.10000000149011612
5634386895,Las Condes Walking,walking,2020-10-05 05:59:52,1393.0989990234375,2188.18994140625,100.0,118.0,106.0,,,,,,636.5372455429876,121.875,,,,,,0.4000000059604645,0.0
5631389733,Lo Barnechea Hiking,hiking,2020-10-04 09:05:35,8595.5185546875,6413.56982421875,98.0,138.0,583.0,,,,,,1340.482588292577,83.546875,,,,,,0.699999988079071,0.0
5626789374,Yoga,str,2020-10-03 13:00:58,1347.5419921875,0.0,0.0,0.0,55.0,,,,,,,,,,,,,0.10000000149011612,0.0
5626729584,Lampa Road Cycling,bike,2020-10-03 08:58:03,6436.1708984375,62465.3515625,166.0,192.0,1240.0,193.0,227.1828820592034,,,,103.0396710830812,,,,,,,,
5626038962,Fuerza,str,2020-10-02 07:37:53,1994.008056640625,0.0,0.0,0.0,76.0,,,,,,,,,,,,,0.10000000149011612,0.0
5620789935,Zwift - PEDAL W RT = 2H35 = 2 X 15'BG IF 0.70 / 30'IF 0.80 / 15'IF 0.90,bike,2020-10-02 05:49:27,4206.0,35008.390625,154.0,173.0,658.0,163.0,171.32445685774533,,,,120.14898540189644,,,,,,,0.0,
5616381194,Yoga,str,2020-10-01 07:03:17,1514.8680419921875,0.0,107.0,126.0,148.0,,,,,,,,,,,,,0.8999999761581421,0.0
5616288637,Zwift - Escaleras - Olympic Team-,bike,2020-10-01 05:44:21,4547.51806640625,43726.94140625,152.0,182.0,681.0,157.0,171.46858112085576,,,,104.0041626421907,,,,,,,0.0,
5611889761,Fuerza,str,2020-09-30 07:34:29,2199.327880859375,0.0,93.0,141.0,147.0,,,,,,,,,,,,,0.5,0.10000000149011612
5611624792,Zwift - PEDAL W RT = 2H35 = 2 X 15'BG IF 0.70 / 30'IF 0.80 / 15'IF 0.90,bike,2020-09-30 05:49:06,4065.0,34156.12890625,149.0,172.0,619.0,159.0,165.1049038824975,,,,119.01927507134964,,,,,,,0.0,
5606694503,Fuerza,str,2020-09-29 05:59:55,2568.031982421875,0.0,80.0,127.0,122.0,,,,,,,,,,,,,0.20000000298023224,0.0
5602523166,Fuerza,str,2020-09-28 07:36:42,2380.75,0.0,80.0,111.0,114.0,,,,,,,,,,,,,0.20000000298023224,0.0
5598982651,Lo Barnechea Hiking,hiking,2020-09-27 08:34:54,7949.2958984375,7362.3798828125,108.0,144.0,653.0,,,,,,1079.9136080236347,82.609375,,,,,,1.399999976158142,0.10000000149011612
5593755634,Yoga,str,2020-09-26 10:27:16,1024.762939453125,0.0,103.0,139.0,96.0,,,,,,,,,,,,,1.5,0.0
5593684059,Zwift - Pedaleo Largo 2 -Olympic Team-,bike,2020-09-26 08:04:55,8503.0,78946.0625,157.0,178.0,1397.0,171.0,181.1460704966615,,,,107.71218841743897,,,,,,,0.0,
5588640787,Zwift - Innsbruck,bike,2020-09-25 06:05:10,3639.9541015625,31822.419921875,0.0,0.0,471.0,136.0,147.2658765543846,,,,114.39030459433876,,,,,,,0.0,
5579822878,Fuerza,str,2020-09-23 07:34:47,3589.138916015625,0.0,78.0,104.0,155.0,,,,,,,,,,,,,0.20000000298023224,0.0
5579559961,Yoga,str,2020-09-23 07:06:18,1066.2669677734375,0.0,105.0,125.0,108.0,,,,,,,,,,,,,1.100000023841858,0.0
5579474204,Zwift - Heimdall -Olympic Team-,bike,2020-09-23 05:53:07,4262.0,36095.359375,138.0,167.0,608.0,149.0,168.03069054823015,,,,118.07769703808053,,,,,,,0.0,
5574461638,Yoga,str,2020-09-22 07:04:42,1362.6429443359375,0.0,83.0,117.0,74.0,,,,,,,,,,,,,0.20000000298023224,0.0
5574379266,Zwift - Angus 2.0 -Olympic Team-,bike,2020-09-22 05:52:16,4300.0,39714.87109375,143.0,172.0,641.0,156.0,181.3358442835983,,,,108.27197849627575,,,,,,,0.0,
5569734943,Fuerza,str,2020-09-21 07:34:48,2168.56005859375,0.0,80.0,129.0,106.0,,,,,,,,,,,,,0.6000000238418579,0.0
5565242621,Yoga,str,2020-09-20 09:17:26,1655.967041015625,0.0,106.0,146.0,156.0,,,,,,,,,,,,,1.0,0.0
5565072528,Zwift -  Stage 3 // Virtual Haute Route Ventoux  (B),bike,2020-09-20 08:02:30,4236.0,23015.150390625,176.0,184.0,1077.0,217.0,219.71029691363117,,,,184.06036882954254,,,,,,,0.0,
5559878676,Yoga,str,2020-09-19 09:31:52,1590.1910400390625,0.0,97.0,133.0,125.0,,,,,,,,,,,,,0.6000000238418579,0.0
5559737765,Zwift -  Stage 2 // Virtual Haute Route Ventoux  (B),bike,2020-09-19 08:02:29,5228.0,21055.740234375,171.0,178.0,1219.0,202.0,204.82248462021857,,,,248.32381731180593,,,,,,,0.0,
5555115199,Yoga,str,2020-09-18 09:42:07,1421.281982421875,0.0,95.0,109.0,107.0,,,,,,,,,,,,,0.4000000059604645,0.0
5555007250,Zwift -  Stage 1 // Virtual Haute Route Ventoux  (B),bike,2020-09-18 08:02:30,5794.0,62505.28125,166.0,175.0,1174.0,178.0,180.89654937055155,,,,92.70418351569434,,,,,,,0.0,
5554517851,Zwift - Yorkshire,bike,2020-09-18 07:33:15,326.0,2534.56005859375,116.0,128.0,35.0,114.0,116.0596416954791,,,,128.63390512081634,,,,,,,0.0,
5549700313,Zwift - T?NATOS,bike,2020-09-17 06:06:55,3431.0,35785.23046875,155.0,170.0,632.0,192.0,196.00300464001296,,,,95.88647133092572,,,,,,,0.0,
5544780038,Zwift - PEDAL W RT = 2H35 = 2 X 15'BG IF 0.70 / 30'IF 0.80 / 15'IF 0.90,bike,2020-09-16 05:57:02,4208.0,34291.890625,138.0,149.0,611.0,151.0,155.05823759357577,,,,122.71444096242342,,,,,,,0.0,
5539547423,Fuerza,str,2020-09-15 06:52:40,1223.134033203125,0.0,101.0,137.0,105.0,,,,,,,,,,,,,0.6000000238418579,0.10000000149011612
5539469759,Zwift - David -Olympic Team-,bike,2020-09-15 05:48:22,3731.0,32556.859375,144.0,168.0,560.0,157.0,176.93074378517753,,,,114.60004804437744,,,,,,,0.0,
5535327078,Yoga,str,2020-09-14 08:33:51,3068.19189453125,0.0,68.0,110.0,97.0,,,,,,,,,,,,,0.20000000298023224,0.0
5534642829,Fuerza,str,2020-09-14 06:58:24,1575.0570068359375,0.0,78.0,105.0,73.0,,,,,,,,,,,,,0.10000000149011612,0.0
5534548805,Zwift - SAVITAR,bike,2020-09-14 05:55:42,3643.4150390625,31429.55078125,129.0,166.0,540.0,155.0,173.3817379772589,,,,115.92858255545568,,,,,,,0.0,
5531236842,Yoga,str,2020-09-13 11:43:31,1266.6829833984375,0.0,67.0,104.0,37.0,,,,,,,,,,,,,0.0,0.0
5530486825,Las Condes Cycling,bike,2020-09-13 08:13:40,5292.59423828125,24607.330078125,123.0,159.0,679.0,,,,,,215.10001374406903,,,,,,,2.4000000953674316,2.0999999046325684
5525525113,Yoga,str,2020-09-12 10:32:32,1774.1710205078125,0.0,99.0,122.0,142.0,,,,,,,,,,,,,0.5,0.0
5525182767,Zwift - D?a de Escaladas -Olympic Team-,bike,2020-09-12 07:59:57,9009.0,65489.05078125,11.0,156.0,1389.0,161.0,177.2742328591908,,,,137.5705038730145,,,,,,,0.0,
5519663934,Yoga,str,2020-09-11 07:01:50,2586.48388671875,0.0,75.0,130.0,107.0,,,,,,,,,,,,,0.10000000149011612,0.0
5519487976,Zwift - PEDAL W RT = 2H35 = 2 X 15'BG IF 0.70 / 30'IF 0.80 / 15'IF 0.90,bike,2020-09-11 05:47:52,4209.0,34714.7109375,145.0,160.0,644.0,160.0,165.627504082739,,,,121.25621819495477,,,,,,,0.0,
5514763364,Yoga,str,2020-09-10 06:46:06,1862.1639404296875,0.0,81.0,112.0,96.0,,,,,,,,,,,,,0.20000000298023224,0.0
5514647015,Zwift - Vam 2 - Olympic Team-,bike,2020-09-10 05:57:31,2660.0,24482.44921875,138.0,163.0,381.0,150.0,171.0502712545953,,,,108.66021868291806,,,,,,,0.0,
5509956900,Yoga,str,2020-09-09 07:00:28,1650.22900390625,0.0,88.0,132.0,104.0,,,,,,,,,,,,,0.20000000298023224,0.0
5509812052,Zwift - D?a de carrera en Zwift,bike,2020-09-09 05:56:04,3667.37109375,36434.51171875,151.0,173.0,620.0,176.0,191.72445547360303,,,,100.66438478598585,,,,,,,0.0,
5509956340,Yoga,str,2020-09-08 06:48:25,1946.803955078125,0.0,79.0,109.0,91.0,,,,,,,,,,,,,0.10000000149011612,0.0
5504691697,Zwift - VAM -Olympic Team-,bike,2020-09-08 05:53:05,3007.0,27009.7890625,139.0,173.0,411.0,143.0,168.3501685171286,,,,111.3337743183225,,,,,,,0.0,
5499993672,Yoga,str,2020-09-07 07:06:59,1486.8310546875,0.0,79.0,107.0,72.0,,,,,,,,,,,,,0.10000000149011612,0.0
5499909157,Zwift - SAVITAR,bike,2020-09-07 05:56:43,3945.613037109375,35484.3203125,142.0,165.0,578.0,153.0,170.79990450768412,,,,111.19759775453338,,,,,,,0.0,
5496529306,Yoga,str,2020-09-06 11:04:09,1000.4329833984375,0.0,71.0,83.0,35.0,,,,,,,,,,,,,0.0,0.0
5496072514,Las Condes Cycling,bike,2020-09-06 08:22:41,5891.68212890625,26632.109375,115.0,154.0,632.0,,,,,,221.23893898668095,,,,,,,2.0999999046325684,1.5
5490363687,Yoga,str,2020-09-05 07:52:07,1308.6910400390625,0.0,13.0,86.0,29.0,,,,,,,,,,,,,0.10000000149011612,0.0
5490228488,Zwift - PEDAL W RT = 2H35 = 2 X 15'BG IF 0.70 / 30'IF 0.80 / 15'IF 0.90,bike,2020-09-05 05:57:05,6612.0,66634.53125,145.0,159.0,1021.0,161.0,166.93862581073282,,,,99.23588700137226,,,,,,,0.0,
5485798807,Yoga,str,2020-09-04 08:36:18,2488.596923828125,0.0,68.0,87.0,72.0,,,,,,,,,,,,,0.0,0.0
5485251967,Zwift - SAVITAR,bike,2020-09-04 05:54:54,4619.17578125,26131.220703125,138.0,181.0,626.0,142.0,173.49058112964724,,,,176.77213868417053,,,,,,,0.0,
5481370018,Fuerza,str,2020-09-03 09:26:58,4310.85986328125,0.0,87.0,126.0,251.0,,,,,,,,,,,,,0.30000001192092896,0.0
5480395568,Zwift - Aer?bico 2 -Olympic Team-,bike,2020-09-03 05:50:14,3613.0,34594.87890625,146.0,166.0,535.0,154.0,162.82839938520053,,,,104.43864437807734,,,,,,,0.0,
5476429226,Fuerza,str,2020-09-02 09:10:11,3353.44091796875,0.0,86.0,125.0,196.0,,,,,,,,,,,,,0.4000000059604645,0.0
5475557255,Zwift - Carrera en Zwift Meet Up,bike,2020-09-02 05:46:03,3801.0,29575.900390625,157.0,174.0,685.0,188.0,199.14306736816022,,,,128.51818305496894,,,,,,,0.0,
5471413341,Fuerza,str,2020-09-01 09:01:03,1732.676025390625,0.0,93.0,123.0,126.0,,,,,,,,,,,,,0.5,0.0
5471413279,Yoga,str,2020-09-01 08:38:17,1352.0849609375,0.0,69.0,81.0,43.0,,,,,,,,,,,,,0.0,0.0
5470479783,Zwift - Series Aer?bicas -Olympic Team-,bike,2020-09-01 05:55:14,3614.0,36519.48828125,156.0,174.0,613.0,177.0,187.49371038504373,,,,98.96091492337574,,,,,,,0.0,
5466490758,Fuerza,str,2020-08-31 09:14:54,2082.64501953125,0.0,78.0,109.0,98.0,,,,,,,,,,,,,0.20000000298023224,0.0
5466490558,Yoga,str,2020-08-31 08:40:15,2064.5791015625,0.0,63.0,102.0,50.0,,,,,,,,,,,,,0.0,0.0
5465727401,Zwift - SAVITAR,bike,2020-08-31 05:54:14,3949.259033203125,32914.890625,143.0,172.0,575.0,153.0,175.55369104549152,,,,119.99040604053265,,,,,,,0.0,
5432449041,Las Condes Running,run,2020-08-24 05:52:04,210.14300537109375,634.8099975585938,116.0,130.0,27.0,,,,,,331.0162298263624,177.78125,,,,,,0.30000001192092896,0.0
5424139485,Yoga,str,2020-08-22 11:30:57,806.4940185546875,0.0,84.0,108.0,32.0,,,,,,,,,,,,,0.0,0.0
5424057586,Fuerza,str,2020-08-22 10:37:51,3055.89404296875,0.0,109.0,161.0,275.0,,,,,,,,,,,,,2.0999999046325684,0.8999999761581421
5423448974,Zwift - The BMTR Fundo (D),bike,2020-08-22 08:10:14,5142.44482421875,60398.76171875,162.0,174.0,997.0,189.0,197.9934623224363,,,,85.14261470785857,,,,,,,0.0,
5422967101,Zwift - France,bike,2020-08-22 07:40:33,1241.0450439453125,7947.83984375,129.0,161.0,147.0,124.0,173.44009689318102,,,,156.15240949084676,,,,,,,0.0,
5418372708,Fuerza,str,2020-08-21 07:37:42,2199.799072265625,0.0,7.0,105.0,92.0,,,,,,,,,,,,,0.10000000149011612,0.0
5418096003,Zwift - Watopia,bike,2020-08-21 06:00:34,3920.0,33923.7890625,0.0,0.0,494.0,131.0,142.43064712885678,,,,115.55349750181198,,,,,,,0.0,
5413427515,Las Condes Running,run,2020-08-20 07:16:20,717.677978515625,2474.27001953125,154.0,169.0,140.0,,,,,,290.02320570655706,174.40625,,,,,,2.700000047683716,0.6000000238418579
5413205956,Zwift - Carrera en Zwift 20-08,bike,2020-08-20 05:46:02,4518.48291015625,43278.5703125,149.0,170.0,742.0,171.0,189.13149857648702,,,,104.4059295083539,,,,,,,0.0,
5408565383,Fuerza,str,2020-08-19 07:35:53,2753.410888671875,0.0,72.0,137.0,217.0,,,,,,,,,,,,,0.6000000238418579,0.0
5408272747,Zwift - Carrera en Zwift 19-08,bike,2020-08-19 05:50:54,5417.5517578125,54531.3515625,150.0,170.0,890.0,172.0,184.10726862247583,,,,99.35420185699776,,,,,,,0.0,
5403444094,Las Condes Running,run,2020-08-18 07:07:40,2670.632080078125,10005.240234375,164.0,175.0,563.0,,,,,,266.95141117256435,179.703125,,,,,,4.800000190734863,3.4000000953674316
5402995759,Zwift - Carrera en Zwift 18-08,bike,2020-08-18 05:50:21,3914.0,38733.0390625,137.0,169.0,600.0,160.0,176.08267157976135,,,,101.05093060342452,,,,,,,0.0,
5398506640,Fuerza,str,2020-08-17 07:35:31,2570.741943359375,0.0,101.0,144.0,185.0,,,,,,,,,,,,,1.0,0.0
5398295383,Zwift - Tempo Ride -Olympic Team-,bike,2020-08-17 05:59:57,5303.0,47769.23046875,141.0,171.0,847.0,167.0,183.5534653237596,,,,111.02475889732506,,,,,,,0.0,
5389650293,Fuerza,str,2020-08-15 10:36:37,3229.7119140625,0.0,110.0,134.0,299.0,,,,,,,,,,,,,1.2000000476837158,0.0
5389267067,Zwift - C Bustos [OLYMPIC]'s Meetup - The Fan Flats,bike,2020-08-15 08:49:57,5413.0,50797.53125,143.0,184.0,711.0,137.0,202.86711497472683,,,,106.56436686908533,,,,,,,0.0,
5383948785,Las Condes Running,run,2020-08-14 07:26:55,3388.287109375,12020.2197265625,165.0,175.0,726.0,,,,,,281.84892124667647,175.875,,,,,,5.0,2.4000000953674316
5383597441,Zwift - Carga 2 -Olympic Team-,bike,2020-08-14 05:52:41,4806.0,43894.01953125,146.0,176.0,789.0,171.0,195.39358950025115,,,,109.4930427096337,,,,,,,0.0,
5378908437,Fuerza,str,2020-08-13 07:05:57,2056.071044921875,0.0,99.0,129.0,158.0,,,,,,,,,,,,,0.699999988079071,0.0
5378712731,Zwift - Anaer?bico 2.0 -Olympic Team-,bike,2020-08-13 05:55:33,3612.0,32292.490234375,142.0,174.0,595.0,172.0,203.3244032264014,,,,111.85682851644219,,,,,,,0.0,
5374119816,Las Condes Running,run,2020-08-12 07:03:34,2819.577880859375,10009.849609375,162.0,177.0,594.0,,,,,,281.6901446287416,175.84375,,,,,,5.0,2.9000000953674316
5373730730,Zwift - TIT?N -Olympic Team-,bike,2020-08-12 05:49:48,3638.0,37256.01953125,148.0,167.0,670.0,192.0,207.27350921845678,,,,97.65625218278733,,,,,,,0.0,
5371720679,Yoga,str,2020-08-11 18:23:54,1010.6920166015625,0.0,0.0,71.0,50.0,,,,,,,,,,,,,0.10000000149011612,0.0
5368811559,Fuerza,str,2020-08-11 07:10:35,2224.58203125,0.0,12.0,71.0,95.0,,,,,,,,,,,,,0.20000000298023224,0.0
5368613340,Zwift - Carga 1 - Olympic Team-,bike,2020-08-11 05:57:21,3787.0,37176.828125,133.0,164.0,618.0,171.0,196.04249372714776,,,,101.87449078590886,,,,,,,0.0,
5366619647,Yoga,str,2020-08-10 18:37:47,1695.18798828125,0.0,0.0,71.0,70.0,,,,,,,,,,,,,0.10000000149011612,0.0
5363826230,Las Condes Running,run,2020-08-10 06:57:19,2246.882080078125,8058.22998046875,160.0,172.0,486.0,,,,,,278.8622447222463,177.390625,,,,,,4.5,2.0999999046325684
5363588080,Zwift - LISANDRA -Olympic Team-,bike,2020-08-10 05:42:54,3787.0,37302.171875,135.0,167.0,622.0,172.0,195.58176026342915,,,,101.52283870782847,,,,,,,0.0,
5354911822,Fuerza,str,2020-08-08 10:40:20,3036.0830078125,0.0,5.0,122.0,77.0,,,,,,,,,,,,,0.5,0.0
5354538592,Zwift - Un largo para soltar pierna,bike,2020-08-08 08:29:57,6642.0,47883.2890625,0.0,0.0,998.0,157.0,163.0490212461445,,,,138.71549239206954,,,,,,,0.0,
5353941862,Yoga,str,2020-08-08 08:10:45,693.3619995117188,0.0,77.0,107.0,27.0,,,,,,,,,,,,,0.0,0.0
5348935115,Yoga,str,2020-08-07 07:28:05,1206.4410400390625,0.0,7.0,80.0,39.0,,,,,,,,,,,,,0.10000000149011612,0.0
5348818941,Las Condes Running,run,2020-08-07 05:55:09,3840.98388671875,13119.7802734375,149.0,170.0,765.0,,,,,,292.7400563187137,177.46875,,,,,,4.800000190734863,1.0
5343890720,Fuerza,str,2020-08-06 07:11:12,1946.0009765625,0.0,0.0,71.0,89.0,,,,,,,,,,,,,0.10000000149011612,0.0
5343716415,Zwift - Semana de baja 2 -Olympic Team-,bike,2020-08-06 05:50:02,4515.0,41393.3984375,135.0,154.0,647.0,150.0,154.22734732896689,,,,109.0869444719555,,,,,,,0.0,
5338831924,Fuerza,str,2020-08-05 07:34:44,2680.551025390625,0.0,1.0,109.0,109.0,,,,,,,,,,,,,0.10000000149011612,0.0
5338456516,Las Condes Running,run,2020-08-05 05:59:47,3114.261962890625,10708.1796875,157.0,172.0,657.0,,,,,,290.86678607937836,176.328125,,,,,,4.800000190734863,2.0
5333480288,Fuerza,str,2020-08-04 07:18:54,2294.306884765625,0.0,7.0,122.0,103.0,,,,,,,,,,,,,0.5,0.0
5333280722,Zwift - Semana de baja 1 -Olympic Team-,bike,2020-08-04 05:52:01,4532.7880859375,38392.30078125,129.0,149.0,619.0,143.0,146.58578495523454,,,,118.07769703808053,,,,,,,0.0,
5328515466,Fuerza,str,2020-08-03 07:36:10,2363.14501953125,0.0,3.0,73.0,104.0,,,,,,,,,,,,,0.10000000149011612,0.0
5328175720,Las Condes Running,run,2020-08-03 06:25:48,1683.5460205078125,5605.27978515625,140.0,170.0,318.0,,,,,,300.3905080041751,181.328125,,,,,,3.299999952316284,0.699999988079071
5323993129,Yoga,str,2020-08-02 09:14:30,1043.677978515625,0.0,2.0,72.0,45.0,,,,,,,,,,,,,0.10000000149011612,0.0
5323840428,Zwift - Watopia,bike,2020-08-02 07:45:32,4670.0,31545.51953125,153.0,172.0,826.0,185.0,199.85409035321769,,,,148.06040454908566,,,,,,,0.0,
5318653130,Zwift - C Bustos [OLYMPIC]'s Meetup - The Fan Flats,bike,2020-08-01 08:49:59,5412.0,52306.51953125,147.0,191.0,760.0,146.0,222.4025461266931,,,,103.47682593015323,,,,,,,0.0,
5312464490,Fuerza,str,2020-07-31 07:34:57,2254.343017578125,0.0,1.0,121.0,122.0,,,,,,,,,,,,,0.30000001192092896,0.0
5306282132,Fuerza,str,2020-07-30 07:13:40,2199.85791015625,0.0,3.0,124.0,125.0,,,,,,,,,,,,,0.5,0.0
5306035082,Zwift - Fenrir,bike,2020-07-30 06:48:40,1097.0,10590.9296875,139.0,158.0,176.0,168.0,195.4977293284909,,,,103.5840036005304,,,,,,,0.0,
5305918560,Zwift - Fenrir,bike,2020-07-30 05:58:41,2869.0,27720.5,138.0,162.0,488.0,178.0,200.204738728987,,,,103.498243717194,,,,,,,0.0,
5300784958,Fuerza,str,2020-07-29 07:35:05,10499.9345703125,0.0,0.0,74.0,506.0,,,,,,,,,,,,,0.20000000298023224,0.0
5299529441,Zwift - Yorkshire,bike,2020-07-29 05:55:07,4254.173828125,37742.12890625,143.0,167.0,738.0,181.0,191.8112263239463,,,,112.72685912733266,,,,,,,0.0,
5297937533,Yoga,str,2020-07-28 07:37:07,1329.677001953125,0.0,3.0,74.0,61.0,,,,,,,,,,,,,0.20000000298023224,0.0
5291908804,Zwift - TRIT?N,bike,2020-07-28 06:00:34,3609.0,32819.0,145.0,175.0,618.0,179.0,220.2045600689257,,,,109.9747008349081,,,,,,,0.0,
5289773491,Fuerza,str,2020-07-27 07:37:47,1512.2889404296875,0.0,0.0,0.0,59.0,,,,,,,,,,,,,0.10000000149011612,0.0
5283954967,Zwift - Anaer?bico 3.0 -Olympic Team-,bike,2020-07-27 05:56:42,3125.0,29231.33984375,144.0,179.0,523.0,175.0,218.25505113058688,,,,106.90613536588101,,,,,,,0.0,
5298265074,Zwift - Ham Sandwich,bike,2020-07-26 08:20:01,3130.0,21039.529296875,149.0,172.0,650.0,192.0,208.4715607173042,,,,148.7873785230592,,,,,,,0.0,
5280902692,Yoga,str,2020-07-26 07:51:34,724.5759887695312,0.0,71.0,94.0,30.0,,,,,,,,,,,,,0.10000000149011612,0.0
5280901572,Fuerza,str,2020-07-25 10:38:25,3426.280029296875,0.0,87.0,117.0,210.0,,,,,,,,,,,,,0.30000001192092896,0.0
5296842280,Zwift - Aerobico 3 -Olympic Team-,bike,2020-07-25 08:59:59,4631.0,46795.390625,0.0,0.0,754.0,170.0,178.88091091794064,,,,98.9707037746399,,,,,,,0.0,
5280897863,Yoga,str,2020-07-25 08:34:37,751.1240234375,0.0,68.0,91.0,25.0,,,,,,,,,,,,,0.0,0.0
5280897123,Yoga,str,2020-07-24 06:52:53,2068.75390625,0.0,64.0,92.0,62.0,,,,,,,,,,,,,0.10000000149011612,0.0
5280894594,Fuerza,str,2020-07-23 07:34:41,2301.35009765625,0.0,3.0,72.0,94.0,,,,,,,,,,,,,0.10000000149011612,0.0
5289388436,Zwift - KRATOS 2.0 -Olympic Team-,bike,2020-07-23 05:51:42,2998.0,27696.51953125,0.0,0.0,454.0,158.0,178.83495032423144,,,,108.2485396281207,,,,,,,0.0,
5275226990,Fuerza,str,2020-07-22 07:34:54,3205.68408203125,0.0,2.0,84.0,154.0,,,,,,,,,,,,,0.20000000298023224,0.0
5274836502,Zwift - Intervalos Crucero 5x6min - Olympic Team-,bike,2020-07-22 05:55:02,4273.0,37751.19921875,139.0,154.0,744.0,182.0,187.1123103637113,,,,113.19900854139858,,,,,,,0.0,
5269701349,Yoga,str,2020-07-21 07:21:46,642.7550048828125,0.0,1.0,71.0,28.0,,,,,,,,,,,,,0.10000000149011612,0.0
5269644258,Fuerza,str,2020-07-21 06:55:12,1555.2840576171875,0.0,2.0,121.0,74.0,,,,,,,,,,,,,0.30000001192092896,0.0
5269457225,Indoor Cycling,bike,2020-07-21 05:46:42,3278.639892578125,0.0,130.0,154.0,508.0,155.0,166.0,90.30000305175781,1.0,,,,,,,,,3.0,0.4000000059604645
5264839997,Fuerza,str,2020-07-20 07:35:46,2441.656005859375,0.0,76.0,100.0,108.0,,,,,,,,,,,,,0.20000000298023224,0.0
5261514757,Zwift - Mar?a  Jaqueih's Meetup - The Mega Pretzel,bike,2020-07-19 09:04:57,12771.0,107939.1484375,163.0,179.0,2243.0,183.0,191.37131049975832,,,,118.32918882051332,,,,,,,0.0,
5260184738,Zwift - London,bike,2020-07-19 08:37:34,507.0,4983.10986328125,136.0,162.0,79.0,164.0,183.11165541377488,,,,101.75010103921194,,,,,,,0.0,
5260116032,Fuerza,str,2020-07-19 08:23:13,612.4240112304688,0.0,87.0,124.0,44.0,,,,,,,,,,,,,0.30000001192092896,0.0
5260026150,Yoga,str,2020-07-19 08:07:08,627.7620239257812,0.0,58.0,79.0,14.0,,,,,,,,,,,,,0.0,0.0
5254659091,Zwift - L'Etape du Tour Stage 3 - Open,bike,2020-07-18 07:01:20,4573.0,21132.08984375,174.0,179.0,1290.0,237.0,238.8570802141285,,,,216.40338464621436,,,,,,,0.0,
5254111826,Fuerza,str,2020-07-18 06:16:48,821.8319702148438,0.0,98.0,139.0,73.0,,,,,,,,,,,,,0.6000000238418579,0.30000001192092896
5254035064,Yoga,str,2020-07-18 06:00:21,871.10498046875,0.0,67.0,114.0,29.0,,,,,,,,,,,,,0.10000000149011612,0.0
5249697794,Yoga,str,2020-07-17 07:28:59,994.0650024414062,0.0,78.0,102.0,53.0,,,,,,,,,,,,,0.10000000149011612,0.0
5249624315,Fuerza,str,2020-07-17 06:58:57,1754.0439453125,0.0,61.0,85.0,44.0,,,,,,,,,,,,,0.0,0.0
5245017178,Yoga,str,2020-07-16 07:36:28,1093.741943359375,0.0,70.0,109.0,39.0,,,,,,,,,,,,,0.10000000149011612,0.0
5244894706,Zwift - Rafael Ribeiro (Santitreinos)'s Meetup - Tick Tock,bike,2020-07-16 05:54:59,5549.0,60075.21875,147.0,167.0,985.0,185.0,191.3055441009348,,,,92.37021801843642,,,,,,,0.0,
5240247806,Fuerza,str,2020-07-15 07:35:00,2356.568115234375,0.0,100.0,156.0,210.0,,,,,,,,,,,,,1.7999999523162842,1.2999999523162842
5239952764,Zwift - Base Endurance II -Olympic Team-,bike,2020-07-15 05:49:36,4808.0,44365.109375,145.0,164.0,806.0,175.0,181.04959466528445,,,,108.37758473691169,,,,,,,0.0,
5235152794,Fuerza,str,2020-07-14 07:34:32,2551.922119140625,0.0,93.0,150.0,180.0,,,,,,,,,,,,,1.600000023841858,0.5
5234893579,Zwift - Zwift 14/07,bike,2020-07-14 05:55:01,5405.0,35986.21875,141.0,173.0,903.0,168.0,184.8743963751902,,,,150.21781436959543,,,,,,,0.0,
5230265891,Fuerza,str,2020-07-13 07:32:52,2659.85595703125,0.0,88.0,125.0,166.0,,,,,,,,,,,,,0.30000001192092896,0.0
5229951803,Zwift - PEDAL W RT = 2H35 = 2 X 15'BG IF 0.70 / 30'IF 0.80 / 15'IF 0.90,bike,2020-07-13 05:49:25,4777.0,31325.01953125,144.0,172.0,784.0,171.0,195.85770303327587,,,,152.50876552775043,,,,,,,0.0,
5220045179,Zwift - L'Etape du Tour Stage 2 - Open,bike,2020-07-11 07:01:20,3844.0,47502.8515625,172.0,180.0,1122.0,230.0,232.20532352689716,,,,80.92578875122769,,,,,,,0.0,
5219707903,Yoga,str,2020-07-11 06:19:40,2208.714111328125,0.0,102.0,150.0,225.0,,,,,,,,,,,,,2.4000000953674316,1.2999999523162842
5215210925,Yoga,str,2020-07-10 07:04:43,1867.637939453125,0.0,71.0,127.0,76.0,,,,,,,,,,,,,0.20000000298023224,0.0
5210646253,Fuerza,str,2020-07-09 07:34:43,2838.368896484375,0.0,98.0,148.0,242.0,,,,,,,,,,,,,1.7999999523162842,0.800000011920929
5210321173,Zwift - Aer?bico 1.1 -Olympic Team-,bike,2020-07-09 05:50:49,4524.0,42697.8984375,148.0,168.0,751.0,173.0,181.1679201909898,,,,105.95465449261656,,,,,,,0.0,
5205916182,Fuerza,str,2020-07-08 07:34:13,2750.5859375,0.0,90.0,146.0,188.0,,,,,,,,,,,,,0.8999999761581421,0.8999999761581421
5205653541,Zwift - Medusa -OLYMPIC TEAM-,bike,2020-07-08 05:54:58,5412.0,49935.76953125,150.0,163.0,935.0,180.0,185.63094478172604,,,,108.38933646139066,,,,,,,0.0,
5200837884,Fuerza,str,2020-07-07 07:34:11,2538.5400390625,0.0,99.0,158.0,208.0,,,,,,,,,,,,,1.2999999523162842,1.2999999523162842
5200593062,Zwift - Santitreinos Ride,bike,2020-07-07 05:55:01,5406.0,31072.5703125,141.0,171.0,907.0,170.0,189.43519898952232,,,,174.0038215007833,,,,,,,0.0,
5196007751,Fuerza,str,2020-07-06 07:36:42,2265.748046875,0.0,84.0,110.0,130.0,,,,,,,,,,,,,0.30000001192092896,0.0
5195709064,Zwift - SAVITAR,bike,2020-07-06 05:54:47,3915.0,37561.421875,145.0,177.0,655.0,175.0,193.8130365017997,,,,104.23181304086525,,,,,,,0.0,
5191069498,Yoga,str,2020-07-05 07:03:13,1057.987060546875,0.0,104.0,129.0,109.0,,,,,,,,,,,,,0.699999988079071,0.0
5190906737,Zwift - L'Etape du Tour Stage 1 - Open,bike,2020-07-05 06:01:16,3077.0,30177.25,168.0,181.0,913.0,224.0,234.7935332780675,,,,101.96798038778087,,,,,,,0.0,
5190395866,Yoga,str,2020-07-05 05:17:15,731.0029907226562,0.0,92.0,114.0,58.0,,,,,,,,,,,,,0.20000000298023224,0.0
5190395749,Fuerza,str,2020-07-04 10:39:01,3962.237060546875,0.0,96.0,143.0,297.0,,,,,,,,,,,,,0.800000011920929,0.6000000238418579
5186543464,Zwift - Cristi?n  Bustos [OLYMPIC]'s Meetup - Tempus Fugit,bike,2020-07-04 08:59:56,1738.0,20219.580078125,175.0,180.0,402.0,242.0,245.39397417284073,,,,85.96234572885825,,,,,,,0.0,
5186311856,Zwift - Richmond,bike,2020-07-04 08:29:13,1003.0,9344.0302734375,143.0,172.0,150.0,157.0,179.26982752282098,,,,107.3422071315921,,,,,,,0.0,
5186568351,Yoga,str,2020-07-04 08:05:05,1401.43603515625,0.0,100.0,130.0,127.0,,,,,,,,,,,,,0.699999988079071,0.0
5181290883,Yoga,str,2020-07-03 07:20:48,2020.14501953125,0.0,15.0,115.0,128.0,,,,,,,,,,,,,0.5,0.0
5176721034,Fuerza,str,2020-07-02 07:31:13,2675.968994140625,0.0,5.0,85.0,85.0,,,,,,,,,,,,,0.20000000298023224,0.0
5176478438,Zwift - Lancelot -Olympic Team-,bike,2020-07-02 06:15:01,3666.0,32769.1015625,144.0,172.0,606.0,172.0,199.03704725084822,,,,111.88185620152937,,,,,,,0.0,
5171853470,Fuerza,str,2020-07-01 07:30:38,2565.2509765625,0.0,1.0,73.0,101.0,,,,,,,,,,,,,0.10000000149011612,0.0
5171536196,Zwift - SAVITAR,bike,2020-07-01 05:53:50,3953.6630859375,30107.560546875,148.0,177.0,655.0,173.0,198.50196900023997,,,,131.31976757146543,,,,,,,0.0,
5166835247,Fuerza,str,2020-06-30 08:11:54,2434.927978515625,0.0,1.0,72.0,114.0,,,,,,,,,,,,,0.10000000149011612,0.0
5166606383,Zwift - Santitreinos Ride 30/06,bike,2020-06-30 05:55:01,5175.0,32341.880859375,141.0,170.0,859.0,169.0,182.39091534952652,,,,160.02560224059283,,,,,,,0.0,
5162010272,Yoga,str,2020-06-29 06:59:31,2164.968017578125,0.0,11.0,122.0,183.0,,,,,,,,,,,,,0.6000000238418579,0.0
5161861329,Zwift - Watopia,bike,2020-06-29 05:57:59,3636.0,30065.439453125,159.0,177.0,705.0,202.0,210.59319054919547,,,,120.9482392896764,,,,,,,0.0,
5152771758,Zwift - Cristi?n  Bustos [OLYMPIC]'s Meetup - Road to Sky,bike,2020-06-27 08:44:57,3522.0,18466.970703125,178.0,189.0,782.0,232.0,236.170665412434,,,,190.73049669642708,,,,,,,0.0,
5152397031,Zwift - NYC,bike,2020-06-27 08:19:48,653.6339721679688,5263.66015625,146.0,177.0,104.0,167.0,194.74363458878656,,,,124.19274643751953,,,,,,,0.0,
5152328124,Yoga,str,2020-06-27 07:59:45,969.0170288085938,0.0,103.0,133.0,96.0,,,,,,,,,,,,,0.5,0.0
5147421143,Fuerza,str,2020-06-26 06:55:02,2518.139892578125,0.0,6.0,70.0,88.0,,,,,,,,,,,,,0.10000000149011612,0.0
5142792524,Fuerza,str,2020-06-25 07:33:11,2626.656982421875,0.0,2.0,122.0,112.0,,,,,,,,,,,,,0.5,0.0
5142421362,Zwift - Aquiles -OLYMPIC TEAM-,bike,2020-06-25 05:48:53,3653.972900390625,29241.400390625,141.0,167.0,580.0,167.0,189.33934828673716,,,,124.96876007439184,,,,,,,0.0,
5137773110,Fuerza,str,2020-06-24 07:34:49,2535.320068359375,0.0,1.0,71.0,98.0,,,,,,,,,,,,,0.10000000149011612,0.0
5137433332,Zwift - POSEID?N -OLYMPIC TEAM-,bike,2020-06-24 05:44:54,4672.0,31401.390625,148.0,177.0,826.0,185.0,207.35814648915618,,,,148.7873785230592,,,,,,,0.0,
5132436808,Fuerza,str,2020-06-23 07:37:00,2103.35498046875,0.0,0.0,73.0,95.0,,,,,,,,,,,,,0.10000000149011612,0.0
5132209342,Zwift - Santitreinos Ride,bike,2020-06-23 05:55:01,5412.0,47763.76953125,147.0,171.0,928.0,177.0,188.45563884037668,,,,113.31445004113498,,,,,,,0.0,
5127437908,Fuerza,str,2020-06-22 07:34:05,2590.489013671875,0.0,2.0,76.0,77.0,,,,,,,,,,,,,0.20000000298023224,0.0
5127232296,Zwift - Roland - OLYMPIC TEAM-,bike,2020-06-22 06:14:59,4206.0,16649.470703125,144.0,175.0,695.0,172.0,197.38200231166485,,,,252.6528585080888,,,,,,,0.0,
5123025084,Zwift - PEDAL W RT = 2H35 = 2 X 15'BG IF 0.70 / 30'IF 0.80 / 15'IF 0.90,bike,2020-06-21 06:30:02,9327.0,89498.71875,145.0,179.0,1465.0,164.0,175.57828421487127,,,,104.22094551016207,,,,,,,0.0,
5118045030,Zwift - Cristi?n  Bustos [OLYMPIC]'s Meetup - Volcano Circuit,bike,2020-06-20 08:59:59,4328.0,48545.921875,165.0,186.0,812.0,196.0,211.28703917593083,,,,89.1583483747913,,,,,,,0.0,
5118130091,Fuerza,str,2020-06-20 08:37:43,492.510986328125,0.0,103.0,140.0,51.0,,,,,,,,,,,,,0.5,0.20000000298023224
5112410809,Fuerza,str,2020-06-19 06:52:08,2808.050048828125,0.0,0.0,0.0,120.0,,,,,,,,,,,,,0.10000000149011612,0.0
5107893224,Fuerza,str,2020-06-18 07:35:33,3119.1650390625,0.0,1.0,103.0,127.0,,,,,,,,,,,,,0.20000000298023224,0.0
5107661612,Zwift - Aerobico Regenerativo #2 -Olympic Team-,bike,2020-06-18 05:59:58,5403.0,31555.189453125,136.0,158.0,762.0,147.0,154.42246698989777,,,,171.2328722383454,,,,,,,0.0,
5102861947,Fuerza,str,2020-06-17 07:24:16,773.4639892578125,0.0,16.0,121.0,77.0,,,,,,,,,,,,,0.4000000059604645,0.0
5102802629,Zwift - ARES,bike,2020-06-17 05:59:59,4995.0,48725.9609375,157.0,171.0,972.0,203.0,209.83909865426372,,,,102.52204528633207,,,,,,,0.0,
5097917990,Fuerza,str,2020-06-16 07:36:03,3305.615966796875,0.0,1.0,73.0,136.0,,,,,,,,,,,,,0.20000000298023224,0.0
5097432662,Zwift - Santitreinos Race,bike,2020-06-16 05:55:23,3001.0,35837.9296875,169.0,178.0,744.0,221.0,224.22188747650597,,,,83.7450800835649,,,,,,,0.0,
5092881978,Fuerza,str,2020-06-15 07:37:06,2501.10693359375,0.0,2.0,74.0,96.0,,,,,,,,,,,,,0.10000000149011612,0.0
5092657024,Zwift - Continuo Variable -Olympic Team-,bike,2020-06-15 06:00:02,5155.0,23354.55078125,152.0,179.0,890.0,180.0,194.19502903779892,,,,220.75054165225015,,,,,,,0.0,
5088328383,Fuerza,str,2020-06-14 08:51:24,1178.3179931640625,0.0,6.0,126.0,82.0,,,,,,,,,,,,,0.4000000059604645,0.0
5088221763,Zwift - Watopia,bike,2020-06-14 07:30:55,4777.0,31994.94921875,161.0,177.0,886.0,194.0,201.50245831015735,,,,149.32059071415708,,,,,,,0.0,
5083721528,Fuerza,str,2020-06-13 10:38:18,3423.052978515625,0.0,4.0,73.0,129.0,,,,,,,,,,,,,0.20000000298023224,0.0
5082949834,Zwift - The BMTR Fundo (D),bike,2020-06-13 08:10:15,5004.0,58781.37890625,172.0,183.0,1096.0,213.0,217.22135818500436,,,,85.13536312938972,,,,,,,0.0,
5077584117,Fuerza,str,2020-06-12 07:32:49,2886.64892578125,0.0,4.0,142.0,181.0,,,,,,,,,,,,,1.0,0.800000011920929
5072603322,Fuerza,str,2020-06-11 07:38:14,2337.31201171875,0.0,9.0,87.0,93.0,,,,,,,,,,,,,0.20000000298023224,0.0
5072404026,Zwift - Carga + Carga,bike,2020-06-11 06:14:59,4821.0,21633.4296875,158.0,177.0,794.0,172.0,177.89119912410467,,,,222.86605806786264,,,,,,,0.0,
5067794652,Fuerza,str,2020-06-10 07:37:04,2239.25390625,0.0,0.0,0.0,95.0,,,,,,,,,,,,,0.10000000149011612,0.0
5067455248,Zwift - HIIT 4,bike,2020-06-10 05:47:12,4164.09521484375,16009.9501953125,146.0,180.0,655.0,165.0,202.8756904024214,,,,260.1456747403771,,,,,,,0.0,
5062838809,Fuerza,str,2020-06-09 07:32:14,3875.55908203125,0.0,89.0,114.0,290.0,,,,,,,,,,,,,0.4000000059604645,0.0
5062496973,Zwift - Zwift 09/06,bike,2020-06-09 05:55:00,5413.0,48607.8984375,159.0,182.0,977.0,183.0,196.97749972539995,,,,111.37097558789205,,,,,,,0.0,
5057835148,Fuerza,str,2020-06-08 07:36:59,2381.02587890625,0.0,0.0,70.0,99.0,,,,,,,,,,,,,0.10000000149011612,0.0
5057497938,Zwift - Balder,bike,2020-06-08 05:45:53,4092.0,37254.859375,145.0,168.0,644.0,164.0,173.9380187869225,,,,109.84182666340953,,,,,,,0.0,
5048792187,Fuerza,str,2020-06-06 10:38:02,3844.238037109375,0.0,123.0,167.0,471.0,,,,,,,,,,,,,2.5,2.200000047683716
5048346200,Zwift - The BMTR Fundo (C),bike,2020-06-06 08:10:26,8115.0,90823.7578125,170.0,180.0,1616.0,197.0,200.47875553251842,,,,89.34953227610575,,,,,,,0.0,
5042846896,Fuerza,str,2020-06-05 07:33:38,974.68798828125,0.0,79.0,113.0,48.0,,,,,,,,,,,,,0.20000000298023224,0.0
5038351628,Fuerza,str,2020-06-04 07:36:21,2118.095947265625,0.0,89.0,132.0,145.0,,,,,,,,,,,,,0.5,0.0
5033398923,Fuerza,str,2020-06-03 07:34:56,2186.22607421875,0.0,89.0,115.0,148.0,,,,,,,,,,,,,0.4000000059604645,0.0
5033034570,Zwift - 4wk FTP Booster Week 1 Day 3 - Tempo into Sprints,bike,2020-06-03 05:46:32,3731.9990234375,31152.369140625,0.0,0.0,620.0,175.0,196.31109180618407,,,,119.80352047149238,,,,,,,0.0,
5028174742,Fuerza,str,2020-06-02 07:33:23,2570.368896484375,0.0,105.0,149.0,244.0,,,,,,,,,,,,,1.7999999523162842,1.100000023841858
5027946283,Zwift -,bike,2020-06-02 05:55:01,5417.0,48904.96875,0.0,0.0,982.0,185.0,197.88809165051234,,,,110.76650570683451,,,,,,,0.0,
5022899489,Fuerza,str,2020-06-01 07:35:19,2332.320068359375,0.0,91.0,136.0,165.0,,,,,,,,,,,,,0.5,0.20000000298023224
5022481460,Zwift - Watopia Flat Forward,bike,2020-06-01 05:50:55,3785.0,39264.3984375,0.0,0.0,688.0,190.0,203.60285367840427,,,,96.40412474938813,,,,,,,0.0,
5013675962,Yoga,str,2020-05-30 10:33:18,3248.010009765625,0.0,2.0,122.0,132.0,,,,,,,,,,,,,0.4000000059604645,0.0
5012772932,Zwift - . SuperPollo's Meetup - The London Pretzel,bike,2020-05-30 08:59:59,5188.0,49157.8984375,138.0,173.0,849.0,171.0,182.5601163529737,,,,105.54089284847963,,,,,,,0.0,
5008801328,Zwift - Tour for All 2020: Stage 2 Longer Ride,bike,2020-05-29 14:10:24,3312.0,29248.119140625,0.0,0.0,503.0,144.0,148.78837220232342,,,,113.25028410422549,,,,,,,0.0,
5013675563,Yoga,str,2020-05-29 07:36:12,3148.35888671875,0.0,7.0,104.0,212.0,,,,,,,,,,,,,0.4000000059604645,0.0
5002111562,Yoga,str,2020-05-28 07:34:43,2920.511962890625,0.0,97.0,135.0,218.0,,,,,,,,,,,,,1.2999999523162842,0.0
5001883237,Zwift - Tempo x5 - CON potencia,bike,2020-05-28 05:59:59,5407.0,45918.609375,140.0,159.0,843.0,163.0,173.45893723008172,,,,117.75789496262959,,,,,,,0.0,
4991605445,Yoga,str,2020-05-26 07:45:42,1760.198974609375,0.0,99.0,144.0,160.0,,,,,,,,,,,,,1.7000000476837158,0.0
4991471496,Zwift - Aerobico Regenerativo #2 - SIN potencia,bike,2020-05-26 06:21:33,4845.85693359375,46859.3515625,156.0,174.0,882.0,190.0,197.7923411094707,,,,103.4233151235353,,,,,,,0.0,
4986225378,Zwift - Antiestres! #1,bike,2020-05-25 05:48:43,3619.0,34234.91015625,145.0,170.0,576.0,166.0,182.66510891612617,,,,105.71942475056662,,,,,,,0.0,
4984560478,Yoga,str,2020-05-24 08:57:05,790.0499877929688,0.0,97.0,118.0,70.0,,,,,,,,,,,,,0.30000001192092896,0.0
4981870763,Zwift - Tour for All 2020: Stage 1 Longer Ride,bike,2020-05-24 08:00:14,3177.0,37488.421875,162.0,182.0,707.0,207.0,212.41558035481705,,,,84.75294669931203,,,,,,,0.0,
4977296741,Yoga,str,2020-05-23 10:35:30,4015.3720703125,0.0,74.0,149.0,333.0,,,,,,,,,,,,,2.0999999046325684,0.20000000298023224
4976559142,Zwift - . SuperPollo's Meetup - Tempus Fugit,bike,2020-05-23 08:29:59,3338.0,40686.921875,171.0,180.0,713.0,223.0,229.29924554786444,,,,82.04118380172963,,,,,,,0.0,
4972677268,Yoga,str,2020-05-22 07:35:01,1855.946044921875,0.0,1.0,116.0,123.0,,,,,,,,,,,,,0.5,0.0
4966991414,Zwift - Cristian Bustos's Meetup - Tempus Fugit,bike,2020-05-21 10:29:59,1748.0,20215.669921875,174.0,182.0,392.0,234.0,237.34554677175262,,,,86.4677938852858,,,,,,,0.0,
4966665010,Yoga,str,2020-05-21 09:09:58,2777.407958984375,0.0,107.0,166.0,281.0,,,,,,,,,,,,,2.299999952316284,1.7000000476837158
4960765588,Yoga,str,2020-05-20 07:36:34,2194.5,0.0,96.0,130.0,172.0,,,,,,,,,,,,,1.2000000476837158,0.0
4960423470,Zwift - HIIT 3,bike,2020-05-20 05:42:23,4093.0,40242.0,147.0,177.0,634.0,162.0,197.00490823623997,,,,101.71904858403475,,,,,,,0.0,
4955508877,Yoga,str,2020-05-19 07:30:04,2286.925048828125,0.0,100.0,144.0,183.0,,,,,,,,,,,,,1.0,0.10000000149011612
4955282531,Zwift - Umbral x4,bike,2020-05-19 06:14:59,3614.0,23184.8203125,143.0,169.0,603.0,174.0,193.38852694039858,,,,155.88464628940412,,,,,,,0.0,
4946232167,Yoga,str,2020-05-17 09:14:39,2831.218017578125,0.0,97.0,132.0,225.0,,,,,,,,,,,,,0.6000000238418579,0.0
4945861920,Zwift - Watopia,bike,2020-05-17 07:58:50,3657.0,31080.609375,153.0,172.0,641.0,183.0,197.80147365490078,,,,117.67474499200353,,,,,,,0.0,
4940383665,Zwift - - Super Pollo's Meetup - Three Sisters,bike,2020-05-16 08:46:59,5131.0,49154.48828125,173.0,184.0,1037.0,211.0,222.0013106061148,,,,104.39502564138303,,,,,,,0.0,
4929816778,Zwift - EUR?ALE,bike,2020-05-14 06:14:59,3574.0,22340.419921875,142.0,162.0,546.0,159.0,170.3417009057325,,,,160.0,,,,,,,0.0,
4924808300,Zwift - OLYMPIC ?PICO,bike,2020-05-13 05:34:59,3643.0,27089.640625,148.0,176.0,586.0,168.0,188.9362644408076,,,,134.4809060573069,,,,,,,0.0,
4923293242,Zwift - ARTEM?SA 2.0,bike,2020-05-12 18:59:59,3042.0,28907.16015625,139.0,161.0,503.0,173.0,181.992990401836,,,,105.24100349985031,,,,,,,0.0,
4919883548,Zwift - ARTEM?SA 2.0,bike,2020-05-12 06:15:46,3041.0,26974.130859375,135.0,156.0,461.0,158.0,169.41073647466408,,,,112.73957304419619,,,,,,,0.0,
4906868067,Yoga,str,2020-05-09 10:35:32,4614.3828125,0.0,81.0,142.0,241.0,,,,,,,,,,,,,0.5,0.20000000298023224
4906089180,Zwift - . SuperPollo's Meetup - Out And Back Again,bike,2020-05-09 08:41:59,3641.0,41457.6796875,173.0,186.0,764.0,219.0,223.58212795890043,,,,87.82715862839082,,,,,,,0.0,
4899886042,Yoga,str,2020-05-08 05:56:38,2109.169921875,0.0,94.0,148.0,168.0,,,,,,,,,,,,,1.0,0.4000000059604645
4898377804,Yoga,str,2020-05-07 20:00:54,2198.22900390625,0.0,90.0,136.0,153.0,,,,,,,,,,,,,0.6000000238418579,0.20000000298023224
4894795861,Zwift - Oya,bike,2020-05-07 06:14:59,2732.0,23029.609375,138.0,174.0,409.0,157.0,183.20202139704364,,,,118.63803675012137,,,,,,,0.0,
4889624968,Zwift - HIIT 3,bike,2020-05-06 05:46:51,4094.0,36903.33984375,145.0,178.0,635.0,162.0,196.82679153620433,,,,110.93854079999458,,,,,,,0.0,
4884590639,Zwift - Test FTP,bike,2020-05-05 06:15:00,3606.0,28723.779296875,136.0,183.0,489.0,142.0,186.42073653160375,,,,125.54927568646589,,,,,,,0.0,
4882795223,Yoga,str,2020-05-04 19:34:48,2704.5439453125,0.0,79.0,120.0,137.0,,,,,,,,,,,,,0.30000001192092896,0.0
4879359582,Zwift - Aditis,bike,2020-05-04 05:49:01,2786.176025390625,27147.0,146.0,178.0,441.0,166.0,185.93854677831894,,,,102.63779091324471,,,,,,,0.0,
4869194154,Zwift - BR ESPORTES  OFICIAL 's Meetup - The Mega Pretzel,bike,2020-05-02 06:29:59,11538.0,90023.3515625,148.0,172.0,1922.0,174.0,183.4232999701384,,,,128.17226277015374,,,,,,,0.0,
4864546237,Yoga,str,2020-05-01 10:33:10,2315.885009765625,0.0,84.0,116.0,138.0,,,,,,,,,,,,,0.30000001192092896,0.0
4863995655,Zwift - KISS at Race - Pacific AM (B),bike,2020-05-01 08:51:14,2496.0,30479.9296875,0.0,0.0,603.0,231.0,233.84842273970744,,,,81.89337185830668,,,,,,,0.0,
4858842469,Zwift - Agamen?n,bike,2020-04-30 06:30:00,2699.0,20689.939453125,0.0,0.0,455.0,176.0,193.2548462060617,,,,130.4631448110599,,,,,,,0.0,
4857440580,Zwift - 3R Volcano Flat Reverse 50k Race - 4 Laps (48.8km/30.7mi 184m) (B),bike,2020-04-29 19:05:17,4537.158203125,49738.0390625,0.0,0.0,1035.0,219.0,225.2673175608568,,,,91.22423004413419,,,,,,,0.0,
4852763480,Zwift - Agni PLUS,bike,2020-04-28 18:59:59,2734.0,25691.5390625,0.0,0.0,471.0,180.0,202.89437030282522,,,,106.41693803471651,,,,,,,0.0,
4849616405,Zwift - Agni PLUS,bike,2020-04-28 06:29:59,2731.0,15185.2001953125,0.0,0.0,440.0,168.0,181.5269660934199,,,,179.8561169588938,,,,,,,0.0,
4840643498,Zwift - Watopia,bike,2020-04-26 07:53:43,4210.0,33337.1015625,0.0,0.0,679.0,169.0,189.84166012961228,,,,126.29451528883938,,,,,,,0.0,
4835478661,Zwift - OD?N,bike,2020-04-25 08:45:00,5203.0,44444.1484375,0.0,0.0,839.0,168.0,179.6333663554097,,,,117.06860471036077,,,,,,,0.0,
4832175573,Zwift - Rodillo aerobico II,bike,2020-04-24 15:16:07,2418.0,23859.5390625,0.0,0.0,353.0,152.0,153.82858490182994,,,,101.34793127474859,,,,,,,0.0,
4825022857,Zwift - Fuerza-Resistencia intermedio #4,bike,2020-04-23 05:24:53,5109.0,40900.98046875,0.0,0.0,719.0,147.0,160.94984705502773,,,,124.92192201172024,,,,,,,0.0,
4823683394,Zwift - ZHR Hare & Hounds Race (B),bike,2020-04-22 19:40:21,3696.0,39966.9609375,0.0,0.0,742.0,195.0,199.60097011181406,,,,92.48127489140303,,,,,,,0.0,
4818731914,Yoga,str,2020-04-21 19:32:37,2472.285888671875,0.0,84.0,132.0,148.0,,,,,,,,,,,,,0.4000000059604645,0.0
4815259657,Zwift - EOS,bike,2020-04-21 05:32:05,4932.0,41105.53125,0.0,0.0,725.0,153.0,157.289027408772,,,,119.99040604053265,,,,,,,0.0,
4813858604,Zwift - Silvano,bike,2020-04-20 19:30:03,3611.0,29948.98046875,0.0,0.0,436.0,126.0,133.11180876066666,,,,120.58362152665855,,,,,,,0.0,
4806449949,Zwift - Peel Cycling - Sunday Chase (B),bike,2020-04-19 07:54:13,3320.0,35039.51953125,0.0,0.0,693.0,200.0,210.0822003530599,,,,94.75080627227466,,,,,,,0.0,
4801953963,Yoga,str,2020-04-18 10:35:18,3459.208984375,0.0,99.0,142.0,275.0,,,,,,,,,,,,,1.399999976158142,0.0
4801509090,Zwift - ZEUS,bike,2020-04-18 08:46:01,5418.0,39304.0390625,0.0,0.0,1026.0,198.0,206.58703452519373,,,,137.85497301242427,,,,,,,0.0,
4791733360,Zwift - TRIT?N,bike,2020-04-16 07:30:02,3607.0,22236.0390625,0.0,0.0,579.0,168.0,214.479243247953,,,,162.23231577387986,,,,,,,0.0,
4786878046,Yoga,str,2020-04-15 07:35:12,1763.458984375,0.0,92.0,112.0,131.0,,,,,,,,,,,,,0.4000000059604645,0.0
4786681371,Zwift - TESEO,bike,2020-04-15 06:10:49,3646.0,37663.76171875,0.0,0.0,649.0,186.0,191.33454341852607,,,,96.80542181855446,,,,,,,0.0,
4786439585,Zwift - TESEO,bike,2020-04-15 06:04:09,381.0,3887.85009765625,0.0,0.0,60.0,165.0,169.23281546556834,,,,98.00077946329186,,,,,,,0.0,
4782446303,Zwift - Watopia,bike,2020-04-14 07:45:06,3658.0,26789.349609375,0.0,0.0,575.0,165.0,187.06684542273422,,,,136.5560571147126,,,,,,,0.0,
4782187270,Zwift - Fenrir XL,bike,2020-04-14 07:34:51,292.43798828125,2441.8798828125,0.0,0.0,36.0,129.0,142.01041931468015,,,,119.76047357065927,,,,,,,0.0,
4780721602,Zwift - Fenrir XL,bike,2020-04-13 19:29:59,3630.0,26237.939453125,0.0,0.0,649.0,187.0,202.4094704259738,,,,138.3508546355887,,,,,,,0.0,
4774133073,Zwift - Watopia,bike,2020-04-12 08:07:27,8733.0,69363.8515625,0.0,0.0,1407.0,168.0,187.50660930474191,,,,125.91286968614304,,,,,,,0.0,
4769552493,Yoga,str,2020-04-11 10:41:33,3542.946044921875,0.0,104.0,160.0,324.0,,,,,,,,,,,,,1.7000000476837158,1.7999999523162842
4769108360,Zwift - PROMETEO,bike,2020-04-11 09:00:59,5067.0,45705.12109375,0.0,0.0,778.0,160.0,198.39330458425633,,,,110.86473938471727,,,,,,,0.0,
4766430394,Zwift - Herd Summer Racing League Race 2 (C),bike,2020-04-10 18:55:15,3254.0,36645.96875,0.0,0.0,709.0,203.0,208.54951728636433,,,,88.80206273468171,,,,,,,0.0,
4764573716,Yoga,str,2020-04-10 10:11:46,4076.302978515625,0.0,87.0,128.0,253.0,,,,,,,,,,,,,0.5,0.0
4760667238,Yoga,str,2020-04-09 13:06:01,2085.631103515625,0.0,77.0,114.0,101.0,,,,,,,,,,,,,0.20000000298023224,0.0
4758950071,Zwift - SAVITAR,bike,2020-04-09 06:46:59,2542.0,24887.259765625,0.0,0.0,375.0,154.0,174.82722893997877,,,,102.14504636328134,,,,,,,0.0,
4757522572,Zwift - ZHR Hare & Hounds Race (B),bike,2020-04-08 19:35:23,3391.0,37664.8984375,0.0,0.0,756.0,214.0,218.6778231262834,,,,90.03330948074337,,,,,,,0.0,
4754548538,Yoga,str,2020-04-08 07:33:16,2938.468017578125,0.0,93.0,152.0,225.0,,,,,,,,,,,,,1.7000000476837158,0.800000011920929
4749717180,Zwift - SAVITAR,bike,2020-04-07 07:31:03,2577.0,14616.6904296875,0.0,0.0,379.0,154.0,175.75461075188755,,,,176.3357431365425,,,,,,,0.0,
4748097363,Zwift - Cristian Bustos's Meetup - Dust In The Wind,bike,2020-04-06 19:31:00,3637.0,27008.029296875,0.0,0.0,658.0,189.0,195.78837125374568,,,,134.68013122044493,,,,,,,0.0,
4745301758,Yoga,str,2020-04-06 07:36:43,1875.488037109375,0.0,105.0,146.0,187.0,,,,,,,,,,,,,1.5,0.800000011920929
4743966647,Zwift - Cristian Bustos's Meetup - Tempus Fugit,bike,2020-04-05 19:55:58,2996.0,24780.099609375,0.0,0.0,321.0,112.0,134.20982912003709,,,,120.90436598586933,,,,,,,0.0,
4743858290,Zwift - Richmond,bike,2020-04-05 19:49:26,374.0,2665.27001953125,0.0,0.0,34.0,95.0,96.29560172422751,,,,140.33118301587126,,,,,,,0.0,
4727223609,Zwift - Loki,bike,2020-04-02 05:37:45,3616.0,34095.26953125,0.0,0.0,529.0,153.0,168.12775989899683,,,,106.05578645867416,,,,,,,0.0,
4714953494,Zwift - NYC,bike,2020-03-30 05:51:29,3680.780029296875,25376.189453125,0.0,0.0,419.0,119.0,130.17767950000228,,,,145.05366873415988,,,,,,,0.0,
4702238881,Zwift - EOS,bike,2020-03-27 05:40:47,4946.67578125,46578.94140625,0.0,0.0,719.0,153.0,156.35047838313267,,,,106.20220487548757,,,,,,,0.0,
4694279966,Zwift - KRATOS,bike,2020-03-25 05:55:51,3397.0,29491.740234375,0.0,0.0,539.0,166.0,197.6617219233976,,,,115.19410530164276,,,,,,,0.0,
4690323159,Zwift - CRONOS,bike,2020-03-24 05:41:08,4510.0,43479.640625,0.0,0.0,777.0,180.0,190.08001354316235,,,,103.73443613958587,,,,,,,0.0,
4686997658,Zwift - Innsbruck,bike,2020-03-23 06:49:02,3728.0,35692.62890625,0.0,0.0,619.0,173.0,187.52433413992574,,,,104.44954695491124,,,,,,,0.0,
4683412063,Zwift - Innsbruck,bike,2020-03-22 07:57:40,3441.0,34102.46875,0.0,0.0,614.0,186.0,196.57690724426033,,,,100.90817511577856,,,,,,,0.0,
4679904319,Zwift - BST Happy Mountaingoats' Hill Feast Race (C),bike,2020-03-21 08:45:17,9180.0,72437.8515625,0.0,0.0,1590.0,176.0,184.10555616882442,,,,126.74271443878048,,,,,,,0.0,
4675569269,Zwift - Rodillo aerobico II,bike,2020-03-20 06:56:52,2441.0,19541.30078125,0.0,0.0,373.0,159.0,162.0606170042317,,,,124.92192201172024,,,,,,,0.0,
4671860978,Zwift - Fuerza-Resistencia intermedio #4,bike,2020-03-19 05:46:45,4464.0,39152.3984375,0.0,0.0,657.0,154.0,166.89186188206867,,,,114.0250795670993,,,,,,,0.0,
4671699396,Zwift - Fuerza-Resistencia intermedio #4,bike,2020-03-19 05:34:43,454.0,2827.8798828125,0.0,0.0,39.0,90.0,94.24534391617215,,,,160.56518523798562,,,,,,,0.0,
4668138391,Zwift - Repeticiones Taper sub-umbral,bike,2020-03-18 05:52:49,2711.0,24961.849609375,0.0,0.0,434.0,167.0,172.5401925047954,,,,108.61301444888613,,,,,,,0.0,
4664638205,Zwift - EOS,bike,2020-03-17 05:55:25,4935.0,46262.83984375,0.0,0.0,723.0,153.0,157.22646551484527,,,,106.67805025987983,,,,,,,0.0,
4661426838,Zwift - London,bike,2020-03-16 05:57:14,3652.0,33210.6015625,0.0,0.0,496.0,142.0,152.70974957373627,,,,109.9747008349081,,,,,,,0.0,
4658149020,Yoga,str,2020-03-15 08:33:27,1091.33203125,0.0,76.0,94.0,51.0,,,,,,,,,,,,,0.10000000149011612,0.0
4658045634,Zwift - Richmond,bike,2020-03-15 08:01:04,1835.0,15767.3701171875,0.0,0.0,235.0,134.0,163.00652408467533,,,,116.38733695438025,,,,,,,0.0,
4654489317,Colina Ciclismo en ruta,bike,2020-03-14 07:57:28,7046.296875,60257.66015625,,,914.0,130.0,182.3653744050942,,,,116.93171125436051,,,,,,,,
4650478855,Natación en piscina,swim,2020-03-13 06:04:13,2759.5830078125,2450.0,,,392.0,,,,,,1126.1261116131864,,,,,,11.300000190734863,,
4647138107,Zwift - Rodillo regenerativo III,bike,2020-03-12 05:38:50,2727.0,24555.44921875,0.0,0.0,358.0,137.0,143.63907279359967,,,,111.06175390922809,,,,,,,0.0,
4646279906,Vitacura Carrera,run,2020-03-11 19:36:18,531.9660034179688,1657.530029296875,133.0,147.0,95.0,,,,,,320.92426835679635,170.609375,,,,,,2.0,0.0
4643618843,Natación en piscina,swim,2020-03-11 06:01:46,2710.0830078125,2400.0,,,384.0,,,,,,1128.6682001071943,,,,,,11.600000381469727,,
4642285392,Zwift - 1 hr aer?bico,bike,2020-03-10 18:13:00,3611.0,33688.83984375,0.0,0.0,526.0,152.0,153.62602448448965,,,,107.1926197122396,,,,,,,0.0,
4638974389,Vitacura Carrera,run,2020-03-09 19:37:40,2427.452880859375,8902.8896484375,153.0,177.0,494.0,,,,,,272.6281364994471,182.6875,,,,,,3.4000000953674316,2.299999952316284
4636547108,Natación en piscina,swim,2020-03-09 06:29:09,2085.007080078125,1950.0,,,312.0,,,,,,1069.5187138503406,,,,,,11.0,,
4632898461,Yoga,str,2020-03-08 08:32:30,2931.572021484375,0.0,74.0,100.0,119.0,,,,,,,,,,,,,0.10000000149011612,0.0
4629111038,Colina Ciclismo en ruta,bike,2020-03-07 08:57:03,6720.076171875,61606.51171875,,,1066.0,160.0,172.66983744678535,,,,109.07504099769643,,,,,,,,
4629105435,Colina Natación en aguas abiertas,swim,2020-03-07 07:29:29,2210.802978515625,1804.3599853515625,,,621.0,,,,,,1225.4902189944812,,,,,,,,
4624854037,Natación en piscina,swim,2020-03-06 06:29:28,2717.85595703125,2500.0,,,400.0,,,,,,1086.956502021148,,,,,,10.699999809265137,,
4623606762,Zwift - H?or,bike,2020-03-05 18:47:55,3612.0,31378.779296875,0.0,0.0,508.0,147.0,166.13960381401466,,,,115.11453532667763,,,,,,,0.0,
4623611084,Ciclismo en sala,bike,2020-03-05 06:09:56,2718.008056640625,0.0,92.0,127.0,205.0,,,,,,,,,,,,,0.5,0.0
4620300764,Vitacura Carrera,run,2020-03-04 19:36:12,2759.922119140625,9134.5595703125,147.0,166.0,534.0,,,,,,302.114808848081,174.28125,,,,,,3.299999952316284,0.0
4617933065,Natación en piscina,swim,2020-03-04 06:29:22,2445.114013671875,2300.0,,,368.0,,,,,,1062.6992733427248,,,,,,11.0,,
4616364148,Zwift - HELIOS,bike,2020-03-03 18:32:37,3634.0,34175.171875,0.0,0.0,549.0,158.0,173.0257304106508,,,,106.33772543408963,,,,,,,0.0,
4613829228,Ciclismo en sala,bike,2020-03-03 06:11:02,2651.43310546875,0.0,111.0,148.0,301.0,,,,,,,,,,,,,1.600000023841858,1.399999976158142
4610454171,Natación en piscina,swim,2020-03-02 07:21:37,544.2009887695312,500.0,,,80.0,,,,,,1088.1392468230206,,,,,,11.699999809265137,,
4610454084,Natación en piscina,swim,2020-03-02 06:29:09,1647.988037109375,1500.0,,,236.0,,,,,,1098.6586666666667,,,,,,11.600000381469727,,
4607452130,Vitacura Carrera,run,2020-03-01 08:55:56,2964.261962890625,9781.76953125,143.0,162.0,561.0,,,,,,303.03030740897304,174.453125,,,,,,3.4000000953674316,0.0
4603693109,Colina Carrera,run,2020-02-29 10:44:06,3225.138916015625,12005.3896484375,158.0,176.0,693.0,,,,,,268.6727649810883,179.84375,,,,,,4.400000095367432,1.399999976158142
4609519612,Colina Ciclismo,bike,2020-02-29 08:24:33,8086.01220703125,70942.390625,117.0,150.0,669.0,84.0,315.0,799.2999877929688,1.8980000019073486,,113.98609676951921,,,,,,,2.200000047683716,0.6000000238418579
4603684190,Colina Ciclismo en ruta,bike,2020-02-29 08:24:23,7832.35498046875,71604.0078125,,,2193.0,,,,,,109.38525249418898,,,,,,,,
4603677561,Colina Ciclismo en ruta,bike,2020-02-29 07:48:13,1744.0670166015625,12943.48046875,,,357.0,,,,,,134.75272867348863,,,,,,,,
4609519545,Colina Ciclismo,bike,2020-02-29 07:47:14,1889.237060546875,13427.5302734375,111.0,140.0,242.0,129.0,475.0,423.70001220703125,2.86299991607666,,140.7063483485043,,,,,,,0.8999999761581421,0.4000000059604645
4599441301,Natación en piscina,swim,2020-02-28 07:17:34,2480.43798828125,2112.0,,,382.0,,,,,,1175.0881164659336,,,,,,16.799999237060547,,
4594996711,Vitacura Carrera,run,2020-02-26 19:36:48,1899.6700439453125,7423.9501953125,133.0,169.0,317.0,,,,,,255.88536385676827,181.96875,,,,,,2.4000000953674316,1.7999999523162842
4594996662,Natación en piscina,swim,2020-02-26 07:44:21,645.3150024414062,660.0,,,120.0,,,,,,975.6097787905851,,,,,,14.399999618530273,,
4594996639,Natación en piscina,swim,2020-02-26 07:17:58,1346.616943359375,1056.0,,,187.0,,,,,,1275.5102374401263,,,,,,16.100000381469727,,
4591196915,Zwift - Am?rica,bike,2020-02-25 18:01:07,3735.0,34577.80859375,0.0,0.0,559.0,156.0,184.4378236714563,,,,108.02635878758808,,,,,,,0.0,
4591205385,Ciclismo indoor,bike,2020-02-25 06:08:42,3247.64697265625,0.0,104.0,133.0,300.0,,,,,,,,,,,,,0.699999988079071,0.10000000149011612
4587793639,Vitacura Carrera,run,2020-02-24 19:46:12,2845.863037109375,11349.599609375,154.0,183.0,537.0,,,,,,250.75226204713323,182.328125,,,,,,3.799999952316284,3.9000000953674316
4587467311,Natación libre,swim,2020-02-24 07:17:20,2414.47998046875,2145.0,,,387.0,,,,,,1117.31845956554,,,,,,15.0,,
4581897996,Las Condes Carrera,run,2020-02-23 07:38:02,5383.626953125,19360.66015625,162.0,182.0,1168.0,,,,,,278.0867664625677,183.640625,,,,,,5.0,3.0
4579140566,Quintero Ciclismo en ruta,bike,2020-02-22 11:19:54,7417.11376953125,60533.9609375,,,2017.0,,,,,,122.53399940566261,,,,,,,,
4578232248,Concón Natación en aguas abiertas,swim,2020-02-22 09:14:03,1758.9329833984375,1525.81005859375,,,261.0,,,,,,1153.4025590536294,,,,,,,,
4574317088,Natación libre,swim,2020-02-21 07:16:16,1969.0909423828125,1749.0,,,311.0,,,,,,1124.8593943859667,,,,,,15.399999618530273,,
4572794284,Zwift - Strong Heart,bike,2020-02-20 17:41:14,3617.0,32529.08984375,0.0,0.0,569.0,164.0,194.9108766015319,,,,111.19759775453338,,,,,,,0.0,
4572807846,Ciclismo indoor,bike,2020-02-20 06:08:39,1556.031982421875,0.0,85.0,112.0,100.0,,,,,,,,,,,,,0.20000000298023224,0.0
4569594305,Vitacura Carrera,run,2020-02-19 19:35:39,2445.22412109375,9084.7197265625,136.0,166.0,409.0,,,,,,269.17901025674826,181.78125,,,,,,2.5,1.2000000476837158
4565706029,Zwift - Force Hill,bike,2020-02-18 18:47:05,3628.0,32312.900390625,0.0,0.0,528.0,152.0,161.99980077918497,,,,112.28385185045582,,,,,,,0.0,
4563105413,Ciclismo indoor,bike,2020-02-18 06:12:58,3234.7119140625,0.0,109.0,166.0,331.0,,,,,,,,,,,,,2.0,2.299999952316284
4562128284,Vitacura Carrera,run,2020-02-17 19:35:06,3404.97412109375,10936.900390625,142.0,169.0,607.0,,,,,,311.33251346634495,175.5,,,,,,3.200000047683716,0.699999988079071
4560316962,Natación libre,swim,2020-02-17 07:16:49,2269.029052734375,2145.0,,,399.0,,,,,,1058.2010662104167,,,,,,13.800000190734863,,
4556782852,Colina Ciclismo,bike,2020-02-16 07:43:34,10649.6552734375,84078.0625,129.0,165.0,1322.0,,,,,,126.66244489118358,,,,,,,2.799999952316284,2.4000000953674316
4553183783,Colina Carrera,run,2020-02-15 11:10:46,2851.760986328125,10102.7998046875,159.0,177.0,622.0,,,,,,282.246684968977,180.609375,,,,,,4.5,2.4000000953674316
4553226881,Colina Ciclismo en ruta,bike,2020-02-15 08:02:28,10455.697265625,97099.6484375,,,3010.0,,,,,,107.67740196393042,,,,,,,,
4548876011,Natación libre,swim,2020-02-14 07:34:14,1558.3890380859375,1386.0,,,251.0,,,,,,1124.8593943859667,,,,,,16.399999618530273,,
4548875802,Natación libre,swim,2020-02-14 07:15:52,816.8759765625,759.0,,,135.0,,,,,,1076.4262415955207,,,,,,14.399999618530273,,
4547338772,Zwift - 2x2,bike,2020-02-13 18:30:19,3622.0,29182.2109375,0.0,0.0,527.0,152.0,176.14465940194992,,,,124.13108618488592,,,,,,,0.0,
4545079987,Ciclismo indoor,bike,2020-02-13 06:10:17,3078.52392578125,0.0,97.0,133.0,249.0,,,,,,,,,,,,,0.800000011920929,0.0
4544087632,Vitacura Carrera,run,2020-02-12 19:36:37,1785.43896484375,6988.35009765625,132.0,169.0,278.0,,,,,,255.493099445156,184.359375,,,,,,2.5999999046325684,1.899999976158142
4544087542,Natación libre,swim,2020-02-12 07:14:04,1919.3780517578125,1584.0,,,283.0,,,,,,1212.1212296358922,,,,,,16.399999618530273,,
4540133051,Zwift - Intervalos de crucero por colinas (6-8 min hill) fuerza!,bike,2020-02-11 18:05:29,3614.0,29583.2890625,0.0,0.0,515.0,149.0,167.06369420510146,,,,122.17470357158878,,,,,,,0.0,
4544087499,Ciclismo indoor,bike,2020-02-11 06:10:43,2988.008056640625,0.0,84.0,124.0,182.0,,,,,,,,,,,,,0.30000001192092896,0.0
4536705382,Vitacura Carrera,run,2020-02-10 19:35:11,2335.72802734375,8760.58984375,151.0,185.0,469.0,,,,,,266.5955796647953,183.75,,,,,,3.5999999046325684,2.700000047683716
4534555820,Natación libre,swim,2020-02-10 07:14:57,2626.6279296875,2244.0,,,408.0,,,,,,1170.9602252748548,,,,,,16.200000762939453,,
4528003291,Colina Carrera,run,2020-02-08 09:47:13,2683.660888671875,10065.01953125,157.0,173.0,566.0,,,,,,266.6666666666667,183.5625,,,,,,4.0,0.800000011920929
4528379563,Colina Ciclismo en ruta,bike,2020-02-08 08:08:52,3758.4150390625,33185.44921875,,,970.0,,,,,,113.25028410422549,,,,,,,,
4523349564,Las Condes Carrera,run,2020-02-07 05:49:30,4174.125,13905.0400390625,154.0,175.0,875.0,,,,,,300.2101390235803,180.8125,,,,,,4.800000190734863,1.5
4522078733,Zwift - BAM - BAM,bike,2020-02-06 17:36:49,3004.0,25003.16015625,0.0,0.0,399.0,139.0,159.36909947815593,,,,120.14898540189644,,,,,,,0.0,
4519947541,Las Condes Carrera,run,2020-02-06 07:16:06,2509.31103515625,8829.009765625,152.0,173.0,518.0,,,,,,284.25242523818645,183.40625,,,,,,3.799999952316284,1.2999999523162842
4519801609,Ciclismo indoor,bike,2020-02-06 06:09:02,3130.943115234375,0.0,106.0,148.0,316.0,,,,,,,,,,,,,1.5,0.5
4518923363,Vitacura Carrera,run,2020-02-05 19:35:34,2638.98291015625,10764.0302734375,143.0,184.0,478.0,,,,,,245.15812722118264,182.78125,,,,,,3.5999999046325684,3.4000000953674316
4516170805,Natación libre,swim,2020-02-05 06:04:24,2750.822998046875,2375.0,,,405.0,,,,,,1158.7485842169795,,,,,,10.600000381469727,,
4515010953,Natación libre,swim,2020-02-04 19:01:30,1402.4129638671875,1175.0,,,193.0,,,,,,1123.595523677711,,,,,,10.100000381469727,,
4512489589,Carrera en cinta,run,2020-02-04 06:57:34,1348.7110595703125,5010.0,152.0,166.0,280.0,,,,,,269.17901025674826,178.640625,,,,,,3.200000047683716,0.10000000149011612
4512489563,Ciclismo indoor,bike,2020-02-04 06:08:19,2918.656005859375,0.0,104.0,150.0,294.0,,,,,,,,,,,,,2.0,0.699999988079071
4511439657,Vitacura Carrera,run,2020-02-03 19:37:04,2780.60693359375,10189.599609375,144.0,177.0,516.0,,,,,,272.8512988836156,181.1875,,,,,,3.5,2.299999952316284
4508888275,Natación libre,swim,2020-02-03 06:03:41,3259.991943359375,2750.0,,,443.0,,,,,,1184.8341486599195,,,,,,11.5,,
4506920698,Providencia Carrera,run,2020-02-02 08:53:29,334.2869873046875,973.9600219726562,152.0,165.0,69.0,,,,,,343.1708950645719,176.3125,,,,,,2.0,0.30000001192092896
4505399162,Las Condes Carrera,run,2020-02-02 07:56:13,2696.60205078125,10531.01953125,156.0,176.0,577.0,,,,,,256.08194809899186,188.03125,,,,,,4.400000095367432,1.7999999523162842
4502304258,Colina Ciclismo,bike,2020-02-01 07:13:37,12411.6923828125,117865.2890625,130.0,184.0,1609.0,,,,,,105.30749467876663,,,,,,,4.199999809265137,4.199999809265137
4498992945,Ciclismo indoor,bike,2020-01-31 14:30:54,984.6699829101562,0.0,104.0,134.0,102.0,,,,,,,,,,,,,0.6000000238418579,0.0
4497549827,Ciclismo indoor,bike,2020-01-31 06:29:51,920.5679931640625,0.0,108.0,143.0,101.0,,,,,,,,,,,,,0.699999988079071,0.0
4497549559,Las Condes Carrera,run,2020-01-31 05:40:25,2812.51611328125,10525.509765625,152.0,168.0,580.0,,,,,,267.23676442422806,185.78125,,,,,,4.099999904632568,0.0
4496590708,Natación libre,swim,2020-01-30 18:51:31,1033.2840576171875,900.0,,,146.0,,,,,,1136.363642521141,,,,,,10.399999618530273,,
4494117705,Entrenamiento,str,2020-01-30 07:12:11,2700.0,0.0,,,225.0,,,,,,,,,,,,,,
4493249926,Trote,run,2020-01-29 22:01:40,2644.0,10600.0,,,617.0,,,,,,249.433962264151,,,,,,,,
4493247892,Natación ,swim,2020-01-29 06:47:00,2352.0,1850.0,,,392.0,,,,,,1271.3513513513512,,,,,,,,
4486717572,Zwift - Intervalos de crucero por colinas (6-8 min hill) fuerza!,bike,2020-01-28 05:41:21,3607.0,29464.640625,0.0,0.0,506.0,147.0,164.86119812924144,,,,122.42898786879132,,,,,,,0.0,
4480657412,Viña del Mar Multi-Sport,triathlon,2020-01-26 08:59:57,8968.091987609863,50104.880126953125,,175.0,1514.0,,,,,,178.9863974304894,,,,,,,4.599999904632568,2.5999999046325684
4480655162,Valparaíso Natación en aguas abiertas,swim,2020-01-26 08:41:02,111.94599914550781,98.30999755859375,,,16.0,,,,,,1138.9521367925206,,,,,,,,
4480654897,Viña del Mar Natación en aguas abiertas,swim,2020-01-26 08:31:22,366.4859924316406,321.1700134277344,,,54.0,,,,,,1141.5525281929633,,,,,,,,
4480654699,Viña del Mar Carrera,run,2020-01-26 08:21:13,406.3009948730469,1016.52001953125,143.0,162.0,72.0,,,,,,399.6802408656481,176.28125,,,,,,1.600000023841858,0.0
4472139150,Natación libre,swim,2020-01-24 06:03:30,2020.2440185546875,1650.0,,,282.0,,,,,,1223.9902502264356,,,,,,11.300000190734863,,
4468550256,Zwift - ETHON,bike,2020-01-23 05:53:32,3312.464111328125,25454.859375,0.0,0.0,510.0,161.0,173.29605448497705,,,,130.14055153750817,,,,,,,0.0,
4467727841,Las Condes Carrera,run,2020-01-22 20:46:52,225.2989959716797,990.4299926757812,137.0,146.0,39.0,,,,,,227.47953158015767,173.28125,,,,,,0.699999988079071,0.0
4467727745,Vitacura Carrera,run,2020-01-22 19:35:26,2482.090087890625,8786.6396484375,147.0,180.0,442.0,,,,,,282.48587875027715,180.46875,,,,,,3.200000047683716,0.0
4465067224,Natación libre,swim,2020-01-22 06:03:00,2658.64990234375,2400.0,,,423.0,,,,,,1078.7486676561339,,,,,,9.300000190734863,,
4463687322,Las Condes Carrera,run,2020-01-21 18:18:10,1381.137939453125,5016.66015625,147.0,161.0,256.0,,,,,,275.3303987892117,182.828125,,,,,,2.799999952316284,0.0
4461225967,Zwift - Balder,bike,2020-01-21 05:48:07,4092.0,37471.1015625,0.0,0.0,580.0,148.0,158.39686198368517,,,,109.20607677094215,,,,,,,0.0,
4460281905,Vitacura Carrera,run,2020-01-20 20:36:01,430.0369873046875,1234.4000244140625,146.0,153.0,80.0,,,,,,348.43206964281745,175.609375,,,,,,1.7999999523162842,0.0
4460281885,Vitacura Carrera,run,2020-01-20 19:36:05,1884.0660400390625,6794.669921875,143.0,157.0,328.0,,,,,,277.3155892429979,182.0625,,,,,,2.299999952316284,0.4000000059604645
4457763912,Natación libre,swim,2020-01-20 06:04:30,2320.64111328125,2050.0,,,342.0,,,,,,1132.5028104635783,,,,,,11.199999809265137,,
4455695090,Natación en aguas abiertas,swim,2020-01-19 11:35:46,2029.9959716796875,1525.0,,,130.0,,,,,,1331.1449180327868,,,,,,,,
4450856548,Lo Barnechea Ciclismo en ruta,bike,2020-01-18 07:11:00,11695.791015625,65557.75,,,2616.0,,,,,,178.4121314178517,,,,,,,,
4446756060,Natación libre,swim,2020-01-17 06:04:15,2316.39404296875,1875.0,,,317.0,,,,,,1200.4801858920744,,,,,,11.100000381469727,,
4443097326,Zwift - V?LI,bike,2020-01-16 06:17:44,2112.0,18723.759765625,0.0,0.0,347.0,172.0,182.74820298775214,,,,112.80316140085671,,,,,,,0.0,
4443017945,Zwift - V?LI,bike,2020-01-16 05:43:41,1684.0,14623.7900390625,0.0,0.0,281.0,174.0,187.65242882001243,,,,115.16757397346561,,,,,,,0.0,
4442942026,Vitacura Carrera,run,2020-01-15 19:36:59,2913.39697265625,11127.599609375,153.0,181.0,518.0,,,,,,261.8486510871144,179.4375,,,,,,3.4000000953674316,3.299999952316284
4439427931,Natación libre,swim,2020-01-15 06:03:19,2754.405029296875,2175.0,,,356.0,,,,,,1197.604821194984,,,,,,12.0,,
4435636878,Zwift - TT#1 The Polish,bike,2020-01-14 05:45:41,4904.0,41952.609375,0.0,0.0,710.0,151.0,175.6969733474469,,,,116.90437357900686,,,,,,,0.0,
4434517106,Carrera en cinta,run,2020-01-13 19:14:51,2697.7958984375,9902.1201171875,150.0,171.0,496.0,,,,,,272.4795583682451,178.0625,,,,,,3.4000000953674316,1.0
4432154716,Natación libre,swim,2020-01-13 06:02:10,2745.803955078125,2350.0,,,376.0,,,,,,1166.8611526133473,,,,,,11.5,,
4424900605,Colina Ciclismo en ruta,bike,2020-01-11 07:36:17,10275.6337890625,87966.28125,,,2775.0,,,,,,116.80878579021905,,,,,,,,
4420652536,Natación libre,swim,2020-01-10 06:02:46,2367.116943359375,2000.0,,,320.0,,,,,,1183.4319125937768,,,,,,11.699999809265137,,
4419554741,Zwift - PROMETEO,bike,2020-01-09 18:30:08,5027.0,44439.859375,0.0,0.0,650.0,135.0,156.2884094805787,,,,113.12216999309126,,,,,,,0.0,
4417025525,Ciclismo indoor,bike,2020-01-09 05:49:45,1979.7559814453125,0.0,82.0,135.0,99.0,,,,,,,,,,,,,0.30000001192092896,0.10000000149011612
4416268739,Vitacura Carrera,run,2020-01-08 19:36:00,2374.239990234375,7699.10986328125,145.0,165.0,409.0,,,,,,308.356457166114,179.1875,,,,,,2.5,0.800000011920929
4413470082,Natación libre,swim,2020-01-08 06:04:48,2403.1298828125,2050.0,,,333.0,,,,,,1172.3329628714764,,,,,,11.699999809265137,,
4412172010,Ciclismo indoor,bike,2020-01-07 18:17:36,2140.095947265625,0.0,104.0,132.0,180.0,,,,,,,,,,,,,0.5,0.0
4409694996,Zwift - POSEID?N,bike,2020-01-07 05:40:35,4336.0,42696.51171875,0.0,0.0,728.0,175.0,181.92329621035086,,,,101.56408985072953,,,,,,,0.0,
4408769038,Las Condes Carrera,run,2020-01-06 19:54:27,3005.375,10546.9404296875,154.0,169.0,567.0,,,,,,284.98147109220645,182.3125,,,,,,3.4000000953674316,0.4000000059604645
4406333019,Natación libre,swim,2020-01-06 06:00:28,2947.47509765625,2550.0,,,408.0,,,,,,1156.069351416027,,,,,,11.399999618530273,,
4399405855,Colina Carrera,run,2020-01-04 10:36:02,2863.115966796875,10005.3701171875,164.0,179.0,593.0,,,,,,286.1230422730139,182.203125,,,,,,4.0,0.800000011920929
4399771260,Colina Ciclismo en ruta,bike,2020-01-04 07:25:55,10013.5859375,94299.0703125,,,2880.0,,,,,,106.19093335925885,,,,,,,,
4394870025,Zwift - HADES,bike,2020-01-03 05:52:44,5650.0,50241.08984375,0.0,0.0,857.0,158.0,169.85238571887336,,,,112.46063626763713,,,,,,,0.0,
4393625923,Carrera en cinta,run,2020-01-02 17:37:47,5224.85888671875,20014.560546875,157.0,178.0,956.0,,,,,,261.02844599321435,176.796875,,,,,,3.700000047683716,2.299999952316284
4391265671,Natación libre,swim,2020-01-02 06:00:35,2966.2529296875,2525.0,,,404.0,,,,,,1175.0881164659336,,,,,,11.399999618530273,,
4387951052,Carrera en cinta,run,2020-01-01 06:53:48,4003.6220703125,15030.580078125,153.0,171.0,731.0,,,,,,266.38252896064927,176.546875,,,,,,3.4000000953674316,1.2999999523162842
4385196668,Natación libre,swim,2019-12-31 08:54:47,1838.7960205078125,1700.0,,,272.0,,,,,,1081.0810671486588,,,,,,11.100000381469727,,
4384631471,Sao Paulo Carrera,run,2019-12-31 07:02:04,2113.053955078125,8010.8798828125,152.0,172.0,401.0,,,,,,263.78265079959846,185.515625,,,,,,3.299999952316284,0.0
4383559967,Ciclismo indoor,bike,2019-12-30 17:53:49,3685.5419921875,0.0,108.0,140.0,322.0,,,,,,,,,,,,,0.8999999761581421,0.0
4381452182,Strength,str,2019-12-30 07:53:38,735.6019897460938,0.0,105.0,132.0,67.0,,,,,,,,,,,,,0.30000001192092896,0.0
4381451965,Sao Paulo Carrera,run,2019-12-30 07:00:27,2651.884033203125,10010.2998046875,164.0,177.0,533.0,,,,,,264.900655559498,190.40625,,,,,,4.0,0.5
4378615446,Natación libre,swim,2019-12-29 09:06:01,1907.626953125,1500.0,,,240.0,,,,,,1272.2646094318509,,,,,,26.899999618530273,,
4375090716,Natación libre,swim,2019-12-28 09:37:33,826.97802734375,700.0,,,112.0,,,,,,1182.0330749408622,,,,,,25.100000381469727,,
4375089292,Natación libre,swim,2019-12-28 09:04:44,1494.1650390625,1200.0,,,192.0,,,,,,1245.3300538653798,,,,,,12.399999618530273,,
4374441716,Mogi Guaçu Ciclismo,bike,2019-12-28 06:20:29,3710.52001953125,20062.369140625,117.0,161.0,372.0,,,,,,184.9454388766997,,,,,,,1.2999999523162842,0.800000011920929
4371739819,Natación libre,swim,2019-12-27 08:49:58,2799.614013671875,2650.0,,,448.0,,,,,,1055.9661793058722,,,,,,22.100000381469727,,
4371401964,Mogi Guaçu Carrera,run,2019-12-27 07:38:15,119.13899993896484,353.1499938964844,160.0,166.0,23.0,,,,,,337.3819178490333,177.3125,,,,,,0.699999988079071,0.0
4371401828,Mogi Guaçu Carrera,run,2019-12-27 06:38:44,3184.31201171875,12009.3896484375,157.0,178.0,589.0,,,,,,265.18165586796755,187.5,,,,,,3.799999952316284,1.399999976158142
4368694727,Natación libre,swim,2019-12-26 08:55:04,1954.574951171875,2050.0,,,373.0,,,,,,951.4747867815386,,,,,,20.5,,
4368078882,Mogi Guaçu Ciclismo,bike,2019-12-26 06:32:19,3035.554931640625,17437.98046875,131.0,159.0,407.0,,,,,,174.06440729679557,,,,,,,2.0999999046325684,0.699999988079071
4365575678,Mogi Guaçu Ciclismo,bike,2019-12-25 06:45:36,3762.925048828125,22384.400390625,127.0,158.0,462.0,,,,,,168.09548157307694,,,,,,,2.0,1.600000023841858
4363212927,Mogi Guaçu Carrera,run,2019-12-24 07:54:49,3207.889892578125,12005.2802734375,157.0,173.0,597.0,,,,,,267.23676442422806,186.796875,,,,,,3.799999952316284,1.600000023841858
4360244887,Carrera en cinta,run,2019-12-23 06:59:35,2752.574951171875,10009.849609375,147.0,163.0,465.0,,,,,,274.95187707591975,184.734375,,,,,,3.0999999046325684,0.5
4360244469,Ciclismo indoor,bike,2019-12-23 06:11:40,2717.5048828125,0.0,108.0,141.0,224.0,,,,,,,,,,,,,0.699999988079071,0.0
4358089248,Natación libre,swim,2019-12-22 09:21:20,2230.362060546875,1825.0,,,513.0,,,,,,1222.4938597380326,,,,,,12.399999618530273,,
4358089017,Natación libre,swim,2019-12-21 18:12:32,2072.14599609375,1575.0,,,434.0,,,,,,1315.7894901951927,,,,,,13.0,,
4352428088,Natación libre,swim,2019-12-20 06:54:31,2165.678955078125,1775.0,,,501.0,,,,,,1196.1722126434138,,,,,,10.5,,
4352427794,Carrera en cinta,run,2019-12-20 06:08:24,1643.240966796875,6004.43994140625,152.0,168.0,470.0,,,,,,273.6726841801445,183.984375,,,,,,3.0999999046325684,0.0
4349998520,Natación libre,swim,2019-12-19 06:02:40,2320.427001953125,2025.0,,,570.0,,,,,,1145.475338493607,,,,,,10.899999618530273,,
4348794601,Zwift - PROMETEO 2.0,bike,2019-12-18 17:53:36,3581.0,33399.6796875,0.0,0.0,533.0,155.0,174.49867058444775,,,,107.2271045564893,,,,,,,0.0,
4347101500,Carrera en cinta,run,2019-12-18 06:35:47,2431.407958984375,9042.169921875,156.0,176.0,704.0,,,,,,268.8894791121546,185.421875,,,,,,3.4000000953674316,1.2000000476837158
4347015762,Ciclismo indoor,bike,2019-12-18 06:02:10,1971.675048828125,0.0,106.0,123.0,255.0,,,,,,,,,,,,,0.4000000059604645,0.0
4346201841,Vitacura Carrera,run,2019-12-17 19:36:47,283.3630065917969,899.760009765625,156.0,165.0,83.0,,,,,,314.960634651494,172.765625,,,,,,1.899999976158142,0.0
4346201712,Las Condes Carrera,run,2019-12-17 18:32:20,3252.955078125,12022.8203125,150.0,178.0,856.0,,,,,,270.5627633022211,182.65625,,,,,,3.200000047683716,0.6000000238418579
4344302020,Natación libre,swim,2019-12-17 06:02:55,2250.3779296875,1875.0,,,550.0,,,,,,1136.363642521141,,,,,,10.699999809265137,,
4343340593,Zwift - Step and Step,bike,2019-12-16 18:38:08,3188.0,25068.48046875,0.0,0.0,493.0,161.0,166.7350038181011,,,,127.17792327015084,,,,,,,0.0,
4341649665,Carrera en cinta,run,2019-12-16 06:38:29,2648.0,10015.23046875,144.0,163.0,506.0,,,,,,264.3973228772579,181.53125,,,,,,2.799999952316284,0.699999988079071
4341649347,Carrera en cinta,run,2019-12-16 06:35:32,83.69499969482422,343.7099914550781,119.0,131.0,16.0,,,,,,243.48673743640865,172.71875,,,,,,0.10000000149011612,0.0
4341649268,Ciclismo indoor,bike,2019-12-16 06:02:07,1839.68896484375,0.0,94.0,127.0,184.0,,,,,,,,,,,,,0.30000001192092896,0.0
4336812840,Colina Carrera,run,2019-12-14 11:14:24,2099.60595703125,8008.89013671875,143.0,162.0,521.0,,,,,,262.1919319625619,188.265625,,,,,,2.799999952316284,0.10000000149011612
4336825057,Colina Ciclismo en ruta,bike,2019-12-14 08:44:17,8530.345703125,61519.73046875,,,2132.0,,,,,,138.65779462149894,,,,,,,,
4333463483,Natación libre,swim,2019-12-13 06:52:43,2191.885009765625,1750.0,,,507.0,,,,,,1168.2242906055071,,,,,,11.100000381469727,,
4333463252,Carrera en cinta,run,2019-12-13 06:11:01,1696.762939453125,6545.64990234375,152.0,168.0,482.0,,,,,,259.2016561995473,183.703125,,,,,,3.0999999046325684,0.10000000149011612
4332380109,Ciclismo indoor,bike,2019-12-12 17:41:14,2274.01708984375,0.0,95.0,131.0,234.0,,,,,,,,,,,,,0.4000000059604645,0.0
4330855807,Natación libre,swim,2019-12-12 05:59:32,2761.126953125,2500.0,,,700.0,,,,,,1104.9724106226677,,,,,,10.399999618530273,,
4329901535,Las Condes Carrera,run,2019-12-11 18:09:09,3193.97509765625,12326.9599609375,155.0,178.0,852.0,,,,,,259.1344929780816,184.765625,,,,,,3.5999999046325684,1.2999999523162842
4328069037,Zwift - FTP Test (shorter),bike,2019-12-11 05:45:10,2711.0,25906.259765625,0.0,0.0,470.0,181.0,205.0335902446099,,,,104.65724417175758,,,,,,,0.0,
4329900842,Las Condes Carrera,run,2019-12-10 18:39:49,1399.041015625,5007.169921875,134.0,172.0,300.0,,,,,,279.40765606757634,181.875,,,,,,2.0,0.0
4325402126,Natación libre,swim,2019-12-10 06:01:43,2250.803955078125,2000.0,,,557.0,,,,,,1124.8593943859667,,,,,,10.600000381469727,,
4324370621,Zwift - Heimdall,bike,2019-12-09 18:51:34,4223.0,27231.529296875,0.0,0.0,557.0,137.0,152.1912695602499,,,,155.08684973624574,,,,,,,0.0,
4322544596,Carrera en cinta,run,2019-12-09 06:25:43,2358.3359375,10010.8701171875,148.0,168.0,629.0,,,,,,235.57126665700636,184.265625,,,,,,3.200000047683716,0.10000000149011612
4322479223,Ciclismo indoor,bike,2019-12-09 06:01:13,1394.2159423828125,0.0,104.0,138.0,175.0,,,,,,,,,,,,,0.30000001192092896,0.0
4317715716,Colina Carrera,run,2019-12-07 11:30:20,2454.075927734375,9000.0,140.0,162.0,590.0,,,,,,272.6751111111111,185.1875,,,,,,2.700000047683716,0.0
4317930724,Colina Ciclismo en ruta,bike,2019-12-07 09:48:15,6063.6162109375,58155.7890625,,,1817.0,,,,,,104.26441886817518,,,,,,,,
4317726783,Laguna piedra roja Triatlon ,swim,2019-12-07 07:50:00,2100.0,1800.0,,,350.0,,,,,,1166.6666666666667,,,,,,,,
4314157759,Natación libre,swim,2019-12-06 06:48:46,2616.054931640625,2150.0,,,606.0,,,,,,1200.4801858920744,,,,,,11.899999618530273,,
4314157487,Carrera en cinta,run,2019-12-06 06:23:34,854.0549926757812,3236.320068359375,147.0,161.0,229.0,,,,,,263.92187673237305,171.75,,,,,,2.299999952316284,0.699999988079071
4314157288,Ciclismo indoor,bike,2019-12-06 06:03:20,1089.8199462890625,0.0,115.0,143.0,173.0,,,,,,,,,,,,,0.800000011920929,0.20000000298023224
4311425216,Carrera en cinta,run,2019-12-05 06:57:37,1437.458984375,6008.39990234375,138.0,153.0,341.0,,,,,,239.23445958548248,177.421875,,,,,,2.200000047683716,0.10000000149011612
4311425042,Natación libre,swim,2019-12-05 06:00:43,1323.0870361328125,1050.0,,,288.0,,,,,,1201.9230521245474,,,,,,11.899999618530273,,
4310430902,Zwift - Tempo 2x25,bike,2019-12-04 18:30:43,4204.0,37703.9609375,0.0,0.0,623.0,154.0,159.25694281973148,,,,111.50757739298547,,,,,,,0.0,
4308591968,Carrera en cinta,run,2019-12-04 06:31:54,2690.27490234375,11438.6103515625,151.0,167.0,730.0,,,,,,235.18345110344293,186.546875,,,,,,3.4000000953674316,0.6000000238418579
4308591653,Ciclismo indoor,bike,2019-12-04 06:00:03,1751.3199462890625,0.0,96.0,133.0,181.0,,,,,,,,,,,,,0.30000001192092896,0.0
4307587419,Ciclismo indoor,bike,2019-12-03 18:34:32,3792.14404296875,0.0,92.0,129.0,341.0,,,,,,,,,,,,,0.30000001192092896,0.0
4302906624,Carrera en cinta,run,2019-12-02 07:00:47,2441.047119140625,10004.5,146.0,164.0,637.0,,,,,,244.021470936729,182.046875,,,,,,3.0999999046325684,0.0
4302827281,Ciclismo indoor,bike,2019-12-02 05:58:33,3602.532958984375,0.0,111.0,132.0,482.0,,,,,,,,,,,,,0.699999988079071,0.0
4298065384,Colina Carrera,run,2019-11-30 11:26:49,1276.595947265625,5013.830078125,137.0,154.0,303.0,,,,,,254.64731050246272,190.484375,,,,,,2.200000047683716,0.0
4298164755,Colina Ciclismo en ruta,bike,2019-11-30 07:11:42,13580.48046875,120523.5625,,,3779.0,,,,,,112.67605633802818,,,,,,,,
4294496195,Natación libre,swim,2019-11-29 06:54:49,2827.989013671875,2425.0,,,707.0,,,,,,1166.8611526133473,,,,,,10.899999618530273,,
4294495898,Ciclismo indoor,bike,2019-11-29 06:04:31,2353.698974609375,0.0,118.0,168.0,363.0,,,,,,,,,,,,,2.0999999046325684,1.7000000476837158
4293626717,Vitacura Carrera,run,2019-11-28 19:56:27,304.8999938964844,1001.469970703125,169.0,180.0,95.0,,,,,,304.41399509039184,175.953125,,,,,,2.0999999046325684,0.10000000149011612
4293626566,Las Condes Carrera,run,2019-11-28 18:46:00,3401.44189453125,13012.080078125,151.0,181.0,906.0,,,,,,261.4379052375606,184.453125,,,,,,3.5,2.0
4291654187,Natación libre,swim,2019-11-28 06:04:09,2266.403076171875,2025.0,,,578.0,,,,,,1119.8208202960689,,,,,,10.5,,
4290825471,Zwift - Aerobic Easy,bike,2019-11-27 18:54:12,4204.0,36832.80078125,0.0,0.0,559.0,138.0,142.95821091021142,,,,114.14222538238955,,,,,,,0.0,
4289000554,Carrera en cinta,run,2019-11-27 07:17:09,406.08599853515625,1511.989990234375,152.0,156.0,114.0,,,,,,268.6005873434894,175.234375,,,,,,2.0,0.0
4289000435,Carrera en cinta,run,2019-11-27 06:36:02,2370.8701171875,10009.259765625,152.0,170.0,648.0,,,,,,236.85456444507088,188.265625,,,,,,3.5,0.6000000238418579
4289000084,Ciclismo indoor,bike,2019-11-27 05:59:34,2039.3170166015625,0.0,100.0,139.0,226.0,,,,,,,,,,,,,0.4000000059604645,0.10000000149011612
4287946794,Ciclismo indoor,bike,2019-11-26 18:33:09,2345.611083984375,0.0,96.0,130.0,238.0,,,,,,,,,,,,,0.4000000059604645,0.0
4285951362,Natación libre,swim,2019-11-26 06:02:37,2365.847900390625,2075.0,,,585.0,,,,,,1140.25088866654,,,,,,11.199999809265137,,
4284880768,Zwift - FTP Test (shorter),bike,2019-11-25 18:19:12,2704.0,25430.310546875,0.0,0.0,414.0,159.0,179.21481022413775,,,,106.33772543408963,,,,,,,0.0,
4283117504,Carrera en cinta,run,2019-11-25 06:33:38,2191.40087890625,8702.2001953125,151.0,168.0,580.0,,,,,,251.82573937228608,181.109375,,,,,,3.0999999046325684,1.899999976158142
4283117045,Ciclismo indoor,bike,2019-11-25 05:59:03,1919.52099609375,0.0,101.0,128.0,220.0,,,,,,,,,,,,,0.4000000059604645,0.0
4278005732,Colina Carrera,run,2019-11-23 11:22:47,2646.779052734375,10121.0703125,154.0,169.0,722.0,,,,,,261.5062842376011,189.1875,,,,,,3.5,0.5
4278012502,Colina Ciclismo en ruta,bike,2019-11-23 07:37:51,10943.2763671875,98830.453125,,,3045.0,,,,,,110.72970709706442,,,,,,,,
4274312418,Lap Swimming,swim,2019-11-22 06:51:03,1861.20703125,1750.0,,,492.0,,,,,,1063.8297899323063,,,,,,9.600000381469727,,
4274312102,Treadmill Running,run,2019-11-22 06:15:34,1317.448974609375,5008.27978515625,146.0,160.0,342.0,,,,,,263.0194602735204,177.578125,,,,,,2.700000047683716,0.0
4274311848,Indoor Cycling,bike,2019-11-22 06:01:58,747.9409790039062,0.0,91.0,119.0,69.0,,,,,,,,,,,,,0.10000000149011612,0.0
4273258167,Las Condes Running,run,2019-11-21 18:43:46,2184.5849609375,8008.85986328125,158.0,176.0,606.0,,,,,,272.7768767529392,184.28125,,,,,,3.4000000953674316,1.100000023841858
4271438230,Lap Swimming,swim,2019-11-21 06:04:09,2331.760009765625,2100.0,,,580.0,,,,,,1109.8778852351954,,,,,,10.199999809265137,,
4270545538,Zwift - Tempo 2x20,bike,2019-11-20 19:12:04,3923.0,29560.26953125,0.0,0.0,377.0,100.0,102.77250735162754,,,,132.71400401467153,,,,,,,0.0,
4268552877,Treadmill Running,run,2019-11-20 06:36:08,2484.47802734375,9744.5302734375,150.0,163.0,645.0,,,,,,254.971957549091,179.546875,,,,,,3.299999952316284,0.800000011920929
4268552251,Indoor Cycling,bike,2019-11-20 06:00:11,2011.1910400390625,0.0,98.0,125.0,207.0,,,,,,,,,,,,,0.30000001192092896,0.0
4267452843,Indoor Cycling,bike,2019-11-19 18:57:36,1938.8070068359375,0.0,83.0,116.0,133.0,,,,,,,,,,,,,0.20000000298023224,0.0
4267330576,Lap Swimming,swim,2019-11-19 06:04:27,1965.2769775390625,1800.0,,,501.0,,,,,,1091.703046539124,,,,,,10.800000190734863,,
4264484554,Zwift - Tempo 3x15,bike,2019-11-18 19:00:35,4221.0,24523.390625,0.0,0.0,339.0,83.0,86.08515988747179,,,,172.14666850976937,,,,,,,0.0,
4262593796,Carrera en cinta,run,2019-11-18 06:36:05,2121.9130859375,8403.9296875,145.0,166.0,521.0,,,,,,252.46150180953745,179.921875,,,,,,3.0,1.2000000476837158
4262593362,Ciclismo indoor,bike,2019-11-18 06:02:13,1823.677001953125,0.0,87.0,123.0,148.0,,,,,,,,,,,,,0.30000001192092896,0.0
4257349411,Colina Carrera,run,2019-11-16 11:12:15,1366.6510009765625,4968.64990234375,151.0,170.0,364.0,,,,,,275.0275089539752,182.21875,,,,,,3.0,0.10000000149011612
4257353541,Colina Ciclismo indoor,bike,2019-11-16 08:37:39,8650.677734375,80868.9609375,,,2422.0,,,,,,106.97475884729866,,,,,,,,
4253628943,Natación libre,swim,2019-11-15 06:51:43,1678.155029296875,1275.0,,,342.0,,,,,,1315.7894901951927,,,,,,12.300000190734863,,
4253628807,Ciclismo indoor,bike,2019-11-15 06:01:18,2552.698974609375,0.0,97.0,136.0,251.0,,,,,,,,,,,,,0.30000001192092896,0.0
4252535467,Las Condes Carrera,run,2019-11-14 18:54:45,306.2860107421875,1008.2899780273438,160.0,166.0,86.0,,,,,,303.7667020649207,175.265625,,,,,,1.7000000476837158,0.10000000149011612
4252535318,Las Condes Carrera,run,2019-11-14 18:31:45,1330.541015625,5012.25,157.0,174.0,366.0,,,,,,265.4632361648393,185.953125,,,,,,3.0,0.0
4250786620,Natación libre,swim,2019-11-14 06:00:25,3032.465087890625,2700.0,,,752.0,,,,,,1123.595523677711,,,,,,10.600000381469727,,
4247847410,Las Condes Ciclismo indoor,bike,2019-11-13 05:47:08,3776.176025390625,31129.640625,,,914.0,,,,,,121.30033324229238,,,,,,,,
4246601086,Las Condes Carrera,run,2019-11-12 16:53:22,1400.697021484375,5165.39990234375,160.0,177.0,387.0,,,,,,271.1496772848054,181.515625,,,,,,3.299999952316284,0.4000000059604645
4244946698,Natación libre,swim,2019-11-12 06:03:21,2101.3759765625,1800.0,,,512.0,,,,,,1166.8611526133473,,,,,,11.699999809265137,,
4244055149,Ciclismo indoor,bike,2019-11-11 19:04:25,3915.568115234375,32943.94140625,,,967.0,,,,,,118.84954273728346,,,,,,,,
4244055108,Carrera en cinta,run,2019-11-11 06:34:42,3163.299072265625,12123.3095703125,151.0,167.0,805.0,,,,,,260.9603328602085,179.53125,,,,,,3.5,0.800000011920929
4244054667,Ciclismo indoor,bike,2019-11-11 06:05:52,1486.8060302734375,0.0,87.0,133.0,123.0,,,,,,,,,,,,,0.20000000298023224,0.0
4236993653,Colina Ciclismo en ruta,bike,2019-11-09 09:32:58,9630.830078125,80485.8984375,,,2526.0,,,,,,119.66016010590042,,,,,,,,
4236880530,Colina Natación en aguas abiertas,swim,2019-11-09 07:42:49,3012.12890625,2533.580078125,,,680.0,,,,,,1189.0606131028583,,,,,,,,
4232831621,Natación libre,swim,2019-11-08 06:01:03,2922.89404296875,2450.0,,,677.0,,,,,,1193.3174231133867,,,,,,11.600000381469727,,
4231670257,Ciclismo indoor,bike,2019-11-07 16:52:14,3793.488037109375,0.0,103.0,132.0,400.0,,,,,,,,,,,,,0.4000000059604645,0.0
4230004444,Carrera en cinta,run,2019-11-07 06:41:40,1893.81494140625,7233.240234375,148.0,169.0,476.0,,,,,,261.8486510871144,178.0625,,,,,,3.200000047683716,1.899999976158142
4230004016,Fuerza,str,2019-11-07 06:05:35,1826.300048828125,0.0,70.0,99.0,69.0,,,,,,,,,,,,,0.0,0.0
4228710904,Ciclismo indoor,bike,2019-11-06 16:55:18,2291.55810546875,0.0,112.0,137.0,299.0,,,,,,,,,,,,,0.6000000238418579,0.0
4228710438,Ciclismo indoor,bike,2019-11-06 16:10:20,2409.510986328125,0.0,109.0,139.0,298.0,,,,,,,,,,,,,0.699999988079071,0.0
4227002959,Natación libre,swim,2019-11-06 06:01:47,2604.14111328125,2200.0,,,608.0,,,,,,1169.590617183426,,,,,,11.5,,
4223856206,Natación libre,swim,2019-11-05 06:06:53,2495.408935546875,2000.0,,,555.0,,,,,,1248.4394521730394,,,,,,12.399999618530273,,
4220824964,Carrera en cinta,run,2019-11-04 06:40:06,1715.375,6177.47998046875,146.0,163.0,423.0,,,,,,277.7006332691305,173.640625,,,,,,2.9000000953674316,0.20000000298023224
4220824657,Fuerza,str,2019-11-04 06:02:47,1776.126953125,0.0,84.0,134.0,123.0,,,,,,,,,,,,,0.30000001192092896,0.0
4215411909,Colina Carrera,run,2019-11-02 10:55:32,2169.25,8004.2900390625,172.0,190.0,666.0,,,,,,271.0027058246885,183.328125,,,,,,4.199999809265137,2.4000000953674316
4215273936,Colina Ciclismo en ruta,bike,2019-11-02 08:10:30,9050.2265625,79099.1171875,,,2372.0,,,,,,114.41647896886198,,,,,,,,
4212707155,Lo Barnechea Ciclismo,bike,2019-11-01 09:01:59,13736.9736328125,62157.328125,132.0,170.0,2099.0,,,,,,220.9944704805138,,,,,,,3.0,2.0999999046325684
4209371744,Carrera en cinta,run,2019-10-31 09:00:35,3017.51708984375,10010.98046875,152.0,167.0,797.0,,,,,,301.3863702324279,173.078125,,,,,,3.5,0.5
4208914506,Las Condes Ciclismo indoor,bike,2019-10-31 06:47:03,5400.9970703125,41674.23046875,,,1055.0,,,,,,129.60082809977365,,,,,,,,
4206084852,Carrera en cinta,run,2019-10-30 08:16:49,2233.22607421875,7476.39990234375,157.0,174.0,618.0,,,,,,298.685778132573,175.328125,,,,,,3.5999999046325684,1.7000000476837158
4206084193,Natación libre,swim,2019-10-30 06:55:08,2141.513916015625,1825.0,,,512.0,,,,,,1146.789018418109,,,,,,11.699999809265137,,
4202919918,Las Condes Ciclismo indoor,bike,2019-10-29 07:35:32,4621.15380859375,37236.05078125,,,1029.0,,,,,,124.10027901306894,,,,,,,,
4202669689,Natación libre,swim,2019-10-29 05:57:49,2930.9541015625,2400.0,,,667.0,,,,,,1204.8193013344476,,,,,,11.699999809265137,,
4200243650,Carrera en cinta,run,2019-10-28 09:34:22,2734.39306640625,9227.6904296875,153.0,171.0,734.0,,,,,,296.2962962962963,175.96875,,,,,,3.5999999046325684,0.6000000238418579
4197175185,Natación libre,swim,2019-10-27 10:05:28,2013.7750244140625,1500.0,,,407.0,,,,,,1342.2818706033574,,,,,,11.899999618530273,,
4193689220,Colina Ciclismo en ruta,bike,2019-10-26 09:40:22,9305.421875,75433.7578125,,,2355.0,,,,,,123.36540915228518,,,,,,,,
4192946144,Colina Natación en aguas abiertas,swim,2019-10-26 07:59:28,2180.215087890625,1479.300048828125,,,395.0,,,,,,1472.7540066346376,,,,,,,,
4190228850,Carrera en cinta,run,2019-10-25 09:04:38,3554.912109375,12024.23046875,161.0,180.0,1006.0,,,,,,295.68303046230926,174.75,,,,,,4.599999904632568,1.399999976158142
4188827411,Las Condes Ciclismo indoor,bike,2019-10-24 15:57:49,3613.822021484375,27052.3203125,,,672.0,,,,,,133.58268659454447,,,,,,,,
4187422637,Natación libre,swim,2019-10-24 09:05:09,3479.782958984375,2625.0,,,703.0,,,,,,1326.2599326910208,,,,,,12.5,,
4184465903,Natación libre,swim,2019-10-23 10:34:39,1619.54296875,1200.0,,,321.0,,,,,,1349.5276713961332,,,,,,13.0,,
4184057165,Las Condes Carrera,run,2019-10-23 08:11:19,2465.529052734375,8918.669921875,164.0,184.0,718.0,,,,,,276.4722066696821,180.3125,,,,,,4.400000095367432,2.0
4182375768,Las Condes Ciclismo indoor,bike,2019-10-22 15:57:56,3733.8369140625,30903.76953125,,,909.0,,,,,,120.81671479781691,,,,,,,,
4181154917,Natación libre,swim,2019-10-22 08:34:55,3652.74609375,2650.0,,,701.0,,,,,,1379.3102994685241,,,,,,13.199999809265137,,
4178007629,Las Condes Carrera,run,2019-10-21 09:41:21,2110.5810546875,8005.66015625,146.0,177.0,510.0,,,,,,263.6435551082894,180.484375,,,,,,3.0,1.0
4177834224,Las Condes Ciclismo indoor,bike,2019-10-21 08:19:31,3678.333984375,33025.30859375,,,1089.0,,,,,,111.38338548020711,,,,,,,,
4175038123,Las Condes Carrera,run,2019-10-20 10:11:54,108.81300354003906,291.45001220703125,159.0,165.0,27.0,,,,,,373.41299849559476,165.234375,,,,,,0.5,0.0
4175037896,Las Condes Carrera,run,2019-10-20 09:36:28,2054.949951171875,7046.7099609375,157.0,174.0,556.0,,,,,,291.6302213253153,179.25,,,,,,3.5999999046325684,0.5
4171771248,Natación libre,swim,2019-10-19 10:41:24,1922.85205078125,1450.0,,,395.0,,,,,,1324.5033196234756,,,,,,11.5,,
4171771013,Las Condes Carrera,run,2019-10-19 08:48:47,2717.388916015625,10004.5595703125,163.0,177.0,757.0,,,,,,271.5915321126586,180.90625,,,,,,4.199999809265137,1.2999999523162842
4171789869,Las Condes Ciclismo indoor,bike,2019-10-19 07:07:12,5527.98486328125,42148.359375,,,1061.0,,,,,,131.14754098360655,,,,,,,,
4170818801,Ciclismo indoor,bike,2019-10-17 17:13:32,3661.616943359375,0.0,102.0,123.0,378.0,,,,,,,,,,,,,0.30000001192092896,0.0
4158873430,Natación libre,swim,2019-10-15 06:01:11,2433.262939453125,2100.0,,,584.0,,,,,,1158.7485842169795,,,,,,10.800000190734863,,
4158873169,Ciclismo indoor,bike,2019-10-14 18:04:02,4802.4111328125,0.0,118.0,145.0,671.0,,,,,,,,,,,,,1.2000000476837158,0.20000000298023224
4155744710,Carrera en cinta,run,2019-10-14 06:06:32,2781.048095703125,10018.5595703125,151.0,175.0,707.0,,,,,,277.6235426234106,170.734375,,,,,,3.5999999046325684,1.600000023841858
4153024892,Las Condes Carrera,run,2019-10-13 09:56:54,1294.68603515625,5007.580078125,148.0,167.0,327.0,,,,,,258.53153880823254,181.984375,,,,,,2.9000000953674316,0.6000000238418579
4153024115,Natación libre,swim,2019-10-13 08:44:56,1489.6300048828125,1150.0,,,314.0,,,,,,1295.3367627621687,,,,,,13.0,,
4149015284,Ciclismo indoor,bike,2019-10-12 10:10:10,3840.511962890625,0.0,134.0,162.0,750.0,,,,,,,,,,,,,2.4000000953674316,0.30000001192092896
4148735976,Natación libre,swim,2019-10-12 08:56:26,2082.64501953125,1800.0,,,501.0,,,,,,1157.40737738535,,,,,,10.399999618530273,,
4141208696,Ciclismo indoor,bike,2019-10-08 17:39:41,2705.238037109375,0.0,105.0,168.0,302.0,,,,,,,,,,,,,0.5,1.100000023841858
4127533437,Colina Carrera,run,2019-10-05 12:13:18,1693.7750244140625,5859.7001953125,165.0,197.0,503.0,,,,,,289.01733785400677,181.0,,,,,,4.099999904632568,3.0999999046325684
4127538633,Colina Ciclismo en ruta,bike,2019-10-05 08:36:51,11716.208984375,66395.8515625,,,2511.0,,,,,,176.4602139246215,,,,,,,,
4127532779,Colina Ciclismo,bike,2019-10-05 08:36:40,11764.080078125,58787.94140625,160.0,182.0,2890.0,,,,,,200.12006333527015,,,,,,,5.0,4.0
4104974159,Lo Barnechea Ciclismo en ruta,bike,2019-09-28 08:42:58,12543.4814453125,59574.3203125,,,2421.0,,,,,,210.57064323815501,,,,,,,,
4101341357,Natación libre,swim,2019-09-27 06:58:26,2931.591064453125,2650.0,,,738.0,,,,,,1106.1947095206488,,,,,,10.100000381469727,,
4097495070,Natación libre,swim,2019-09-26 06:00:05,2608.5390625,2125.0,,,617.0,,,,,,1226.9938686200999,,,,,,11.300000190734863,,
4094708672,Carrera en cinta,run,2019-09-25 06:45:20,2121.155029296875,7211.31005859375,154.0,182.0,571.0,,,,,,294.11763880904596,177.921875,,,,,,3.5999999046325684,2.4000000953674316
4094706918,Fuerza,str,2019-09-25 06:03:20,2417.0048828125,0.0,79.0,114.0,132.0,,,,,,,,,,,,,0.10000000149011612,0.0
4088568169,Carrera en cinta,run,2019-09-23 06:41:31,1863.39404296875,6282.02978515625,151.0,177.0,492.0,,,,,,296.64787443580695,176.875,,,,,,3.5,2.700000047683716
4088567632,Fuerza,str,2019-09-23 06:05:06,1975.7469482421875,0.0,80.0,103.0,108.0,,,,,,,,,,,,,0.10000000149011612,0.0
4082070268,Colina Ciclismo en ruta,bike,2019-09-21 09:06:04,9725.455078125,82708.4921875,,,2544.0,,,,,,117.59172555172147,,,,,,,,
4078299589,Las Condes Carrera,run,2019-09-20 09:47:22,4157.783203125,15028.8896484375,161.0,179.0,1156.0,,,,,,276.6251721609673,184.078125,,,,,,4.800000190734863,1.7000000476837158
4078298302,Natación libre,swim,2019-09-20 08:00:20,3998.34912109375,1325.0,,,369.0,,,,,,1228.5012126689305,,,,,,12.199999809265137,,
4075190772,Las Condes Carrera,run,2019-09-19 08:16:42,4882.74609375,15002.58984375,156.0,169.0,1287.0,,,,,,325.4149088500854,177.203125,,,,,,4.199999809265137,0.0
4079732815,Las Condes Ciclismo indoor,bike,2019-09-18 09:32:31,2289.093994140625,23871.150390625,,,677.0,,,,,,95.89566137649365,,,,,,,,
4071740307,Las Condes Multi-Sport,triathlon,2019-09-18 09:31:59,4800.159961283207,8881.889726728201,,188.0,1269.0,,,,,,540.4435439947113,,,,,,,4.800000190734863,2.4000000953674316
4069353739,Las Condes Ciclismo indoor,bike,2019-09-17 15:40:52,3618.780029296875,39098.8984375,,,1110.0,,,,,,92.5583125860913,,,,,,,,
4067364910,Natación libre,swim,2019-09-17 06:03:19,2643.9951171875,2200.0,,,616.0,,,,,,1184.8341486599195,,,,,,10.699999809265137,,
4067364691,Carrera en cinta,run,2019-09-16 06:47:05,2646.573974609375,6327.02001953125,139.0,172.0,549.0,,,,,,418.2350424252444,126.875,,,,,,3.5,0.0
4067364205,Fuerza,str,2019-09-16 06:03:27,2256.612060546875,0.0,80.0,108.0,121.0,,,,,,,,,,,,,0.10000000149011612,0.0
4043746939,Fuerza,str,2019-09-10 06:45:24,2379.68310546875,0.0,86.0,121.0,165.0,,,,,,,,,,,,,0.20000000298023224,0.0
4041776649,Carrera en cinta,run,2019-09-09 18:37:07,2110.282958984375,6934.08984375,149.0,167.0,545.0,,,,,,304.32136212321103,175.671875,,,,,,3.5999999046325684,1.899999976158142
4033945383,Colina Carrera,run,2019-09-07 11:26:05,1784.31103515625,6043.2998046875,154.0,175.0,478.0,,,,,,295.246523537622,184.71875,,,,,,3.299999952316284,0.0
4033949992,Colina Ciclismo en ruta,bike,2019-09-07 08:37:17,9037.416015625,68595.2109375,,,2233.0,,,,,,131.75230301662634,,,,,,,,
4029483273,Carrera en cinta,run,2019-09-06 06:56:29,2817.556884765625,10016.66015625,155.0,169.0,775.0,,,,,,281.29394689777865,175.09375,,,,,,4.199999809265137,0.800000011920929
4029347743,Fuerza,str,2019-09-06 06:18:25,2208.573974609375,0.0,84.0,106.0,144.0,,,,,,,,,,,,,0.20000000298023224,0.0
4026134947,Natación libre,swim,2019-09-05 06:01:20,2569.76904296875,2100.0,,,585.0,,,,,,1219.512205759306,,,,,,11.600000381469727,,
4024825817,Ciclismo indoor,bike,2019-09-04 18:01:13,3681.618896484375,0.0,92.0,125.0,326.0,,,,,,,,,,,,,0.4000000059604645,0.0
4018963201,Natación libre,swim,2019-09-03 06:01:09,2635.89599609375,2225.0,,,626.0,,,,,,1184.8341486599195,,,,,,11.5,,
4017822925,Las Condes Ciclismo indoor,bike,2019-09-02 18:42:30,3943.051025390625,30052.650390625,,,744.0,,,,,,131.19915658257037,,,,,,,,
4016164227,Fuerza,str,2019-09-02 06:14:46,2786.965087890625,0.0,85.0,112.0,194.0,,,,,,,,,,,,,0.30000001192092896,0.0
4012464628,Las Condes Carrera,run,2019-09-01 07:52:01,2028.1009521484375,5257.60986328125,156.0,180.0,540.0,,,,,,385.8024680002163,171.578125,,,,,,3.5,0.5
4009894337,Tiltil Ciclismo en ruta,bike,2019-08-31 07:48:38,20644.146484375,133534.953125,,,4168.0,,,,,,154.60729901457339,,,,,,,,
3998157394,Las Condes Ciclismo indoor,bike,2019-08-28 05:57:40,3912.277099609375,38731.69921875,,,1031.0,,,,,,101.01010490225224,,,,,,,,
3996448337,Natación libre,swim,2019-08-27 15:15:02,2473.9951171875,1725.0,,,435.0,,,,,,1434.7201745894376,,,,,,13.300000190734863,,
3995297009,Fuerza,str,2019-08-27 10:04:28,3931.125,0.0,83.0,104.0,243.0,,,,,,,,,,,,,0.20000000298023224,0.0
3994544237,Natación libre,swim,2019-08-27 06:04:00,2351.904052734375,2000.0,,,557.0,,,,,,1176.4705552361838,,,,,,11.100000381469727,,
3993004865,Fuerza,str,2019-08-26 16:10:02,4184.080078125,0.0,74.0,126.0,199.0,,,,,,,,,,,,,0.20000000298023224,0.0
3991545056,Las Condes Ciclismo indoor,bike,2019-08-26 08:23:03,4003.47900390625,33455.05078125,,,945.0,,,,,,119.67448616458917,,,,,,,,
3989232457,Mogi Guaçu Carrera,run,2019-08-21 17:34:13,1312.9150390625,4896.56982421875,148.0,169.0,342.0,,,,,,268.09651337438737,186.75,,,,,,3.0,1.0
3974191120,Mogi Guaçu Ciclismo,bike,2019-08-21 11:30:32,3054.073974609375,8103.419921875,99.0,129.0,309.0,,,,,,376.9317588181844,,,,,,,0.4000000059604645,0.0
3974190220,Mogi Guaçu Ciclismo,bike,2019-08-21 10:03:31,4008.31103515625,12021.1201171875,112.0,174.0,458.0,,,,,,333.44447343521017,,,,,,,1.899999976158142,1.899999976158142
3972211008,Mogi Guaçu Carrera,run,2019-08-20 10:10:15,648.1079711914062,2075.39990234375,137.0,149.0,157.0,,,,,,312.30481898169353,183.21875,,,,,,2.0999999046325684,0.0
3972210829,Fuerza,str,2019-08-20 09:39:30,1796.9010009765625,0.0,87.0,99.0,124.0,,,,,,,,,,,,,0.20000000298023224,0.0
3968038226,Mogi Guaçu Ciclismo,bike,2019-08-19 15:20:16,4249.4990234375,21387.689453125,116.0,152.0,599.0,,,,,,198.68865517899346,,,,,,,1.899999976158142,0.8999999761581421
3967439085,Mogi Guaçu Carrera,run,2019-08-19 09:27:31,2798.85888671875,10007.3701171875,144.0,175.0,639.0,,,,,,279.6420601045508,189.625,,,,,,2.799999952316284,1.600000023841858
3943829877,Las Condes Ciclismo indoor,bike,2019-08-12 15:04:45,3826.922119140625,42704.55078125,,,1123.0,,,,,,89.61376148827541,,,,,,,,
3942862911,Carrera en cinta,run,2019-08-12 09:36:47,2742.05810546875,10017.1201171875,153.0,172.0,740.0,,,,,,273.7475959895816,176.953125,,,,,,3.5999999046325684,0.30000001192092896
3942563753,Fuerza,str,2019-08-12 08:56:36,2229.7890625,0.0,81.0,107.0,136.0,,,,,,,,,,,,,0.10000000149011612,0.0
3939957088,Natación libre,swim,2019-08-11 11:27:04,2400.700927734375,1775.0,,,466.0,,,,,,1353.179931899074,,,,,,13.199999809265137,,
3935769968,Las Condes Carrera,run,2019-08-10 09:28:50,2673.35400390625,10010.4296875,157.0,183.0,740.0,,,,,,267.02270508900494,187.78125,,,,,,4.0,2.0999999046325684
3935771437,Las Condes Ciclismo indoor,bike,2019-08-10 07:54:23,5127.48876953125,58734.859375,,,1532.0,,,,,,87.29812367178684,,,,,,,,
3928582108,Natación libre,swim,2019-08-08 06:04:43,2511.697021484375,125.0,,,35.0,,,,,,1114.8271834121274,,,,,,9.600000381469727,,
3927263595,Las Condes Ciclismo indoor,bike,2019-08-07 18:05:43,3908.533935546875,41801.12890625,,,1086.0,,,,,,93.50163894665131,,,,,,,,
3925132720,Carrera en cinta,run,2019-08-07 06:34:20,1972.7569580078125,7002.14990234375,131.0,153.0,395.0,,,,,,281.7695105701254,180.15625,,,,,,2.299999952316284,0.4000000059604645
3925002796,Fuerza,str,2019-08-07 06:07:13,1603.7359619140625,0.0,75.0,96.0,74.0,,,,,,,,,,,,,0.10000000149011612,0.0
3921507804,Natación libre,swim,2019-08-06 06:02:59,2436.571044921875,1875.0,,,520.0,,,,,,1137.656417267228,,,,,,10.800000190734863,,
3920287827,Las Condes Ciclismo indoor,bike,2019-08-05 18:08:57,4092.110107421875,53642.0390625,,,1291.0,,,,,,76.28346817347546,,,,,,,,
3918202118,Carrera en cinta,run,2019-08-05 06:42:42,2261.216064453125,8017.759765625,136.0,154.0,469.0,,,,,,282.0078959177172,180.546875,,,,,,2.299999952316284,0.4000000059604645
3917996138,Fuerza,str,2019-08-05 06:10:40,1722.927978515625,0.0,94.0,136.0,155.0,,,,,,,,,,,,,0.4000000059604645,0.0
3912093062,Colina Carrera,run,2019-08-03 10:37:59,2876.277099609375,10012.580078125,156.0,177.0,784.0,,,,,,287.2737763120008,184.421875,,,,,,4.0,1.100000023841858
3912096699,Colina Ciclismo en ruta,bike,2019-08-03 08:41:52,6755.9189453125,55472.87109375,,,1716.0,,,,,,121.78783900965614,,,,,,,,
3907850585,Natación libre,swim,2019-08-02 06:59:55,2333.37109375,1575.0,,,429.0,,,,,,1315.7894901951927,,,,,,12.199999809265137,,
3904260506,Natación libre,swim,2019-08-01 06:03:47,1957.81103515625,1550.0,,,431.0,,,,,,1262.6262694679344,,,,,,13.100000381469727,,
3903003107,Las Condes Ciclismo indoor,bike,2019-07-31 18:00:20,4868.537109375,54174.25,,,1473.0,,,,,,89.8714849490101,,,,,,,,
3900982650,Carrera en cinta,run,2019-07-31 06:32:51,1870.2779541015625,6395.97998046875,139.0,162.0,395.0,,,,,,292.3976542958565,170.734375,,,,,,2.5,0.4000000059604645
3900982027,Fuerza,str,2019-07-31 06:05:16,1408.4659423828125,0.0,86.0,111.0,99.0,,,,,,,,,,,,,0.20000000298023224,0.0
3897354052,Natación libre,swim,2019-07-30 06:00:57,3128.764892578125,2400.0,,,658.0,,,,,,1300.3901275175115,,,,,,12.399999618530273,,
3896059156,Las Condes Ciclismo indoor,bike,2019-07-29 18:22:58,4813.36083984375,56530.5703125,,,1536.0,,,,,,85.14261470785857,,,,,,,,
3893923641,Carrera en cinta,run,2019-07-29 06:32:36,3002.555908203125,10104.080078125,141.0,170.0,703.0,,,,,,297.17681936579527,174.46875,,,,,,3.0999999046325684,0.8999999761581421
3893922948,Fuerza,str,2019-07-29 06:06:49,1317.9449462890625,0.0,78.0,93.0,65.0,,,,,,,,,,,,,0.10000000149011612,0.0
3888451906,Colina Carrera,run,2019-07-27 11:37:48,2170.449951171875,8005.10009765625,150.0,180.0,564.0,,,,,,271.1496772848054,190.640625,,,,,,3.5,1.399999976158142
3888454991,Colina Ciclismo en ruta,bike,2019-07-27 09:06:06,8691.2666015625,69140.1015625,,,2272.0,,,,,,125.70710365690645,,,,,,,,
3884196736,Natación libre,swim,2019-07-26 06:57:37,2750.260009765625,2275.0,,,628.0,,,,,,1209.1898107339962,,,,,,11.5,,
3878540204,Carrera en cinta,run,2019-07-24 11:57:56,3150.472900390625,10024.73046875,159.0,178.0,868.0,,,,,,314.26776385171144,170.140625,,,,,,4.199999809265137,2.0999999046325684
3877429964,Ciclismo indoor,bike,2019-07-24 05:50:16,3675.4619140625,35035.41015625,,,1007.0,,,,,,104.90978212562929,,,,,,,,
3874021809,Natación libre,swim,2019-07-23 06:04:37,2158.91796875,1750.0,,,486.0,,,,,,1215.0668082596828,,,,,,11.600000381469727,,
3871552954,Carrera en cinta,run,2019-07-22 11:55:54,2712.4619140625,8197.650390625,148.0,165.0,656.0,,,,,,330.906676169748,166.828125,,,,,,3.0999999046325684,0.8999999761581421
3870549905,Las Condes Ciclismo indoor,bike,2019-07-22 05:45:22,4220.5341796875,39721.23828125,,,1196.0,,,,,,106.25863067126367,,,,,,,,
3865270272,Tiltil Carrera,run,2019-07-20 13:27:51,1465.1639404296875,4722.97998046875,156.0,175.0,395.0,,,,,,310.1736994724915,180.3125,,,,,,3.200000047683716,1.2999999523162842
3865269707,Tiltil Ciclismo,bike,2019-07-20 08:43:44,15697.61328125,112684.671875,139.0,185.0,2879.0,,,,,,139.3145728225272,,,,,,,4.699999809265137,4.300000190734863
3862054895,Carrera en cinta,run,2019-07-19 14:52:04,3484.011962890625,10007.9404296875,134.0,153.0,697.0,,,,,,348.06823269421716,166.578125,,,,,,2.5999999046325684,0.0
3862054440,Natación libre,swim,2019-07-19 07:14:09,658.4630126953125,50.0,,,13.0,,,,,,1362.397769714459,,,,,,10.0,,
3862054182,Natación libre,swim,2019-07-19 06:57:56,622.302001953125,450.0,,,123.0,,,,,,1308.9005260109911,,,,,,11.800000190734863,,
3859454029,Natación libre,swim,2019-07-18 18:29:03,1355.011962890625,1150.0,,,321.0,,,,,,1177.8563332850317,,,,,,10.0,,
3859454006,Natación libre,swim,2019-07-18 18:16:52,536.1259765625,250.0,,,70.0,,,,,,1146.789018418109,,,,,,9.600000381469727,,
3859453965,Las Condes Carrera,run,2019-07-17 19:37:31,3124.637939453125,10254.9404296875,160.0,179.0,847.0,,,,,,304.6922547960853,181.265625,,,,,,4.400000095367432,2.299999952316284
3853843472,Fuerza,str,2019-07-17 06:03:37,2393.472900390625,0.0,77.0,112.0,115.0,,,,,,,,,,,,,0.20000000298023224,0.0
3850795673,Las Condes Carrera,run,2019-07-16 08:41:48,2261.715087890625,8014.7998046875,160.0,177.0,618.0,,,,,,282.16705002679856,185.203125,,,,,,4.099999904632568,1.100000023841858
3850594922,Las Condes Ciclismo indoor,bike,2019-07-16 06:59:55,5126.14208984375,47388.91015625,,,1454.0,,,,,,108.1665778668126,,,,,,,,
3849060816,Las Condes Carrera,run,2019-07-15 17:57:24,2921.491943359375,10021.9296875,159.0,180.0,786.0,,,,,,291.54518383010475,181.0,,,,,,4.400000095367432,2.200000047683716
3847068816,Las Condes Ciclismo indoor,bike,2019-07-15 05:59:43,3632.23193359375,42296.26953125,,,1139.0,,,,,,85.87376218893185,,,,,,,,
3844440987,Natación libre,swim,2019-07-14 09:16:41,2081.25,1750.0,,,488.0,,,,,,1189.0606131028583,,,,,,9.5,,
3841215911,Tiltil Ciclismo en ruta,bike,2019-07-13 08:54:29,10480.8408203125,62332.7890625,,,2240.0,,,,,,168.15200866148595,,,,,,,,
3838043408,Carrera en cinta,run,2019-07-12 12:05:33,2486.5009765625,8883.4501953125,148.0,170.0,606.0,,,,,,279.87685776987007,165.1875,,,,,,3.5,0.20000000298023224
3837267878,Natación libre,swim,2019-07-12 06:59:17,1046.5460205078125,825.0,,,229.0,,,,,,1213.5922316051315,,,,,,10.600000381469727,,
3836022163,Natación libre,swim,2019-07-11 18:12:12,1710.613037109375,1500.0,,,418.0,,,,,,1140.25088866654,,,,,,10.5,,
3832674877,Natación libre,swim,2019-07-10 17:12:41,1158.198974609375,1000.0,,,280.0,,,,,,1158.7485842169795,,,,,,11.199999809265137,,
3830737788,Las Condes Ciclismo indoor,bike,2019-07-10 05:52:20,4206.337890625,41507.28125,,,1144.0,,,,,,101.33765675997367,,,,,,,,
3829374321,Natación libre,swim,2019-07-09 17:26:26,1978.864013671875,1650.0,,,458.0,,,,,,1158.7485842169795,,,,,,10.199999809265137,,
3826253415,Las Condes Carrera,run,2019-07-08 20:04:26,2550.3310546875,10240.98046875,152.0,176.0,643.0,,,,,,249.00399683596683,186.53125,,,,,,3.9000000953674316,3.200000047683716
3823986022,Las Condes Ciclismo indoor,bike,2019-07-08 05:45:56,3621.010986328125,45147.58984375,,,1163.0,,,,,,80.2053229833514,,,,,,,,
3821399929,Natación libre,swim,2019-07-07 08:56:41,1509.10302734375,1200.0,,,329.0,,,,,,1257.8616088140495,,,,,,10.800000190734863,,
3818632925,Lampa Ciclismo en ruta,bike,2019-07-06 08:48:56,15620.435546875,127757.921875,,,3856.0,,,,,,122.26433697596738,,,,,,,,
3806554957,Carrera en cinta,run,2019-07-02 18:16:22,2741.26708984375,10029.0595703125,149.0,178.0,657.0,,,,,,273.2987214795271,171.296875,,,,,,3.4000000953674316,0.8999999761581421
3806554588,Ciclismo indoor,bike,2019-07-01 16:27:47,3616.402099609375,0.0,103.0,122.0,381.0,,,,,,,,,,,,,0.699999988079071,0.0
3806554130,Mogi Guaçu Carrera,run,2019-06-29 08:06:39,1586.27197265625,5790.89990234375,162.0,181.0,439.0,,,,,,273.8975605946268,191.421875,,,,,,3.9000000953674316,0.6000000238418579
3788607485,Natación libre,swim,2019-06-27 06:03:38,2310.083984375,1900.0,,,532.0,,,,,,1180.6375402859135,,,,,,10.899999618530273,,
3787492859,Natación libre,swim,2019-06-26 18:05:43,2045.1689453125,1525.0,,,405.0,,,,,,1340.482588292577,,,,,,11.600000381469727,,
3786425158,Natación libre,swim,2019-06-26 12:40:24,607.0050048828125,450.0,,,117.0,,,,,,1349.5276713961332,,,,,,12.199999809265137,,
3786424985,Natación libre,swim,2019-06-26 12:09:10,1303.594970703125,600.0,,,164.0,,,,,,1298.7013308711196,,,,,,10.800000190734863,,
3785426684,Las Condes Ciclismo indoor,bike,2019-06-26 05:48:22,4219.8017578125,44222.5,,,1252.0,,,,,,95.41985149615854,,,,,,,,
3783228663,Fuerza,str,2019-06-25 12:29:35,1892.9119873046875,0.0,75.0,111.0,88.0,,,,,,,,,,,,,0.10000000149011612,0.0
3782211219,Natación libre,swim,2019-06-25 06:03:39,2333.047119140625,1850.0,,,502.0,,,,,,1259.4457969343396,,,,,,12.600000381469727,,
3780023045,Carrera en cinta,run,2019-06-24 12:55:03,1718.217041015625,6019.27978515625,152.0,174.0,435.0,,,,,,285.4695957780786,176.53125,,,,,,3.299999952316284,0.800000011920929
3778939363,Las Condes Ciclismo indoor,bike,2019-06-24 05:45:27,3567.52001953125,35230.12890625,,,1059.0,,,,,,101.26582278481013,,,,,,,,
3773642814,Colina Ciclismo en ruta,bike,2019-06-22 09:15:12,12386.64453125,64755.30078125,,,2616.0,,,,,,191.27772927014823,,,,,,,,
3769364573,Natación libre,swim,2019-06-21 06:57:58,1725.0479736328125,1400.0,,,393.0,,,,,,1183.4319125937768,,,,,,10.5,,
3766004224,Natación libre,swim,2019-06-20 06:04:24,2404.56494140625,1825.0,,,517.0,,,,,,1298.7013308711196,,,,,,12.0,,
3762796342,Las Condes Ciclismo indoor,bike,2019-06-19 05:46:11,3621.45703125,28499.66015625,,,784.0,,,,,,127.06480489725705,,,,,,,,
3759368935,Natación libre,swim,2019-06-18 06:04:36,1816.81005859375,1300.0,,,387.0,,,,,,1379.3102994685241,,,,,,11.0,,
3756001151,Las Condes Ciclismo indoor,bike,2019-06-17 05:52:35,3624.51904296875,32811.578125,,,1004.0,,,,,,110.46061529635378,,,,,,,,
3749560468,Las Condes Ciclismo indoor,bike,2019-06-15 07:23:52,5794.76123046875,64573.87109375,,,1808.0,,,,,,89.74244202596276,,,,,,,,
3746942176,Natación libre,swim,2019-06-14 06:59:42,1888.5880126953125,1250.0,,,344.0,,,,,,1285.3470484285442,,,,,,11.600000381469727,,
3744010214,Fuerza,str,2019-06-13 11:56:15,1092.7939453125,0.0,82.0,114.0,72.0,,,,,,,,,,,,,0.20000000298023224,0.0
3743129008,Natación libre,swim,2019-06-13 06:04:27,2334.64501953125,1900.0,,,539.0,,,,,,1228.5012126689305,,,,,,11.100000381469727,,
3741988212,Las Condes Ciclismo indoor,bike,2019-06-12 17:57:46,2762.7509765625,30733.349609375,,,789.0,,,,,,89.89572423139583,,,,,,,,
3735911522,Las Condes Carrera,run,2019-06-10 20:04:17,2052.052978515625,8124.6201171875,153.0,193.0,506.0,,,,,,252.58903057767876,184.15625,,,,,,3.5,3.4000000953674316
3733616028,Las Condes Ciclismo indoor,bike,2019-06-10 06:09:14,2450.5,20774.359375,,,626.0,,,,,,117.95235160369262,,,,,,,,
3733614608,Las Condes Ciclismo indoor,bike,2019-06-10 05:59:25,486.1239929199219,189.10000610351562,,,0.0,,,,,,2570.6940968570884,,,,,,,,
3727926108,Colina Carrera,run,2019-06-08 12:13:08,2332.615966796875,7573.2001953125,155.0,180.0,602.0,,,,,,307.97659576889623,181.15625,,,,,,4.0,2.0
3728240781,Colina Ciclismo en ruta,bike,2019-06-08 09:09:58,10017.8974609375,79884.7890625,,,2497.0,,,,,,125.40757497747073,,,,,,,,
3724651854,Natación libre,swim,2019-06-07 12:02:31,2272.462890625,1550.0,,,399.0,,,,,,1466.27569980618,,,,,,13.0,,
3708283800,Natación libre,swim,2019-06-02 08:52:20,1615.0250244140625,1025.0,,,267.0,,,,,,1379.3102994685241,,,,,,13.300000190734863,,
3704766299,Las Condes Carrera,run,2019-06-01 09:36:30,2894.694091796875,10012.2900390625,147.0,177.0,686.0,,,,,,289.10088696671335,185.21875,,,,,,3.5,0.8999999761581421
3704470856,Las Condes Ciclismo indoor,bike,2019-06-01 06:53:23,8214.4873046875,80239.53125,,,2437.0,,,,,,102.3751060533132,,,,,,,,
3701814941,Natación libre,swim,2019-05-31 12:02:19,2294.95703125,1550.0,,,401.0,,,,,,1481.4814553175775,,,,,,13.300000190734863,,
3700887256,Carrera en cinta,run,2019-05-31 06:11:30,3209.66796875,12036.3603515625,158.0,181.0,836.0,,,,,,266.6666666666667,179.46875,,,,,,4.199999809265137,1.0
3695392405,Carrera en cinta,run,2019-05-29 12:35:59,160.3990020751953,160.97000122070312,136.0,143.0,35.0,,,,,,996.0159873438673,94.3125,,,,,,0.5,0.0
3695392223,Carrera en cinta,run,2019-05-29 11:58:46,2175.97998046875,8046.35009765625,151.0,171.0,539.0,,,,,,270.4164446670315,175.75,,,,,,3.4000000953674316,0.30000001192092896
3694448608,Las Condes Ciclismo indoor,bike,2019-05-29 05:46:37,3783.989013671875,30365.619140625,,,852.0,,,,,,124.61059782369728,,,,,,,,
3688323854,Las Condes Ciclismo indoor,bike,2019-05-27 05:56:40,3063.615966796875,24220.189453125,,,712.0,,,,,,126.48621080568711,,,,,,,,
3686268281,Codegua Natación en aguas abiertas,track_cycling,2019-05-26 09:31:43,4987.898,25576.31,,,7184.0,,,,,,195.02023552263796,,,,,,,,
3679635954,Natación libre,swim,2019-05-24 11:24:48,2906.5869140625,2100.0,,,554.0,,,,,,1385.0415457581223,,,,,,11.5,,
3676643315,Natación libre,swim,2019-05-23 11:47:07,2690.89599609375,2025.0,,,545.0,,,,,,1328.0212113373254,,,,,,10.699999809265137,,
3675616826,Las Condes Ciclismo indoor,bike,2019-05-23 05:53:58,2956.114990234375,19260.990234375,,,446.0,,,,,,153.4683903642594,,,,,,,,
3670061999,Las Condes Carrera,run,2019-05-21 11:31:39,1393.72900390625,5007.740234375,170.0,183.0,389.0,,,,,,278.3189585440979,190.078125,,,,,,3.5999999046325684,1.100000023841858
3669908451,Las Condes Ciclismo indoor,bike,2019-05-21 09:52:07,5181.6240234375,51933.28125,,,1407.0,,,,,,99.77053014036227,,,,,,,,
3668126876,Natación libre,swim,2019-05-20 17:31:26,385.5450134277344,350.0,,,100.0,,,,,,1092.896149233872,,,,,,9.5,,
3666496543,Ciclismo indoor,bike,2019-05-20 06:30:27,3393.18603515625,0.0,138.0,160.0,688.0,,,,,,,,,,,,,2.9000000953674316,0.6000000238418579
3663462929,Las Condes Carrera,run,2019-05-19 07:47:44,960.7680053710938,3421.27001953125,150.0,178.0,236.0,,,,,,280.81998581004433,189.0,,,,,,2.799999952316284,1.2999999523162842
3660995208,Tiltil Carrera,run,2019-05-18 11:53:42,1425.72998046875,4998.43017578125,146.0,178.0,328.0,,,,,,285.22532459539906,190.25,,,,,,3.0,0.8999999761581421
3661001329,Tiltil Ciclismo en ruta,bike,2019-05-18 08:12:00,11321.294921875,83237.28125,,,2671.0,,,,,,136.01740585287757,,,,,,,,
3657492241,Natación libre,swim,2019-05-17 10:54:52,2468.366943359375,1750.0,,,465.0,,,,,,1410.4372526176023,,,,,,11.300000190734863,,
3652614829,Ciclismo indoor,bike,2019-05-15 17:23:30,2980.14208984375,40549.26953125,,,932.0,,,,,,73.49698691203605,,,,,,,,
3644447351,Las Condes Ciclismo indoor,bike,2019-05-13 05:59:35,2969.136962890625,37615.7109375,,,898.0,,,,,,78.93283020720004,,,,,,,,
3643432873,Ciclismo indoor,bike,2019-05-12 18:46:36,266.6090087890625,842.260009765625,,,20.0,,,,,,316.5558801389243,,,,,,,,
3641897440,Las Condes Carrera,run,2019-05-12 08:38:48,1957.1300048828125,6118.2099609375,160.0,175.0,498.0,,,,,,319.89764017464506,179.703125,,,,,,3.5,0.10000000149011612
3638835346,Colina Ciclismo,bike,2019-05-11 08:40:48,7906.85986328125,61586.2890625,145.0,183.0,1619.0,,,,,,128.3861850805251,,,,,,,4.699999809265137,3.0
3635775807,Natación libre,swim,2019-05-10 11:28:25,2175.612060546875,1500.0,,,383.0,,,,,,1432.6647280640611,,,,,,11.5,,
3635601328,Carrera en cinta,run,2019-05-10 06:09:40,3225.93896484375,10532.009765625,167.0,179.0,869.0,,,,,,306.2787037886938,183.9375,,,,,,5.0,0.10000000149011612
3629307253,Carrera en cinta,run,2019-05-08 06:18:47,2450.011962890625,7770.0,157.0,173.0,608.0,,,,,,315.35793087259697,178.234375,,,,,,3.700000047683716,1.2999999523162842
3628235205,Ciclismo indoor,bike,2019-05-07 19:09:46,2898.532958984375,0.0,117.0,147.0,412.0,,,,,,,,,,,,,1.600000023841858,0.20000000298023224
3628141819,Ciclismo indoor,bike,2019-05-07 19:06:01,209.45700073242188,0.0,100.0,126.0,23.0,,,,,,,,,,,,,0.10000000149011612,0.0
3623128191,Las Condes Carrera,run,2019-05-06 05:56:13,2647.35107421875,8583.9501953125,153.0,174.0,625.0,,,,,,308.4515633036607,182.625,,,,,,3.299999952316284,1.399999976158142
3620567199,Natación libre,swim,2019-05-05 09:14:24,1014.2119750976562,500.0,,,137.0,,,,,,1540.8320753446806,,,,,,13.0,,
3617385642,Lampa Carrera,run,2019-05-04 10:17:08,1400.4649658203125,5039.60986328125,161.0,179.0,352.0,,,,,,277.85496147807595,190.875,,,,,,3.4000000953674316,1.399999976158142
3617384773,Lampa Ciclismo,bike,2019-05-04 08:09:10,6970.3291015625,55430.55859375,130.0,183.0,1114.0,,,,,,125.75452493090148,,,,,,,3.200000047683716,2.299999952316284
3613784292,Las Condes Carrera,run,2019-05-03 06:11:23,2571.05810546875,8837.6796875,168.0,184.0,663.0,,,,,,290.9514080465611,187.8125,,,,,,4.300000190734863,2.5
3612794920,Natación libre,swim,2019-05-02 18:54:55,1603.6610107421875,1050.0,,,267.0,,,,,,1490.3129572502346,,,,,,12.5,,
3609350999,Puente Alto Ciclismo,bike,2019-05-01 08:36:54,13018.40234375,60359.03125,133.0,197.0,1917.0,,,,,,215.70318513016903,,,,,,,5.0,4.300000190734863
3604130378,Natación libre,swim,2019-04-30 06:03:42,1580.4410400390625,875.0,,,242.0,,,,,,1375.515822040699,,,,,,12.0,,
3600085065,Lo Barnechea Ciclismo,bike,2019-04-28 08:21:10,4287.87109375,26733.140625,121.0,151.0,577.0,,,,,,160.38492038272702,,,,,,,2.0,1.0
3595286592,Natación libre,swim,2019-04-27 09:10:07,1677.416015625,1100.0,,,341.0,,,,,,1319.2611855033329,,,,,,9.399999618530273,,
3589000547,Natación libre,swim,2019-04-25 06:08:57,2024.2679443359375,1025.0,,,376.0,,,,,,1267.4271635372465,,,,,,9.899999618530273,,
3589000212,Ciclismo indoor,bike,2019-04-24 17:40:51,1509.0699462890625,0.0,100.0,146.0,155.0,,,,,,,,,,,,,0.699999988079071,0.0
3582901624,Natación libre,swim,2019-04-23 06:03:48,2637.3798828125,225.0,,,80.0,,,,,,1199.0407797259586,,,,,,7.800000190734863,,
3581723295,Las Condes Carrera,run,2019-04-22 18:49:46,1605.491943359375,5934.8798828125,130.0,158.0,279.0,,,,,,270.48958419722715,187.3125,,,,,,2.0,0.5
3581722468,Las Condes Carrera,run,2019-04-21 09:29:10,1565.3709716796875,5003.419921875,133.0,153.0,307.0,,,,,,312.8911041823511,187.03125,,,,,,2.4000000953674316,0.10000000149011612
3581721848,Las Condes Ciclismo,bike,2019-04-21 08:29:42,2679.428955078125,18179.029296875,113.0,157.0,337.0,,,,,,147.38393846558648,,,,,,,1.600000023841858,0.8999999761581421
3571849582,Las Condes Carrera,run,2019-04-19 10:12:34,132.93499755859375,314.260009765625,143.0,155.0,23.0,,,,,,423.0118296557807,174.5,,,,,,0.30000001192092896,0.0
3571849575,Las Condes Carrera,run,2019-04-19 09:33:01,1500.196044921875,4965.52978515625,152.0,174.0,350.0,,,,,,302.114808848081,193.515625,,,,,,3.4000000953674316,0.5
3571849563,Ciclismo indoor,bike,2019-04-19 08:33:59,3103.655029296875,0.0,150.0,182.0,658.0,,,,,,,,,,,,,4.5,2.700000047683716
3555806114,Lo Barnechea Navegar,other,2019-04-14 06:01:19,8992.21875,3792.429931640625,111.0,160.0,945.0,,,,,,2369.668297319839,,,,,,,2.200000047683716,0.8999999761581421
3552345588,Ciclismo indoor,bike,2019-04-13 10:00:41,1871.0279541015625,0.0,126.0,167.0,312.0,,,,,,,,,,,,,2.4000000953674316,1.100000023841858
3545951859,Ciclismo indoor,bike,2019-04-11 06:25:05,3123.73291015625,0.0,145.0,180.0,652.0,,,,,,,,,,,,,4.099999904632568,2.0999999046325684
3544905540,Las Condes Carrera,run,2019-04-10 20:07:25,2229.291015625,6806.4501953125,158.0,177.0,539.0,,,,,,327.546678266112,181.453125,,,,,,4.699999809265137,1.2999999523162842
3539936487,Ciclismo indoor,bike,2019-04-09 06:04:11,3299.169921875,0.0,130.0,168.0,564.0,,,,,,,,,,,,,3.299999952316284,1.0
3536809079,Ciclismo indoor,bike,2019-04-08 05:56:50,2721.64306640625,0.0,150.0,177.0,609.0,,,,,,,,,,,,,4.599999904632568,2.299999952316284
3534228807,Lo Barnechea Navegar,other,2019-04-07 07:23:24,7475.56298828125,6961.240234375,123.0,181.0,973.0,,,,,,1074.1138626703855,,,,,,,3.5999999046325684,2.0
3515574156,Belo Horizonte Carrera,run,2019-03-27 18:53:53,253.11700439453125,878.6500244140625,137.0,149.0,54.0,,,,,,288.1014153381522,181.703125,,,,,,1.399999976158142,0.0
3532196202,Las Condes Ciclismo,bike,2019-03-21 09:39:13,1073.60498046875,4817.58984375,116.0,134.0,163.0,,,,,,222.86605806786264,,,,,,,1.100000023841858,0.0
3532196171,Las Condes Ciclismo,bike,2019-03-20 20:54:10,1585.4119873046875,5087.35986328125,134.0,152.0,306.0,,,,,,311.6235479982127,,,,,,,2.299999952316284,0.0
3475484019,Ciclismo indoor,bike,2019-03-19 06:26:20,4604.06298828125,0.0,114.0,134.0,465.0,,,,,,,,,,,,,1.2000000476837158,0.0
3475482774,Strength,str,2019-03-19 06:04:55,1175.6109619140625,0.0,97.0,139.0,99.0,,,,,,,,,,,,,0.6000000238418579,0.0
3474454093,Natación libre,swim,2019-03-18 18:26:13,3088.23095703125,25.0,,,1.0,,,,,,,,,,,,6.0,,
3470187869,Providencia - Carrera,run,2019-03-17 08:30:32,5730.791015625,21225.91015625,166.0,189.0,1252.0,,,,,,269.97840200590866,195.171875,,,,,,5.0,3.299999952316284
3470184980,Providencia - Carrera,run,2019-03-17 08:00:42,740.9920043945312,1502.7900390625,139.0,157.0,130.0,,,,,,493.0966186533842,157.171875,,,,,,2.0999999046325684,0.20000000298023224
3466937177,Strength,str,2019-03-16 09:59:06,1905.9539794921875,0.0,68.0,98.0,58.0,,,,,,,,,,,,,0.10000000149011612,0.0
3465232301,Strength,str,2019-03-15 17:57:09,1017.9450073242188,0.0,102.0,148.0,94.0,,,,,,,,,,,,,0.5,0.0
3465231980,Las Condes - Carrera,run,2019-03-15 17:53:18,199.2740020751953,561.4099731445312,162.0,171.0,41.0,,,,,,354.9875864912723,174.734375,,,,,,1.2000000476837158,0.20000000298023224
3465231851,Las Condes - Carrera,run,2019-03-15 17:20:29,1780.8480224609375,6292.43994140625,159.0,175.0,375.0,,,,,,283.0455709480516,186.1875,,,,,,3.5,0.6000000238418579
3464481273,Natación libre,swim,2019-03-15 11:48:24,1793.177001953125,175.0,,,49.0,,,,,,1135.0738025267633,,,,,,6.900000095367432,,
3462956950,Strength,str,2019-03-14 19:08:24,1045.0980224609375,0.0,102.0,142.0,96.0,,,,,,,,,,,,,0.5,0.0
3462955523,Las Condes - Carrera,run,2019-03-14 19:01:45,177.70599365234375,515.6099853515625,146.0,153.0,33.0,,,,,,344.70871841097676,169.59375,,,,,,0.699999988079071,0.0
3462955224,Las Condes - Carrera,run,2019-03-14 18:23:16,2204.965087890625,8007.0498046875,157.0,179.0,452.0,,,,,,275.4062209979331,188.671875,,,,,,3.700000047683716,1.600000023841858
3460317757,Las Condes - Carrera,run,2019-03-13 19:01:47,263.7229919433594,608.6300048828125,145.0,154.0,48.0,,,,,,433.27554678737175,167.953125,,,,,,0.8999999761581421,0.10000000149011612
3460317721,Las Condes - Carrera,run,2019-03-13 17:43:42,4342.09716796875,15242.330078125,164.0,190.0,930.0,,,,,,284.90028567436485,189.625,,,,,,5.0,3.299999952316284
3458577952,Ciclismo indoor,bike,2019-03-13 06:25:35,3545.1640625,0.0,125.0,159.0,482.0,,,,,,,,,,,,,2.4000000953674316,0.4000000059604645
3458577245,Strength,str,2019-03-13 06:07:06,975.2329711914062,0.0,78.0,108.0,46.0,,,,,,,,,,,,,0.10000000149011612,0.0
3457562356,Natación libre,swim,2019-03-12 18:45:06,706.8369750976562,50.0,,,13.0,,,,,,1328.0212113373254,,,,,,13.5,,
3457562273,Natación libre,swim,2019-03-12 18:13:40,1757.4090576171875,366.6300048828125,,,101.0,,,,,,1054.8523052881958,,,,,,11.0,,
3456141057,Carrera,run,2019-03-12 07:01:53,3099.589111328125,10015.2900390625,154.0,169.0,639.0,,,,,,309.50170737517004,181.9375,,,,,,3.9000000953674316,0.0
3456140183,Carrera,run,2019-03-12 07:01:10,12.041000366210938,0.0,77.0,81.0,0.0,,,,,,,0.0,,,,,,0.0,0.0
3456140038,Strength,str,2019-03-12 06:09:44,2743.552978515625,0.0,83.0,102.0,154.0,,,,,,,,,,,,,0.10000000149011612,0.0
3453015640,Ciclismo indoor,bike,2019-03-11 06:34:59,2938.572998046875,0.0,133.0,164.0,476.0,,,,,,,,,,,,,2.4000000953674316,0.8999999761581421
3453015096,Strength,str,2019-03-11 06:18:24,910.760009765625,0.0,90.0,111.0,64.0,,,,,,,,,,,,,0.20000000298023224,0.0
3450739126,Providencia - Carrera,run,2019-03-10 08:37:12,5933.59716796875,21268.509765625,159.0,175.0,1237.0,,,,,,279.0178485304994,186.453125,,,,,,4.599999904632568,2.0
3450736084,Providencia - Carrera,run,2019-03-10 08:09:12,680.3610229492188,1700.2099609375,133.0,148.0,117.0,,,,,,400.16005241964797,168.84375,,,,,,1.7999999523162842,0.0
3447810378,Ciclismo indoor,bike,2019-03-09 09:09:15,10313.73828125,0.0,120.0,183.0,1110.0,,,,,,,,,,,,,2.299999952316284,2.0999999046325684
3447805952,Strength,str,2019-03-09 09:01:11,359.3380126953125,0.0,90.0,134.0,26.0,,,,,,,,,,,,,0.10000000149011612,0.0
3444339925,Ciclismo indoor,bike,2019-03-08 06:24:48,3375.784912109375,0.0,131.0,156.0,521.0,,,,,,,,,,,,,2.700000047683716,1.0
3444339236,Strength,str,2019-03-08 06:08:13,887.7039794921875,0.0,107.0,147.0,98.0,,,,,,,,,,,,,0.699999988079071,0.20000000298023224
3443472731,Las Condes - Carrera,run,2019-03-07 17:47:48,5529.18701171875,18326.029296875,172.0,189.0,1326.0,,,,,,301.75016077427193,185.6875,,,,,,5.0,3.700000047683716
3442253382,Cardio,indoor_cardio,2019-03-07 07:30:45,565.1290283203125,0.0,97.0,125.0,50.0,,,,,,,,,,,,,0.20000000298023224,0.0
3441709432,Ciclismo indoor,bike,2019-03-07 06:28:43,3481.64501953125,0.0,134.0,187.0,570.0,,,,,,,,,,,,,2.799999952316284,2.700000047683716
3441708354,Strength,str,2019-03-07 06:06:41,1278.1409912109375,0.0,107.0,145.0,139.0,,,,,,,,,,,,,0.800000011920929,0.10000000149011612
3441023165,Las Condes - Carrera,run,2019-03-06 20:04:24,1888.73095703125,7268.72021484375,145.0,173.0,355.0,,,,,,259.87525652611987,187.15625,,,,,,3.0,1.2000000476837158
3438289418,Natación libre,swim,2019-03-05 20:03:41,3329.071044921875,966.5700073242188,,,200.0,,,,,,948.7665853879499,,,,,,11.399999618530273,,
3438185943,Ciclismo indoor,bike,2019-03-05 19:02:49,3321.318115234375,0.0,143.0,176.0,570.0,,,,,,,,,,,,,3.4000000953674316,2.5
3438185339,Ciclismo indoor,bike,2019-03-05 18:58:21,253.6020050048828,0.0,107.0,131.0,29.0,,,,,,,,,,,,,0.20000000298023224,0.10000000149011612
3438185178,Cardio,indoor_cardio,2019-03-05 18:54:07,167.6649932861328,0.0,88.0,101.0,11.0,,,,,,,,,,,,,0.0,0.0
3433700358,Ciclismo indoor,bike,2019-03-04 06:29:28,3447.44091796875,0.0,121.0,160.0,424.0,,,,,,,,,,,,,1.899999976158142,2.0999999046325684
3431415842,Cardio,indoor_cardio,2019-03-03 10:06:37,1545.4090576171875,0.0,127.0,151.0,225.0,,,,,,,,,,,,,2.0999999046325684,0.699999988079071
3431352926,Las Condes - Carrera,run,2019-03-03 08:45:55,4585.60693359375,15033.1103515625,171.0,187.0,1099.0,,,,,,305.0640526254809,187.546875,,,,,,5.0,4.400000095367432
3428416678,Cardio,indoor_cardio,2019-03-02 10:46:08,380.8190002441406,0.0,94.0,123.0,31.0,,,,,,,,,,,,,0.10000000149011612,0.0
3428416321,Las Condes - Ciclismo,bike,2019-03-02 07:57:22,9492.4013671875,60482.890625,146.0,186.0,1438.0,,,,,,156.9365922592689,,,,,,,5.0,5.0
3428412288,Ciclismo,bike,2019-03-02 07:54:10,171.04100036621094,0.0,124.0,139.0,26.0,,,,,,,,,,,,,0.5,0.20000000298023224
3428412057,Deseado - Carrera,run,2019-02-21 19:13:35,1813.3349609375,368.8500061035156,151.0,164.0,374.0,,,,,,4926.108516131315,183.6875,,,,,,3.4000000953674316,1.600000023841858
3401429649,Ciclismo indoor,bike,2019-02-20 18:48:22,3111.866943359375,0.0,126.0,162.0,442.0,,,,,,,,,,,,,2.299999952316284,2.0
3393607261,Ciclismo indoor,bike,2019-02-18 06:31:18,3335.550048828125,0.0,124.0,158.0,432.0,,,,,,,,,,,,,2.4000000953674316,2.0999999046325684
3393599576,Cardio,indoor_cardio,2019-02-18 06:02:55,1324.1090087890625,0.0,84.0,143.0,80.0,,,,,,,,,,,,,0.4000000059604645,0.0
3391862124,Natación libre,swim,2019-02-17 11:01:24,1047.364013671875,499.95001220703125,,,101.0,,,,,,1146.789018418109,,,,,,11.899999618530273,,
3391859656,Cardio,indoor_cardio,2019-02-17 10:24:02,548.5079956054688,0.0,116.0,137.0,73.0,,,,,,,,,,,,,0.6000000238418579,0.0
3391265217,Carrera,run,2019-02-17 09:48:30,2058.797119140625,7230.490234375,157.0,175.0,435.0,,,,,,284.73803419813015,186.203125,,,,,,3.9000000953674316,0.6000000238418579
3384635767,Cardio,indoor_cardio,2019-02-15 07:26:44,1555.074951171875,0.0,75.0,113.0,67.0,,,,,,,,,,,,,0.10000000149011612,0.0
3384634938,Ciclismo indoor,bike,2019-02-15 06:36:01,3013.0439453125,0.0,119.0,163.0,363.0,,,,,,,,,,,,,2.299999952316284,1.0
3384634080,Cardio,indoor_cardio,2019-02-15 06:21:20,792.5549926757812,0.0,82.0,115.0,46.0,,,,,,,,,,,,,0.10000000149011612,0.0
3381925091,Natación libre,swim,2019-02-14 06:40:42,104.33999633789062,66.66000366210938,,,17.0,,,,,,1291.9896823896381,,,,,,13.5,,
3381924965,Natación libre,swim,2019-02-14 06:16:26,1138.0550537109375,466.6199951171875,,,108.0,,,,,,1039.5010261044795,,,,,,10.399999618530273,,
3381924780,Natación libre,swim,2019-02-14 06:04:23,510.7340087890625,366.6300048828125,,,73.0,,,,,,963.391148308187,,,,,,11.5,,
3381924668,Cardio,indoor_cardio,2019-02-13 07:30:18,377.1759948730469,0.0,92.0,140.0,30.0,,,,,,,,,,,,,0.30000001192092896,0.0
3381924453,Ciclismo indoor,bike,2019-02-13 06:30:57,3408.343017578125,0.0,132.0,163.0,536.0,,,,,,,,,,,,,2.799999952316284,2.0
3381923613,Strength,str,2019-02-13 06:10:34,1020.114013671875,0.0,86.0,122.0,67.0,,,,,,,,,,,,,0.30000001192092896,0.0
3375672402,Las Condes Carrera,run,2019-02-11 20:01:22,2160.174072265625,7636.58984375,146.0,169.0,417.0,,,,,,282.8854245317537,186.828125,,,,,,3.4000000953674316,1.2000000476837158
3373863051,Ciclismo,bike,2019-02-11 06:25:16,3564.08203125,0.0,125.0,188.0,460.0,,,,,,,,,,,,,2.299999952316284,2.799999952316284
3373862505,Cardio,indoor_cardio,2019-02-11 06:06:58,987.5390014648438,0.0,111.0,152.0,110.0,,,,,,,,,,,,,1.399999976158142,0.6000000238418579
3373217044,Las Condes Excursionismo,hiking,2019-02-10 16:50:49,3866.81201171875,6383.4599609375,100.0,127.0,298.0,,,,,,605.6935106824807,119.78125,,,,,,0.4000000059604645,0.0
3372672547,Natación libre,swim,2019-02-10 15:54:03,604.77001953125,499.95001220703125,,,108.0,,,,,,1128.6682001071943,,,,,,10.300000190734863,,
3372672368,Cardio,indoor_cardio,2019-02-10 10:02:00,3039.949951171875,0.0,94.0,134.0,226.0,,,,,,,,,,,,,0.800000011920929,0.10000000149011612
3372671201,Las Condes Ciclismo,bike,2019-02-10 09:06:46,2532.784912109375,13840.73046875,123.0,166.0,343.0,,,,,,182.98261154237315,,,,,,,2.299999952316284,1.2999999523162842
3372670172,Cardio,indoor_cardio,2019-02-10 08:44:21,666.5170288085938,0.0,117.0,128.0,90.0,,,,,,,,,,,,,0.800000011920929,0.0
3372669880,Las Condes Carrera,run,2019-02-10 08:27:05,799.77197265625,2737.610107421875,145.0,171.0,157.0,,,,,,292.1413881338039,183.40625,,,,,,2.5999999046325684,0.0
3370158436,Las Condes Carrera,run,2019-02-09 18:13:20,4860.2509765625,6841.7001953125,75.0,109.0,374.0,,,,,,710.2272765757132,105.84375,,,,,,0.5,0.0
3370158414,Cardio,indoor_cardio,2019-02-08 18:31:09,1036.7559814453125,0.0,100.0,141.0,94.0,,,,,,,,,,,,,0.5,0.10000000149011612
3370158410,Las Condes Carrera,run,2019-02-08 18:21:58,515.489013671875,1641.6300048828125,149.0,160.0,103.0,,,,,,313.97174818386424,182.234375,,,,,,2.299999952316284,0.0
3370158378,Natación libre,swim,2019-02-08 07:02:29,249.12399291992188,133.32000732421875,,,26.0,,,,,,1228.5012126689305,,,,,,16.0,,
3349669121,Las Condes Carrera,run,2019-02-02 09:35:38,469.989990234375,55.22999954223633,98.0,116.0,42.0,,,,,,8474.576219817887,9.28125,,,,,,0.20000000298023224,0.0
3349668877,Cardio,indoor_cardio,2019-02-02 09:04:59,992.6849975585938,0.0,108.0,125.0,106.0,,,,,,,,,,,,,0.699999988079071,0.0
3349668417,Las Condes Carrera,run,2019-02-02 08:16:12,2206.3720703125,7328.0,153.0,170.0,451.0,,,,,,301.1141132595186,181.75,,,,,,4.0,0.4000000059604645
3339451568,Cardio,indoor_cardio,2019-01-29 06:44:49,3567.39501953125,0.0,98.0,137.0,276.0,,,,,,,,,,,,,0.8999999761581421,0.0
3339450195,Las Condes Carrera,run,2019-01-29 06:31:42,724.7210083007812,2580.89990234375,140.0,154.0,135.0,,,,,,280.81998581004433,185.796875,,,,,,2.299999952316284,0.10000000149011612
3339449817,Strength,str,2019-01-29 06:09:39,1227.7760009765625,0.0,91.0,106.0,88.0,,,,,,,,,,,,,0.20000000298023224,0.0
3335691323,Las Condes Carrera,run,2019-01-27 08:42:50,2140.758056640625,7049.1298828125,160.0,180.0,459.0,,,,,,303.67446256086174,184.234375,,,,,,4.300000190734863,2.0999999046325684
3323375142,Las Condes Carrera,run,2019-01-23 06:16:42,1500.8890380859375,5210.02978515625,146.0,161.0,290.0,,,,,,288.1014153381522,187.5,,,,,,3.0999999046325684,0.0
3321529082,Las Condes Carrera,run,2019-01-22 06:45:53,1189.011962890625,964.8099975585938,98.0,118.0,103.0,,,,,,1233.0456386376861,52.859375,,,,,,0.30000001192092896,0.0
3321528695,Strength,str,2019-01-22 06:09:14,2058.93408203125,0.0,88.0,107.0,130.0,,,,,,,,,,,,,0.20000000298023224,0.0
3318111597,Las Condes Carrera,run,2019-01-21 07:00:40,814.2520141601562,2537.570068359375,158.0,169.0,170.0,,,,,,320.92426835679635,181.578125,,,,,,2.9000000953674316,0.0
3318111367,Ciclismo indoor,bike,2019-01-21 06:58:38,2.8450000286102295,0.0,157.0,157.0,0.0,,,,,,,,,,,,,,
3318087442,Ciclismo indoor,bike,2019-01-21 06:30:08,1640.4110107421875,0.0,145.0,197.0,308.0,,,,,,,,,,,,,3.5,3.799999952316284
3318046629,Strength,str,2019-01-21 06:10:05,1078.3160400390625,0.0,89.0,122.0,73.0,,,,,,,,,,,,,0.30000001192092896,0.0
3313364431,Las Condes Carrera,run,2019-01-19 06:31:35,1550.31201171875,5349.68017578125,148.0,167.0,304.0,,,,,,289.77108292814495,185.375,,,,,,3.4000000953674316,0.10000000149011612
3304295051,Las Condes Carrera,run,2019-01-16 06:10:17,5.814000129699707,10.930000305175781,138.0,140.0,0.0,,,,,,531.9148949661532,91.859375,,,,,,0.0,0.0
3304294939,Las Condes Carrera,run,2019-01-16 05:47:48,1300.01904296875,4433.16015625,138.0,160.0,226.0,,,,,,293.25512458349283,185.125,,,,,,2.5999999046325684,0.10000000149011612
3302025504,Strength,str,2019-01-15 06:24:33,1236.291015625,0.0,94.0,124.0,94.0,,,,,,,,,,,,,0.30000001192092896,0.0
3301418919,Ciclismo indoor,bike,2019-01-15 06:09:48,822.7379760742188,0.0,110.0,145.0,94.0,,,,,,,,,,,,,0.800000011920929,0.30000001192092896
3298926251,Cardio,indoor_cardio,2019-01-14 07:12:41,1237.1259765625,0.0,100.0,125.0,108.0,,,,,,,,,,,,,0.4000000059604645,0.0
3298861997,Las Condes Carrera,run,2019-01-14 06:56:39,805.3480224609375,2618.090087890625,147.0,160.0,155.0,,,,,,307.59766911548684,181.65625,,,,,,2.5999999046325684,0.0
3298838020,Ciclismo indoor,bike,2019-01-14 06:28:17,1558.050048828125,0.0,131.0,170.0,244.0,,,,,,,,,,,,,2.5999999046325684,1.899999976158142
3298798346,Strength,str,2019-01-14 06:01:36,1564.9749755859375,0.0,91.0,114.0,109.0,,,,,,,,,,,,,0.4000000059604645,0.0
3297820502,Natación libre,swim,2019-01-13 16:06:29,1241.39404296875,766.5900268554688,,,154.0,,,,,,1265.8227504283423,,,,,,15.199999809265137,,
3297820392,Providencia Carrera,run,2019-01-13 07:56:02,5390.76416015625,9128.259765625,118.0,161.0,563.0,,,,,,590.6674685304719,116.8125,,,,,,2.0,0.30000001192092896
3297819009,Las Condes Carrera,run,2019-01-13 07:33:14,1272.43994140625,4736.2998046875,151.0,170.0,250.0,,,,,,268.6727649810883,193.671875,,,,,,3.299999952316284,0.0
3297818493,Natación libre,swim,2019-01-12 17:03:37,989.0549926757812,633.27001953125,,,120.0,,,,,,1223.9902502264356,,,,,,12.199999809265137,,
3297818356,Strength,str,2019-01-12 09:20:26,3553.783935546875,0.0,103.0,137.0,286.0,,,,,,,,,,,,,1.2000000476837158,0.0
3297817405,Las Condes Carrera,run,2019-01-12 09:04:24,781.9559936523438,2642.0,154.0,167.0,157.0,,,,,,295.9455505299575,185.328125,,,,,,2.9000000953674316,0.0
3297817084,Ciclismo,bike,2019-01-12 08:47:36,937.3469848632812,0.0,106.0,139.0,95.0,,,,,,,,,,,,,0.6000000238418579,0.0
3291993801,Las Condes Carrera,run,2019-01-05 08:55:11,373.989013671875,1065.280029296875,124.0,135.0,55.0,,,,,,351.12358939164585,179.234375,,,,,,0.8999999761581421,0.0
3270898561,Ciclismo indoor,bike,2019-01-04 06:22:23,3545.952880859375,0.0,138.0,174.0,581.0,,,,,,,,,,,,,4.099999904632568,1.899999976158142
3262835089,Mogi Guaçu Carrera,run,2019-01-01 07:22:40,2497.5810546875,5944.85009765625,113.0,168.0,359.0,,,,,,420.1680470233542,147.390625,,,,,,3.299999952316284,0.800000011920929
3260558181,Mogi Guaçu Carrera,run,2018-12-31 07:18:07,1960.47802734375,3070.070068359375,95.0,110.0,164.0,,,,,,638.5696103089393,114.78125,,,,,,0.5,0.0
3260557076,Mogi Guaçu Ciclismo,bike,2018-12-30 07:31:17,5135.72314453125,24451.830078125,119.0,140.0,559.0,,,,,,210.03990068246503,,,,,,,2.0999999046325684,0.6000000238418579
3260555122,Mogi Guaçu Carrera,run,2018-12-29 07:12:11,2646.2099609375,6402.02001953125,107.0,172.0,366.0,,,,,,413.3939797680293,150.765625,,,,,,3.0999999046325684,0.6000000238418579
3252875400,Mogi Guaçu Carrera,run,2018-12-28 07:29:27,1600.3759765625,5760.009765625,148.0,173.0,305.0,,,,,,277.85496147807595,188.65625,,,,,,3.4000000953674316,0.0
3250658128,Mogi Guaçu Carrera,run,2018-12-27 07:31:08,2842.93408203125,4953.740234375,87.0,116.0,281.0,,,,,,574.0528182013836,123.734375,,,,,,0.800000011920929,0.0
3247994256,Mogi Guaçu Ciclismo,bike,2018-12-26 07:24:47,4095.748046875,20844.669921875,112.0,143.0,417.0,,,,,,196.50225108543933,,,,,,,1.399999976158142,0.20000000298023224
3247019611,Mogi Guaçu Carrera,run,2018-12-25 08:19:49,292.5979919433594,919.75,132.0,146.0,49.0,,,,,,318.1673674210975,179.421875,,,,,,1.2000000476837158,0.20000000298023224
3247019428,Mogi Guaçu Carrera,run,2018-12-25 08:10:17,13.045999526977539,15.890000343322754,143.0,146.0,0.0,,,,,,821.0180257552735,117.28125,,,,,,0.0,0.0
3247019318,Mogi Guaçu Carrera,run,2018-12-25 07:52:34,1030.48095703125,3554.77001953125,148.0,168.0,196.0,,,,,,289.8550684575749,185.140625,,,,,,3.0,0.5
3244651840,Mogi Guaçu Carrera,run,2018-12-21 07:46:16,976.3049926757812,3372.889892578125,160.0,173.0,201.0,,,,,,289.4356069702415,184.828125,,,,,,3.200000047683716,0.800000011920929
3232629274,Las Condes Carrera,run,2018-12-18 06:30:55,520.9089965820312,1437.5400390625,146.0,160.0,96.0,,,,,,362.31884183164556,176.0625,,,,,,2.200000047683716,0.0
3229435163,Lo Barnechea Track Me,other,2018-12-16 05:33:32,19149.1328125,10645.900390625,107.0,161.0,1502.0,,,,,,1798.5611695889381,,,,,,,2.0999999046325684,2.0
3226333168,Las Condes Carrera,run,2018-12-13 06:28:55,2029.0419921875,7286.64990234375,149.0,165.0,384.0,,,,,,278.4739564722443,189.03125,,,,,,3.5,0.30000001192092896
3226333134,Strength,str,2018-12-13 06:10:01,1039.083984375,0.0,78.0,112.0,48.0,,,,,,,,,,,,,0.10000000149011612,0.0
3226333096,Strength,str,2018-12-11 06:13:26,2901.550048828125,0.0,87.0,119.0,165.0,,,,,,,,,,,,,0.30000001192092896,0.0
3226333070,Las Condes Carrera,run,2018-12-10 06:39:53,831.8889770507812,2738.330078125,157.0,169.0,165.0,,,,,,303.7667020649207,180.375,,,,,,2.9000000953674316,0.20000000298023224
3226333037,Ciclismo indoor,bike,2018-12-10 06:25:17,793.7020263671875,0.0,117.0,149.0,102.0,,,,,,,,,,,,,1.2000000476837158,0.8999999761581421
3226333018,Las Condes Carrera,run,2018-12-09 09:17:56,794.7310180664062,2640.3701171875,148.0,161.0,151.0,,,,,,301.0234774117417,184.765625,,,,,,2.5999999046325684,0.0
3226332985,Las Condes Ciclismo,bike,2018-12-09 07:37:23,4624.56689453125,21591.169921875,117.0,153.0,481.0,,,,,,214.17861814863204,,,,,,,1.7000000476837158,0.8999999761581421
3226332947,Las Condes Carrera,run,2018-12-08 10:41:01,876.0070190429688,2805.199951171875,148.0,161.0,164.0,,,,,,312.30481898169353,182.40625,,,,,,2.700000047683716,0.20000000298023224
3226332926,Strength,str,2018-12-08 10:14:38,1546.2340087890625,0.0,82.0,101.0,82.0,,,,,,,,,,,,,0.10000000149011612,0.0
3226332904,Las Condes Carrera,run,2018-12-06 06:38:35,865.0999755859375,2764.02001953125,143.0,160.0,155.0,,,,,,312.98905192309024,171.671875,,,,,,2.5999999046325684,0.10000000149011612
3226332883,Las Condes Carrera,run,2018-12-04 06:50:03,830.6220092773438,2677.6201171875,133.0,148.0,138.0,,,,,,310.1736994724915,177.28125,,,,,,2.200000047683716,0.0
3226332853,Strength,str,2018-12-04 06:05:21,2585.52392578125,0.0,83.0,107.0,136.0,,,,,,,,,,,,,0.20000000298023224,0.0
3226332838,Las Condes Carrera,run,2018-12-03 06:59:52,795.5029907226562,2613.25,166.0,177.0,168.0,,,,,,304.41399509039184,178.671875,,,,,,3.200000047683716,0.699999988079071
3226332817,Ciclismo indoor,bike,2018-12-03 06:27:54,1811.447998046875,0.0,133.0,190.0,283.0,,,,,,,,,,,,,2.9000000953674316,2.9000000953674316
3226332798,Natación libre,swim,2018-12-02 14:00:46,1036.8680419921875,599.9400024414062,,,118.0,,,,,,1342.2818706033574,,,,,,14.600000381469727,0.10000000149011612,0.0
3226332777,Las Condes Carrera,run,2018-12-02 07:53:23,1741.1070556640625,5413.419921875,143.0,160.0,305.0,,,,,,321.6468351332824,180.796875,,,,,,3.0999999046325684,0.10000000149011612
3226332740,Las Condes Carrera,run,2018-11-30 05:52:35,1465.9150390625,4582.64013671875,158.0,174.0,292.0,,,,,,319.89764017464506,183.34375,,,,,,3.700000047683716,1.2000000476837158
3226332718,Cardio,indoor_cardio,2018-11-24 08:41:40,1063.4339599609375,0.0,102.0,121.0,93.0,,,,,,,,,,,,,0.5,0.0
3226332687,Las Condes Carrera,run,2018-11-24 08:24:46,849.1630249023438,2715.550048828125,152.0,174.0,163.0,,,,,,312.69543912259576,178.0,,,,,,3.0,1.0
3226332667,Strength,str,2018-11-24 08:04:58,1091.1929931640625,0.0,93.0,133.0,81.0,,,,,,,,,,,,,0.5,0.0
3226332641,Las Condes Carrera,run,2018-11-23 06:44:19,866.52001953125,2719.8798828125,147.0,164.0,160.0,,,,,,318.57280007777655,175.09375,,,,,,2.799999952316284,0.30000001192092896
3226332623,Strength,str,2018-11-23 06:11:42,1808.2760009765625,0.0,88.0,111.0,110.0,,,,,,,,,,,,,0.30000001192092896,0.0
3226332608,Ciclismo indoor,bike,2018-11-21 06:26:33,3649.154052734375,0.0,124.0,162.0,457.0,,,,,,,,,,,,,2.700000047683716,1.7999999523162842
3226332583,Las Condes Carrera,run,2018-11-20 18:36:02,893.7960205078125,2609.070068359375,156.0,168.0,176.0,,,,,,342.5830869170925,174.796875,,,,,,3.0999999046325684,0.8999999761581421
3226332552,Cardio,indoor_cardio,2018-11-19 07:24:39,483.7820129394531,0.0,89.0,108.0,30.0,,,,,,,,,,,,,0.10000000149011612,0.0
3226332522,Ciclismo indoor,bike,2018-11-19 06:25:29,3519.39697265625,0.0,132.0,159.0,524.0,,,,,,,,,,,,,3.299999952316284,1.2999999523162842
3226332479,Las Condes Carrera,run,2018-11-17 11:32:35,996.1909790039062,2936.239990234375,161.0,176.0,202.0,,,,,,339.3281272273368,177.8125,,,,,,3.299999952316284,1.600000023841858
3226332462,Cardio,indoor_cardio,2018-11-15 09:27:16,634.3939819335938,0.0,91.0,114.0,44.0,,,,,,,,,,,,,0.20000000298023224,0.0
3226332445,Las Condes Carrera,run,2018-11-15 09:15:33,482.06298828125,1439.699951171875,151.0,164.0,91.0,,,,,,334.78406556119836,181.609375,,,,,,2.299999952316284,0.20000000298023224
3226332422,Ciclismo indoor,bike,2018-11-15 08:51:19,1050.6490478515625,0.0,134.0,157.0,173.0,,,,,,,,,,,,,2.5,1.7000000476837158
3226332401,Ciclismo indoor,bike,2018-11-14 06:20:57,3962.074951171875,0.0,126.0,175.0,518.0,,,,,,,,,,,,,2.700000047683716,1.600000023841858
3226332385,Cardio,indoor_cardio,2018-11-14 06:20:15,11.517000198364258,0.0,78.0,79.0,0.0,,,,,,,,,,,,,0.0,0.0
3226332357,Cardio,indoor_cardio,2018-11-14 06:11:18,461.5060119628906,0.0,87.0,106.0,29.0,,,,,,,,,,,,,0.10000000149011612,0.0
3226332337,Strength,str,2018-11-13 10:26:18,4023.429931640625,0.0,78.0,111.0,171.0,,,,,,,,,,,,,0.20000000298023224,0.0
3226332311,Cardio,indoor_cardio,2018-11-12 12:06:16,1531.47705078125,0.0,80.0,110.0,74.0,,,,,,,,,,,,,0.10000000149011612,0.0
3226332290,Las Condes Carrera,run,2018-11-12 11:38:38,1169.9539794921875,3500.760009765625,151.0,173.0,222.0,,,,,,334.2245874251097,174.234375,,,,,,3.200000047683716,0.0
3226332270,Strength,str,2018-11-12 11:04:59,1953.5880126953125,0.0,85.0,137.0,115.0,,,,,,,,,,,,,0.6000000238418579,0.0
3226332233,Las Condes Carrera,run,2018-11-11 08:34:56,1126.5450439453125,3529.39990234375,145.0,163.0,204.0,,,,,,319.1829022900817,183.921875,,,,,,3.0,0.20000000298023224
3226332209,Carrera,run,2018-11-11 08:33:36,1.062999963760376,0.0,76.0,76.0,0.0,,,,,,,0.0,,,,,,0.0,0.0
3226332173,Torres del Paine Navigate,other,2018-11-08 08:33:49,11157.06640625,10909.099609375,107.0,162.0,897.0,,,,,,1022.494902980031,,,,,,,2.0999999046325684,1.2000000476837158
3226332115,Torres del Paine Navigate,other,2018-11-07 15:23:52,2154.14599609375,2487.179931640625,108.0,139.0,202.0,,,,,,865.800887247413,,,,,,,0.8999999761581421,0.0
3226332060,Torres del Paine Navigate,other,2018-11-07 14:43:52,975.5709838867188,626.010009765625,103.0,137.0,89.0,,,,,,1557.6323513205352,,,,,,,0.699999988079071,0.0
3226332035,Torres del Paine Navigate,other,2018-11-07 13:16:36,1.100000023841858,0.6200000047683716,105.0,105.0,0.0,,,,,,1773.049612411293,,,,,,,0.0,0.0
3226331992,Torres del Paine Navigate,other,2018-11-07 09:24:11,2544.430908203125,2215.5400390625,103.0,139.0,211.0,,,,,,1148.1056364027672,,,,,,,1.100000023841858,0.0
3226331945,Torres del Paine Navigate,other,2018-11-07 07:33:27,5240.5400390625,5094.9501953125,125.0,180.0,625.0,,,,,,1028.8065813339103,,,,,,,2.700000047683716,3.0
3226331893,Torres del Paine Navigate,other,2018-11-07 07:29:14,218.8730010986328,264.95001220703125,98.0,103.0,18.0,,,,,,825.7638549548738,,,,,,,0.10000000149011612,0.0
3226331865,Torres del Paine Navigate,other,2018-11-07 06:57:33,8.630999565124512,3.4800000190734863,80.0,81.0,0.0,,,,,,2481.389595779932,,,,,,,0.0,0.0
3226331844,Torres del Paine Navigate,other,2018-11-05 11:38:13,3.9700000286102295,1.440000057220459,98.0,99.0,0.0,,,,,,2754.820895023661,,,,,,,0.0,0.0
3226331813,Torres del Paine Navigate,other,2018-11-04 17:46:41,1.2569999694824219,1.0399999618530273,78.0,79.0,0.0,,,,,,1209.1898107339962,,,,,,,0.0,0.0
3110831369,Lo Barnechea Navigate,other,2018-10-21 11:30:26,1504.4830322265625,4032.919921875,102.0,154.0,134.0,,,,,,372.995151859118,,,,,,,1.5,0.5
3110830776,Vitacura Navigate,other,2018-10-21 10:25:17,1589.5379638671875,169.88999938964844,82.0,104.0,83.0,,,,,,9345.794324844057,,,,,,,0.10000000149011612,0.0
3104259904,Las Condes Navigate,other,2018-10-20 09:59:47,5174.6328125,11279.91015625,161.0,184.0,1047.0,,,,,,458.7155822832253,,,,,,,5.0,3.700000047683716
3098033411,Las Condes Carrera,run,2018-10-18 05:45:54,1585.7249755859375,4837.64990234375,151.0,171.0,297.0,,,,,,327.7613770043843,184.84375,,,,,,3.4000000953674316,0.0
3091215712,Recoleta Ciclismo,bike,2018-10-15 10:02:31,1719.258056640625,6821.1298828125,116.0,137.0,200.0,,,,,,252.07965668686282,,,,,,,1.7000000476837158,0.0
3091215060,Las Condes Ciclismo,bike,2018-10-15 08:34:54,2541.009033203125,9173.0703125,125.0,160.0,339.0,,,,,,277.00831829898306,,,,,,,2.299999952316284,2.0999999046325684
3090249224,Cardio,indoor_cardio,2018-10-14 08:58:22,2433.873046875,0.0,80.0,110.0,118.0,,,,,,,,,,,,,0.30000001192092896,0.0
3090248829,Lo Barnechea Navigate,other,2018-10-13 10:43:45,2285.705078125,1519.050048828125,100.0,117.0,179.0,,,,,,1503.759349974173,,,,,,,0.4000000059604645,0.0
3085521838,Providencia Ciclismo,bike,2018-10-12 16:25:34,1863.5360107421875,4805.990234375,108.0,128.0,184.0,,,,,,387.74718940641264,,,,,,,1.0,0.0
3085521113,Las Condes Ciclismo,bike,2018-10-12 15:15:44,1410.720947265625,3353.7099609375,95.0,135.0,109.0,,,,,,420.69834273516955,,,,,,,0.5,0.0
3085520251,Ciclismo indoor,bike,2018-10-12 06:16:36,2903.590087890625,0.0,130.0,179.0,419.0,,,,,,,,,,,,,3.5999999046325684,1.899999976158142
3069404901,Lo Barnechea Navigate,other,2018-10-06 11:18:29,126.39800262451172,161.97000122070312,170.0,194.0,26.0,,,,,,780.6401138602249,,,,,,,1.5,0.0
3069404864,Lo Barnechea Navigate,other,2018-10-06 09:02:19,509.9389953613281,672.5700073242188,132.0,159.0,80.0,,,,,,758.1501104335332,,,,,,,2.0,0.4000000059604645
3069404831,Cardio,indoor_cardio,2018-10-04 06:19:56,2728.485107421875,0.0,90.0,150.0,172.0,,,,,,,,,,,,,0.30000001192092896,0.0
3069404776,Ciclismo,bike,2018-10-03 06:36:02,2681.5390625,0.0,140.0,166.0,450.0,,,,,,,,,,,,,3.299999952316284,2.0999999046325684
3069404743,Strength,str,2018-10-02 06:13:01,3351.927001953125,0.0,89.0,126.0,201.0,,,,,,,,,,,,,0.30000001192092896,0.0
3069404711,Ciclismo indoor,bike,2018-10-01 06:20:12,2955.458984375,0.0,140.0,175.0,488.0,,,,,,,,,,,,,3.700000047683716,2.299999952316284
3069404695,Strength,str,2018-09-30 09:18:25,436.1189880371094,0.0,90.0,125.0,30.0,,,,,,,,,,,,,0.20000000298023224,0.0
3069404678,Carrera,run,2018-09-30 09:02:41,902.780029296875,2230.2900390625,148.0,156.0,170.0,,,,,,404.8582949056321,153.421875,,,,,,2.9000000953674316,0.20000000298023224
3053881841,Ciclismo indoor,bike,2018-09-29 10:25:37,3584.041015625,0.0,137.0,173.0,568.0,,,,,,,,,,,,,3.200000047683716,2.700000047683716
3045612095,Ciclismo indoor,bike,2018-09-24 06:26:21,3234.367919921875,0.0,141.0,173.0,548.0,,,,,,,,,,,,,4.099999904632568,1.2000000476837158
3038384160,Las Condes Excursionismo,hiking,2018-09-23 13:03:10,3973.376953125,5770.85009765625,69.0,128.0,126.0,,,,,,688.7052237559152,108.875,,,,,,0.20000000298023224,0.0
3019460759,Las Condes Ciclismo,bike,2018-09-16 09:12:50,5436.9208984375,18775.640625,113.0,144.0,518.0,,,,,,289.60323779742936,,,,,,,2.0,0.8999999761581421
3016636835,Ciclismo indoor,bike,2018-09-15 10:21:44,3312.35888671875,0.0,146.0,191.0,579.0,,,,,,,,,,,,,4.699999809265137,3.299999952316284
3016635103,Las Condes Carrera,run,2018-09-15 09:40:35,747.7529907226562,2541.85009765625,142.0,164.0,135.0,,,,,,294.2041838077517,188.484375,,,,,,2.4000000953674316,0.20000000298023224
3014593883,Strength,str,2018-09-11 06:17:49,2942.886962890625,0.0,95.0,140.0,206.0,,,,,,,,,,,,,0.699999988079071,0.0
3014593254,Ciclismo indoor,bike,2018-09-10 06:22:25,2503.506103515625,0.0,138.0,182.0,407.0,,,,,,,,,,,,,3.200000047683716,2.799999952316284
2994858439,Las Condes Carrera,run,2018-09-06 18:04:18,214.781005859375,193.19000244140625,123.0,140.0,30.0,,,,,,1112.3470658502708,67.890625,,,,,,0.5,0.0
2987850764,Las Condes Carrera,run,2018-09-03 18:30:20,823.2420043945312,2600.969970703125,150.0,163.0,156.0,,,,,,316.5558801389243,178.75,,,,,,2.5,0.0
2980024081,Las Condes Carrera,run,2018-09-01 10:01:34,764.7169799804688,2572.14990234375,150.0,168.0,145.0,,,,,,297.26515327571457,188.515625,,,,,,2.5,0.30000001192092896
2980023421,Strength,str,2018-09-01 09:27:28,1953.050048828125,0.0,94.0,122.0,138.0,,,,,,,,,,,,,0.30000001192092896,0.0
2974654602,Las Condes Carrera,run,2018-08-29 17:56:04,390.48199462890625,1226.0400390625,148.0,159.0,73.0,,,,,,318.4713269398179,179.25,,,,,,2.0,0.0
2968020472,Las Condes Running,run,2018-08-27 18:30:19,835.4810180664062,2588.39990234375,156.0,189.0,167.0,,,,,,322.78889089495004,179.140625,,,,,,2.9000000953674316,2.9000000953674316
2968020217,Lap Swimming,swim,2018-08-26 16:15:52,1065.6090087890625,599.9400024414062,,,116.0,,,,,,1240.694797889966,,,,,,15.600000381469727,0.0,0.0
2962593711,Cardio,indoor_cardio,2018-08-25 11:59:08,1405.612060546875,0.0,125.0,172.0,171.0,,,,,,,,,,,,,2.299999952316284,1.7999999523162842
2956607462,Natación libre,swim,2018-08-21 18:43:24,905.364013671875,366.6300048828125,,,86.0,,,,,,825.7638549548738,,,,,,14.5,0.10000000149011612,0.0
2956607300,Cardio,indoor_cardio,2018-08-21 18:22:47,903.0960083007812,0.0,80.0,106.0,44.0,,,,,,,,,,,,,0.10000000149011612,0.0
2956606747,Ciclismo indoor,bike,2018-08-21 18:09:52,702.8250122070312,0.0,98.0,128.0,59.0,,,,,,,,,,,,,0.30000001192092896,0.0
2956606396,Carrera,run,2018-08-21 18:00:14,498.47601318359375,1295.4300537109375,140.0,154.0,88.0,,,,,,384.7633739155578,153.71875,,,,,,2.200000047683716,0.30000001192092896
2945733927,Providencia Carrera,run,2018-08-19 09:01:15,6971.5859375,21498.359375,174.0,196.0,1568.0,,,,,,324.25420367347044,178.28125,,,,,,5.0,5.0
