date,tss,ctl,atl,tsb,acwr
2018-08-19,124.51009093264456,124.51009093264456,124.51009093264456,0.0,0.9999999999919685
2018-08-20,0,118.71892391252156,93.38256819948342,25.336355713038145,0.7865853658470329
2018-08-21,24.492829996619903,114.3363148931773,76.16013364876753,38.176181244409776,0.6661062473393224
2018-08-22,0,109.01834675861092,57.120100236575645,51.89824652203527,0.5239494262605849
2018-08-23,0,103.94772597914064,42.840075177431736,61.10765080170891,0.4121309511438123
2018-08-24,0,99.11294802662248,32.1300563830738,66.98289164354867,0.32417617498491974
2018-08-25,0,94.5030434672447,24.09754228730535,70.40550117993934,0.2549922352014272
2018-08-26,21.3861808013916,91.10225915720503,23.419701915826916,67.6825572413781,0.25707048466445903
2018-08-27,15.057179342000351,87.56527870068389,21.329071272370275,66.23620742831362,0.2435790942324736
2018-08-28,0,83.49247504018697,15.996803454277707,67.49567158590926,0.19159575095104628
2018-08-29,7.229437931357221,79.94535703512513,13.804962073547584,66.14039496157754,0.17267997273824792
2018-08-30,0,76.22696833581698,10.353721555160687,65.87324678065629,0.13582753953183163
2018-08-31,0,72.68152794810456,7.765291166370515,64.91623678173404,0.10683995487557968
2018-09-01,16.25013315924704,70.05681191141352,9.886501664589645,60.170310246823874,0.14112120427275443
2018-09-02,0,66.79835554344079,7.4148762484422335,59.38347929499856,0.11100387409251614
2018-09-03,15.426625845293401,64.40897276678278,9.417813647655025,54.99115911912776,0.14621896985703509
2018-09-04,0,61.41320659158358,7.0633602357412695,54.34984635584231,0.11501370189965393
2018-09-05,0,58.556778378021555,5.297520176805952,53.2592582012156,0.09046809478685104
2018-09-06,0.32595634547036506,55.848368050926155,4.054629218972055,51.7937388319541,0.07260067501349693
2018-09-07,0,53.25076953692959,3.0409719142290412,50.20979762270055,0.05710662851666417
2018-09-08,0,50.77398955846775,2.280728935671781,48.493260622795965,0.0449192382844081
2018-09-09,0,48.412408648771574,1.7105467017538356,46.70186194701774,0.03533281547977487
2018-09-10,0,46.16066871161941,1.2829100263153768,44.87775868530403,0.02779227559077052
2018-09-11,0,44.01366086456734,0.9621825197365326,43.05147834483081,0.021860997263448832
2018-09-12,0,41.96651384761072,0.7216368898023995,41.24487695780832,0.017195540530376672
2018-09-13,0,40.01458297097766,0.5412276673517996,39.473355303625866,0.013525760539122026
2018-09-14,0,38.153439576978705,0.4059207505138497,37.747518826464855,0.010639165302101305
2018-09-15,16.222010008920883,37.133373085441136,4.359943065115608,32.77343002032553,0.11741306277149373
2018-09-16,0,35.406239453560154,3.2699572988367063,32.136282154723446,0.09235539693599264
2018-09-17,0,33.759437618510844,2.4524679741275297,31.306969644383315,0.07264540368735754
2018-09-18,0,32.189231217649876,1.8393509805956474,30.34988023705423,0.05714181143692428
2018-09-19,0,30.692057672642907,1.3795132354467357,29.31254443719617,0.04494691265458574
2018-09-20,0,29.26452010647347,1.0346349265850519,28.229885179888417,0.03535458373434357
2018-09-21,0,27.903379636404935,0.7759761949387889,27.127403441466146,0.027809398181236088
2018-09-22,0,26.60554802540936,0.5819821462040917,26.023565879205268,0.021874465642519415
2018-09-23,0,25.36808067539032,0.4364866096530688,24.93159406573725,0.017206134560242867
2018-09-24,0,24.1881699463024,0.3273649572398016,23.860804989062597,0.01353409364796989
2018-09-25,0,23.063138786009265,0.24552371792985117,22.817615068079412,0.010645720003564601
2018-09-26,0,21.99043465642744,0.18414278844738838,21.80629186798005,0.008373767563761762
2018-09-27,0,20.967623742175,0.13810709133554128,20.82951665083946,0.006586683022700433
2018-09-28,0,19.992385428585465,0.10358031850165596,19.88880511008381,0.005180988475160848
2018-09-29,0,19.062507036558234,0.07768523887624197,18.98482179768199,0.0040752897152080405
2018-09-30,10.342369628977663,18.656919250159138,2.6438563364015972,16.01306291375754,0.14170915898868655
2018-10-01,0,17.789155564105226,1.9828922523011978,15.806263311804027,0.11146635066763882
2018-10-02,0,16.96175297972824,1.4871691892258982,15.47458379050234,0.08767780022003645
2018-10-03,0,16.172834236485066,1.1153768919194236,15.057457344565643,0.068966074563123
2018-10-04,0,15.420609388276459,0.8365326689395677,14.584076719336892,0.054247704991561174
2018-10-05,0,14.703371742310113,0.6273995017046757,14.075972240605436,0.0426704508773735
2018-10-06,0,14.01949398685383,0.4705496262785068,13.548944360575323,0.03356395221440805
2018-10-07,0,13.367424499093186,0.3529122197088801,13.014512279384306,0.026400913631973003
2018-10-08,0,12.745683824716759,0.26468416478166007,12.4809996599351,0.020766572308000542
2018-10-09,0,12.152861321241561,0.19851312358624507,11.954348197655316,0.016334681876352546
2018-10-10,0,11.587611957462885,0.1488848426896838,11.4387271147732,0.012848621719762318
2018-10-11,0,11.048653261766937,0.11166363201726284,10.936989629749673,0.01010653781611196
2018-10-12,0,10.53476241238243,0.08374772401294714,10.451014688369483,0.007949654745565162
2018-10-13,0,10.044773462969294,0.06281079300971035,9.981962669959584,0.00625308208642169
2018-10-14,0,9.577574697249792,0.04710809475728276,9.53046660249251,0.0049185828606370776
2018-10-15,0,9.132106106680036,0.03533107106796207,9.096775035612074,0.003868885298896045
2018-10-16,0,8.707356985439104,0.026498303300971554,8.680858682138131,0.003043208558261731
2018-10-17,0,8.302363637279145,0.019873727475728666,8.282489909803417,0.002393743317155878
2018-10-18,27.717656646379112,9.205400521423329,6.9443194572015745,2.261081064221754,0.7543745044320437
2018-10-19,0,8.777242357636197,5.208239592901181,3.569002764735016,0.5933799455562071
2018-10-20,0,8.368998527048467,3.906179694675886,4.46281883237258,0.46674398156295915
2018-10-21,0,7.979742781604352,2.9296347710069144,5.050108010597437,0.3671339854955536
2018-10-22,0,7.6085919545529865,2.197226078255186,5.4113658762978005,0.28878222029656647
2018-10-23,0,7.254703956666801,1.6479195586913895,5.606784397975412,0.22715186840255022
2018-10-24,0,6.917275865659043,1.235939669018542,5.681336196640501,0.17867433551056064
2018-10-25,0,6.5955421044656,0.9269547517639065,5.668587352701693,0.14054261756524256
2018-10-26,0,6.288772704257898,0.6952160638229299,5.593556640434969,0.1105487662547695
2018-10-27,0,5.996271648245903,0.5214120478671974,5.474859600378706,0.08695604174850395
2018-10-28,0,5.717375292513536,0.39105903590039803,5.326316256613138,0.06839834991137655
2018-10-29,0,5.451450860303604,0.2932942769252985,5.158156583378306,0.05380114108836765
2018-10-30,0,5.197895006335995,0.2199707076939739,4.977924298642021,0.04231919024595929
2018-10-31,0,4.956132447901763,0.16497803077048043,4.791154417131283,0.03328765574193607
2018-11-01,0,4.725614659627262,0.12373352307786031,4.601881136549402,0.026183582869923706
2018-11-02,0,4.505818628946924,0.09280014230839523,4.41301848663853,0.020595623110885922
2018-11-03,0,4.296245669461021,0.06960010673129642,4.226645562729725,0.016200215739484883
2018-11-04,0,4.0964202894860895,0.05220008004847232,4.044220209437617,0.01274285262420623
2018-11-05,0,3.9058891132309226,0.03915006003635424,3.8667390531945682,0.010023341393311153
2018-11-06,0,3.724219852150415,0.02936254502726568,3.694857307123149,0.007884213656835306
2018-11-07,0,3.551000324143419,0.02202190877044926,3.5289784153729697,0.006201607083648981
2018-11-08,0,3.3858375183693066,0.016516431577836943,3.36932108679147,0.0048780933767056615
2018-11-09,0,3.228356703561432,0.012387323683377707,3.215969379878054,0.0038370368633290504
2018-11-10,0,3.0782005778143886,0.00929049276253328,3.068910085051855,0.0030181570448900514
2018-11-11,20.764119406989572,3.9008014535899784,5.197997721319293,-1.2971962677293147,1.3325460887538727
2018-11-12,19.66691235789948,4.634108937511351,8.81522638046434,-4.181117442952989,1.9022484144052343
2018-11-13,0,4.418568986929428,6.6114197853482555,-2.192850798418828,1.4962807649737326
2018-11-14,0,4.213054150328059,4.958564839011192,-0.7455106886831331,1.1769525529236622
2018-11-15,8.076411261061102,4.3927451787342475,5.738026444523669,-1.3452812657894215,1.3062506951224537
2018-11-16,0,4.188431449490794,4.303519833392752,-0.11508838390195741,1.027477680908081
2018-11-17,16.246023586067878,4.749249688401356,7.289145771561533,-2.539896083160177,1.5347994416525048
2018-11-18,0,4.528354354057107,5.46685932867115,-0.9385049746140428,1.2072507803118264
2018-11-19,0,4.317733221310266,4.100144496503363,0.2175887248069026,0.9496057966984633
2018-11-20,14.30048527625464,4.782047270377446,6.650229691441183,-1.8681824210637368,1.390665820316246
2018-11-21,0,4.559626467104077,4.987672268580887,-0.42804580147681026,1.0938773830424742
2018-11-22,0,4.347550817471329,3.7407542014356654,0.6067966160356635,0.860427941530302
2018-11-23,16.032653643263618,4.891043972159342,6.813729061892653,-1.922685089733311,1.3931032105383758
2018-11-24,16.30767985484992,5.422050292284486,9.187216760131971,-3.765166467847485,1.6944174736834985
2018-11-25,0,5.169861906596836,6.890412570098978,-1.7205506635021424,1.3328039884341756
2018-11-26,0,4.929403213266751,5.167809427574234,-0.2384062143074832,1.0483641128438195
2018-11-27,0,4.700128645207832,3.8758570706806754,0.8242715745271569,0.8246278692409414
2018-11-28,0,4.481518010547003,2.9068928030105066,1.5746252075364962,0.6486402142132769
2018-11-29,0,4.2730753123820255,2.18016960225788,2.0929057101241457,0.5102109001987923
2018-11-30,26.898677175045627,5.325428887389635,8.359796495454816,-3.034367608065181,1.5697884002696256
2018-12-01,0,5.077734520534303,6.269847371591112,-1.1921128510568089,1.2347725831276024
2018-12-02,52.411113570300856,7.279287034476933,17.805163921268548,-10.525876886791615,2.4460038235189563
2018-12-03,16.11969359367856,7.690468734904916,17.383796339371052,-9.693327604466138,2.260433913242552
2018-12-04,16.2120408676946,8.086820927127693,17.09085747145194,-9.004036544324247,2.1134210369375537
2018-12-05,0,7.710689721214777,12.818143103588955,-5.107453382374178,1.6623860595323166
2018-12-06,16.58258384180934,8.123335959381967,13.759253288144052,-5.635917328762085,1.6937934556995817
2018-12-07,0,7.745506379875829,10.319439966108039,-2.5739335862322097,1.3323131450239873
2018-12-08,16.865313169054808,8.169683439837643,11.95590826684473,-3.7862248270070875,1.463448168270628
2018-12-09,16.468863201249576,8.555691800833547,13.084147000445942,-4.528455199612395,1.5292915293701808
2018-12-10,16.92891921605763,8.945144238750945,14.045340054348864,-5.100195815597919,1.570163619266571
2018-12-11,0,8.529091018343925,10.534005040761649,-2.004914022417724,1.2350677249041653
2018-12-12,0,8.132389110513975,7.900503780571237,0.23188532994273814,0.9714861982422323
2018-12-13,49.13218290165085,10.03935626359011,18.20842356084114,-8.169067297251031,1.8137042934778806
2018-12-14,0,9.57240946063243,13.656317670630855,-4.083908209998425,1.4266332552287182
2018-12-15,0,9.127181113626271,10.242238252973141,-1.1150571393468702,1.1221688409973585
2018-12-16,0,8.702661061829701,7.681678689729856,1.0209823720998452,0.8826815883407656
2018-12-17,0,8.297886128721343,5.761259017297392,2.536627111423951,0.6943044200934178
2018-12-18,7.4511655810561805,8.25850377766715,6.183735658237089,2.0747681194300602,0.7487719112281003
2018-12-19,0,7.874387322891933,4.637801743677817,3.2365855792141165,0.5889730277308194
2018-12-20,0,7.508136749734169,3.4783513077583628,4.029785441975807,0.4632775644927137
2018-12-21,21.88395381993186,8.17677940416197,8.079751935801738,0.09702746836023124,0.9881337792604533
2018-12-22,0,7.796464083038157,6.059813951851304,1.7366501311868534,0.7772515702673051
2018-12-23,0,7.433837846617778,4.544860463888478,2.8889773827293004,0.6113747107552134
2018-12-24,0,7.088077946775091,3.4086453479163583,3.679432598858733,0.48089840052990857
2018-12-25,28.495405690452397,8.08376760927171,9.680335433550368,-1.596567824278658,1.1975029343062713
2018-12-26,0,7.7077784181427935,7.260251575162776,0.4475268429800172,0.9419382836864441
2018-12-27,16.199711431022035,8.102752046648805,9.49511653912759,-1.3923644924787855,1.1718384671394222
2018-12-28,38.925115192476355,9.536350332501248,16.85261620246478,-7.316265869963532,1.7671976818281783
2018-12-29,29.076370865863755,10.445188496843691,19.908554868314525,-9.463366371470833,1.9060024500682256
2018-12-30,0,9.959365776060265,14.931416151235894,-4.972050375175629,1.499233634497883
2018-12-31,9.027961146232933,9.916044630486901,13.455552399985153,-3.539507769498252,1.356947543101922
2019-01-01,26.56548459169436,10.690437186822132,16.733035447912457,-6.042598261090324,1.5652339706905223
2019-01-02,0,10.193207550225754,12.549776585934342,-2.3565690357085884,1.231190135476561
2019-01-03,0,9.719104873471068,9.412332439450758,0.30677243402030996,0.9684361431446118
2019-01-04,0,9.267053484007297,7.059249329588068,2.207804154419229,0.7617576979574873
2019-01-05,5.696171083067434,9.10096593047521,6.718479767957909,2.382486162517301,0.7382161210737425
2019-01-06,0,8.677665189522875,5.038859825968432,3.638805363554443,0.580669997670746
2019-01-07,0,8.274052855126463,3.779144869476324,4.494907985650139,0.45674652255551923
2019-01-08,0,7.889213187446162,2.834358652107243,5.05485453533892,0.3592701305446013
2019-01-09,0,7.522273039192853,2.125768989080432,5.396504050112421,0.2825966270729695
2019-01-10,0,7.172399874579232,1.594326741810324,5.578073132768908,0.2222863712937601
2019-01-11,0,6.838799880412756,1.195745056357743,5.643054824055013,0.1748472066871953
2019-01-12,36.61475799977741,8.223728165034368,10.05049829221266,-1.8267701271782926,1.2221340600389998
2019-01-13,87.02861620077223,11.88907179460357,29.295027769352554,-17.405955974748984,2.4640298479975105
2019-01-14,15.983125567893039,12.079492900337964,25.967052218987675,-13.88755931864971,2.149680655560589
2019-01-15,0,11.517656021252478,19.475289164240756,-7.9576331429882785,1.6909073449158298
2019-01-16,28.42448780228877,12.304020290137887,21.71258882375276,-9.408568533614874,1.764674334891296
2019-01-17,0,11.731740276643102,16.284441617814572,-4.5527013411714705,1.3880670073175285
2019-01-18,0,11.186077938194586,12.213331213360929,-1.027253275166343,1.0918331947757112
2019-01-19,34.66995032881446,12.278351072642021,17.82748599222431,-5.54913491958229,1.4519446369712166
2019-01-20,0,11.707264976240067,13.370614494168233,-1.6633495179281663,1.1420784034667244
2019-01-21,14.845605551838595,11.853234305337674,13.739362258585823,-1.886127953248149,1.1591234850761092
2019-01-22,1.4684937975018186,11.370223118926704,10.671645143314823,0.6985779756118813,0.938560750370184
2019-01-23,33.95486414977299,12.420671538966067,16.492449894929365,-4.071778355963298,1.3278227221339454
2019-01-24,0,11.842965885990901,12.369337421197024,-0.5263715352061222,1.0444459216744282
2019-01-25,0,11.292130263386674,9.277003065897768,2.0151271974889067,0.8215458774112577
2019-01-26,0,10.766914902298922,6.957752299423326,3.8091626028755954,0.6462159645463076
2019-01-27,43.59084012202687,12.293609098565337,16.116024255074212,-3.8224151565088746,1.3109270129342263
2019-01-28,0,11.721813326539042,12.08701819130566,-0.36520486476661773,1.0311560040722207
2019-01-29,17.256750494134867,11.979252264566757,13.37945126701296,-1.4001990024462039,1.1168853422905989
2019-01-30,0,11.42207774063342,10.03458845025972,1.3874892903736988,0.878525665578662
2019-01-31,0,10.890818310836517,7.525941337694791,3.364876973141726,0.6910354320680695
2019-02-01,0,10.3842686219604,5.6444560032710935,4.739812618689307,0.5435583581486688
2019-02-02,45.70645112886366,12.027160831583807,15.659954784669235,-3.6327939530854287,1.3020491704279464
2019-02-03,0,11.467758002207816,11.744966088501926,-0.27720808629410953,1.024172823076365
2019-02-04,0,10.934373909081872,8.808724566376444,2.1256493427054277,0.8055993547334699
2019-02-05,0,10.4257983784269,6.606543424782333,3.8192549536445677,0.6336726631716707
2019-02-06,0,9.940877523616347,4.95490756858675,4.9859699550295975,0.49843764359001863
2019-02-07,0,9.478511127169076,3.7161806764400622,5.762330450729014,0.39206375623656636
2019-02-08,14.819123951885054,9.726911723667493,6.49191649530131,3.2349952283661834,0.6674180540610624
2019-02-09,18.092900560012357,10.116027483497488,9.392162511479071,0.7238649720184167,0.9284437518455028
2019-02-10,29.733813419276842,11.02848264330118,14.477575238428514,-3.4490925951273343,1.3127440741732141
2019-02-11,50.68877569044321,12.873147436191505,23.530375351432188,-10.657227915240682,1.8278649775618305
2019-02-12,0,12.274396392647715,17.64778151357414,-5.373385120926427,1.4377718421011136
2019-02-13,0,11.703494234850147,13.235836135180605,-1.532341900330458,1.1309302904286984
2019-02-14,35.184326250288215,12.79562595649843,18.722958663957506,-5.927332707459076,1.463231164004569
2019-02-15,0,12.200480563172922,14.04221899796813,-1.8417384347952073,1.1509562204626207
2019-02-16,0,11.633016350932321,10.531664248476098,1.1013521024562234,0.905325319750515
2019-02-17,68.70336641651772,14.287451237703735,25.074589790486506,-10.787138552782771,1.7550078996988032
2019-02-18,0,13.622918621996584,18.80594234286488,-5.183023720868297,1.380463530855931
2019-02-19,0,12.989294500043256,14.104456757148661,-1.1151622571054052,1.0858524114620574
2019-02-20,0,12.385141267483105,10.578342567861496,1.8067986996216092,0.8541156163297522
2019-02-21,0.14031828913023656,11.815614617327158,7.96883649817868,3.8467781191484782,0.6744326685992488
2019-02-22,0,11.266051146753803,5.97662737363401,5.289423773119793,0.5304988673716091
2019-02-23,0,10.742048767835021,4.482470530225507,6.259578237609514,0.4172826456746419
2019-02-24,0,10.242418592586882,3.3618528976691304,6.880565694917751,0.3282284225108802
2019-02-25,0,9.76602703014098,2.5213896732518477,7.2446373568891325,0.2581796738030603
2019-02-26,0,9.311793214785586,1.8910422549388857,7.420750959846701,0.20308035317334402
2019-02-27,0,8.878686553632768,1.4182816912041643,7.460404862428604,0.1597400338977082
2019-02-28,0,8.465724388347523,1.0637112684031231,7.4020131199443995,0.12564917300421427
2019-03-01,0,8.071969765633686,0.7977834513023423,7.274186314331343,0.09883380071616
2019-03-02,0,7.696529311418166,0.5983375884767568,7.098191722941409,0.0777412212945585
2019-03-03,92.52496934074583,11.642038149991546,23.579995526544025,-11.937957376552479,2.025418163101942
2019-03-04,0,11.100548003480311,17.68499664490802,-6.5844486414277075,1.5931642868235105
2019-03-05,66.81260638766818,13.69180653297742,29.96689908059806,-16.27509254762064,2.188673861716682
2019-03-06,52.515128406732345,15.4975424340823,35.60395641213163,-20.106413978049332,2.2973937036322467
2019-03-07,114.02772351540584,20.08034155414386,55.20989818795019,-35.12955663380633,2.749450154338007
2019-03-08,0,19.14637217953252,41.40742364096264,-22.26105146143012,2.1626772555411056
2019-03-09,0,18.255843240949613,31.055567730721982,-12.79972448977237,1.7011302802688526
2019-03-10,151.0977325889591,24.434535768764007,61.066108945281265,-36.63157317651726,2.499172053878192
2019-03-11,0,23.29804573300754,45.79958170896095,-22.50153597595341,1.9658121643270925
2019-03-12,110.21667258386913,27.340772563280172,61.903854427687996,-34.56308186440782,2.264158932676371
2019-03-13,103.08978902595865,30.86398263131173,72.20033807725565,-41.33635544594392,2.3393072416282594
2019-03-14,57.39644415633508,32.09805060921979,68.4993645970255,-36.401313987805715,2.134066190774084
2019-03-15,80.69803016112287,34.358514774424584,71.54903098804985,-37.190516213625266,2.082425024938107
2019-03-16,0,32.760444319800186,53.66177324103739,-20.9013289212372,1.6380050501014294
2019-03-17,153.3614767614324,38.36979466592261,78.58669912113615,-40.21690445521354,2.0481396839186963
2019-03-18,61.97907962375216,39.46790094303097,74.43479424679015,-34.96689330375918,1.8859577648262922
2019-03-19,0,37.632184620099295,55.82609568509261,-18.193911064993316,1.4834667784286037
2019-03-20,0,35.881850451722585,41.86957176381946,-5.987721312096873,1.1668732586404988
2019-03-21,0,34.212927174898276,31.40217882286459,2.8107483520336842,0.9178454290513398
2019-03-22,0,32.62162823653092,23.551634117148446,9.069994119382471,0.7219637826064269
2019-03-23,0,31.104343202273665,17.663725587861336,13.440617614412329,0.5678861460737183
2019-03-24,0,29.65762956495861,13.247794190896002,16.40983537406261,0.44669093197191934
2019-03-25,0,28.278204934030306,9.935845643172001,18.342359290858305,0.35136055014806594
2019-03-26,0,26.962939588261456,7.451884232379001,19.511055355882455,0.2763750668842824
2019-03-27,5.726308394639429,25.975189300186013,7.020490272944108,18.954699027241904,0.2702767703265037
2019-03-28,0,24.76704096064248,5.265367704708081,19.5016732559344,0.21259575226861888
2019-03-29,0,23.615085567124225,3.9490257785310607,19.666059788593167,0.16722470757681598
2019-03-30,0,22.51670949423473,2.9617693338982956,19.554940160336432,0.13153650778880913
2019-03-31,0,21.469420680549394,2.2213270004237216,19.248093680125674,0.10346469210194888
2019-04-01,0,20.47084297447733,1.665995250317791,18.804847724159536,0.08138381268976268
2019-04-02,0,19.51871074310629,1.2494964377383433,18.269214305367946,0.06401531607899005
2019-04-03,0,18.61086373179902,0.9371223283037575,17.673741403495264,0.05035351081810414
2019-04-04,0,17.74524216287814,0.7028417462278181,17.04240041665032,0.03960733472877078
2019-04-05,0,16.919882062279157,0.5271313096708636,16.392750752608293,0.031154549878032834
2019-04-06,0,16.1329108035685,0.3953484822531477,15.737562321315352,0.02450571301374786
2019-04-07,0,15.382542859216477,0.2965113616898608,15.086031497526616,0.01927583523636534
2019-04-08,0,14.667075749485479,0.2223835212673956,14.444692228218083,0.01516208991148319
2019-04-09,0,13.984886179741968,0.1667876409505467,13.818098538791421,0.011926278040090405
2019-04-10,39.01796024843653,15.14921520619288,9.879580792822043,5.269634413370836,0.6521513265011376
2019-04-11,0,14.444600545439723,7.4096855946165325,7.0349149508231905,0.5129726897461943
2019-04-12,0,13.772758659605318,5.557264195962399,8.21549446364292,0.40349681083558286
2019-04-13,0,13.132165233577163,4.167948146971799,8.964217086605364,0.31738468657076724
2019-04-14,0,12.521366850620087,3.1259611102288494,9.395405740391237,0.24965014980168834
2019-04-15,0,11.938977694777293,2.344470832671637,9.594506862105657,0.19637115441641662
2019-04-16,0,11.383676406648117,1.7583531245037276,9.62532328214439,0.15446267633911123
2019-04-17,0,10.85420308540867,1.3187648433777956,9.535438242030875,0.12149808077841441
2019-04-18,0,10.349356430273383,0.9890736325333467,9.360282797740037,0.09556861231917695
2019-04-19,32.2587276484889,11.368396952050851,8.806487136522236,2.5619098155286153,0.7746463439736686
2019-04-20,0,10.839634303118254,6.604865352391677,4.234768950726577,0.6093254778791125
2019-04-21,30.024448536190118,11.731951244191364,12.459761148341286,-0.7278099041499217,1.0620365604952742
2019-04-22,41.20512473252401,13.102796522718466,19.646102044386968,-6.543305521668502,1.499382365346506
2019-04-23,52.930749037000865,14.955259430359508,27.967263792540443,-13.012004362180935,1.8700620956060592
2019-04-24,0,14.259665968482322,20.97544784440533,-6.715781875923009,1.4709634776365534
2019-04-25,40.62593304951985,15.48600397225151,25.88806914568396,-10.402065173432451,1.6717075102395436
2019-04-26,0,14.765724717728185,19.41605185926297,-4.650327141534786,1.314940663537938
2019-04-27,33.66480753580729,15.644751825545818,22.97824077839905,-7.333488952853234,1.4687507371903377
2019-04-28,0,14.917088949939036,17.233680583799288,-2.316591633860252,1.1552978359570902
2019-04-29,0,14.223270859244197,12.925260437849467,1.2980104213947303,0.9087403709632761
2019-04-30,31.71857365078396,15.037005872804187,17.62358874108309,-2.586582868278903,1.1720144880560939
2019-05-01,0,14.337610250813295,13.217691555812317,1.1199186950009778,0.9218894448704001
2019-05-02,32.184585562811954,15.167702125789978,17.959415057562225,-2.7917129317722473,1.1840564185290388
2019-05-03,57.031548078345374,17.11485775149023,27.727448312758014,-10.612590561267783,1.6200805588771918
2019-05-04,34.06278331837619,17.90313335925237,29.311282064162558,-11.40814870491019,1.6372151999514222
2019-05-05,20.354670889112683,18.017158360641222,27.07212927040009,-9.054970909758868,1.5025748637497145
2019-05-06,52.24945709134368,19.60935830160413,33.36646122563599,-13.757102924031859,1.7015580372767685
2019-05-07,0,18.69729512478533,25.02484591922699,-6.32755079444166,1.3384206512692507
2019-05-08,46.25992083371714,19.97927771589844,30.33361464784953,-10.354336931951089,1.518253816662922
2019-05-09,0,19.05000898492642,22.750210985887147,-3.7002020009607257,1.194236233835602
2019-05-10,108.23867118756219,23.198318854816456,44.12232603630591,-20.92400718148945,1.9019622202167994
2019-05-11,0,22.11932728017383,33.09174452722943,-10.9724172470556,1.4960556488259218
2019-05-12,35.912182348989276,22.760855422909433,33.79685398266939,-11.035998559759957,1.4848674776593436
2019-05-13,0,21.702210984634576,25.347640487002042,-3.6454295023674668,1.1679750281563708
2019-05-14,0,20.69280582255855,19.010730365251533,1.6820754573070182,0.918712064828251
2019-05-15,0,19.730349737788387,14.25804777393865,5.472301963849738,0.7226454656253962
2019-05-16,0,18.812659052309858,10.693535830453987,8.11912322185587,0.5684223479600344
2019-05-17,49.53875323825412,20.241779712121218,20.40484018240402,-0.1630604702828009,1.0080556389602986
2019-05-18,32.908289650038846,20.83091970923367,23.53070254931273,-2.6997828400790596,1.1296045914743136
2019-05-19,22.877401871252918,20.926104926071776,23.367377379797773,-2.441272453725997,1.1166615794594321
2019-05-20,7.737674227820501,20.312689544757763,19.459951591803456,0.8527379529543069,0.9580194463153995
2019-05-21,33.78601354508333,20.939355777331045,23.041467080123425,-2.1021113027923803,1.1003904477313355
2019-05-22,0,19.96543225280402,17.28110031009257,2.6843319427114523,0.8655510229086072
2019-05-23,54.00478769938151,21.548658087528555,26.462022157414804,-4.913364069886249,1.2280125309288694
2019-05-24,58.33358459472656,23.259584901816837,34.429912766742746,-11.170327864925909,1.4802462258289542
2019-05-25,0,22.1777437435928,25.82243457505706,-3.64469083146426,1.1643400190947233
2019-05-26,0,21.14622077877453,19.366825931292794,1.7793948474817363,0.9158528198956641
2019-05-27,0,20.16267562627339,14.525119448469596,5.637556177803795,0.720396425404074
2019-05-28,0,19.224876759935093,10.893839586352197,8.331037173582896,0.5666532858347605
2019-05-29,56.180583885132094,20.943746858781466,22.21552566104717,-1.271778802265704,1.0607235567628024
2019-05-30,0,19.96961909790791,16.66164424578538,3.3079748521225305,0.8343496269639196
2019-05-31,130.8138074408637,25.125162741766317,45.19968504455496,-20.074522302788644,1.7989807870027914
2019-06-01,65.03513134612399,26.981440351271324,50.15854661994722,-23.177106268675892,1.859001816251252
2019-06-02,32.41265500386556,27.23405498627571,45.7220737159268,-18.48801872965109,1.6788566277511394
2019-06-03,0,25.96735475435591,34.2915552869451,-8.324200532589188,1.3205640547531041
2019-06-04,0,24.759570812292846,25.718666465208823,-0.9590956529159769,1.0387363601392097
2019-06-05,0,23.60796286753504,19.288999848906617,4.318963018628423,0.8170548198639881
2019-06-06,0,22.509918082998528,14.466749886679963,8.043168196318565,0.6426833644038822
2019-06-07,45.60706773546006,23.584204113345578,22.25182934887499,1.3323747644705897,0.9435056294878255
2019-06-08,46.17979608343818,24.635161879396396,28.233821032515785,-3.5986591531193888,1.1460781613529014
2019-06-09,0,23.489340396633775,21.17536577438684,2.313974622246935,0.9014883098428751
2019-06-10,60.39539025169516,25.205900855008725,30.980371893713922,-5.774471038705197,1.2290920316910097
2019-06-11,0,24.03353337338041,23.23527892028544,0.7982544530949696,0.9667858054136184
2019-06-12,0,22.915694611827835,17.426459190214082,5.489235421613753,0.7604595664518514
2019-06-13,46.855028516981335,24.029152002765205,24.783601521905894,-0.7544495191406888,1.0313972593798761
2019-06-14,37.90291219923231,24.674443174693906,28.063429191237496,-3.3889860165435906,1.137348024083558
2019-06-15,0,23.5267946549407,21.04757189342812,2.479222761512581,0.8946213116249324
2019-06-16,0,22.43252513610625,15.78567892007109,6.64684621603516,0.7036960317035182
2019-06-17,0,21.389151873961772,11.839259190053317,9.549892683908455,0.553517000546076
2019-06-18,36.46236853705512,22.09023171875681,17.995036526803766,4.095195191953046,0.8146151092978154
2019-06-19,0,21.0627790806751,13.496277395102824,7.566501685572275,0.6407643237755253
2019-06-20,48.258282504611536,22.327686216672145,22.186778672480003,0.14090754419214235,0.9936891111860657
2019-06-21,34.62075447082519,22.89945683314438,25.2952726220663,-2.3958157889219187,1.1046232583276658
2019-06-22,0,21.834365817649292,18.971454466549723,2.8629113510995694,0.8688804897802764
2019-06-23,0,20.81881391915398,14.228590849912292,6.590223069241686,0.6834486779353978
2019-06-24,39.5915493059172,21.691964402259245,20.569330463913516,1.1226339383457287,0.9482465525723871
2019-06-25,46.82295954386393,22.860847897217603,27.13273773390112,-4.271889836683517,1.1868648903445347
2019-06-26,79.39008459303113,25.490114720278697,40.19707444868362,-14.706959728404925,1.576967184660327
2019-06-27,46.36210218641492,26.460904834982706,41.738331383116446,-15.27742654813374,1.5773584328211945
2019-06-28,0,25.23016507521607,31.303748537337334,-6.073583462121263,1.2407270599607252
2019-06-29,39.705028985913145,25.90341455943454,33.40406864948129,-7.500654090046748,1.289562369144314
2019-06-30,0,24.69860457992596,25.053051487110967,-0.3544469071850074,1.0143508879225807
2019-07-01,0,23.549832273882892,18.789788615333226,4.760043658549666,0.7978735642789907
2019-07-02,68.91604522719165,25.65988869031586,31.32135276829783,-5.661464077981972,1.2206347870440293
2019-07-03,0,24.466405495417447,23.491014576223375,0.9753909191940728,0.9601334605389052
2019-07-04,0,23.32843314679338,17.61826093216753,5.71017221462585,0.7552269293248282
2019-07-05,0,22.243389744616945,13.213695699125648,9.029694045491297,0.5940504505042629
2019-07-06,0,21.20881347742546,9.910271774344235,11.298541703081224,0.4672713909444015
2019-07-07,30.28685936821831,21.631048170020478,15.004418672812754,6.626629497207723,0.6936519466918138
2019-07-08,77.23748397395276,24.217394021366164,30.562684998097758,-6.345290976731594,1.262013781081125
2019-07-09,39.714701385498046,24.938199015046717,32.85068909494783,-7.912490079901115,1.3172839415472524
2019-07-10,23.244409976535373,24.859418129534564,30.449119315344717,-5.589701185810153,1.2248524545288686
2019-07-11,34.33105331420898,25.299959300914768,31.419602815060784,-6.119643514146016,1.2418835319107753
2019-07-12,80.61081491011834,27.872557236226562,43.71740583882517,-15.84484860259861,1.5684748789549976
2019-07-13,0,26.57615922523928,32.788054379118876,-6.2118951538795955,1.2337393864929302
2019-07-14,41.76953125,27.282827691507222,35.03342359683916,-7.750595905331934,1.284083306601702
2019-07-15,64.54121623883624,29.01577599603415,42.410371757338424,-13.394595761304274,1.4616314849436873
2019-07-16,53.342024539760445,30.147229416672587,45.14328495294393,-14.996055536271342,1.4974273200203436
2019-07-17,63.200580519657976,31.684594584253304,49.657608844622445,-17.97301426036914,1.5672477269989804
2019-07-18,37.954087812635635,31.976198920457136,46.73172858662574,-14.755529666168606,1.461453523647776
2019-07-19,79.70440353114931,34.1961154139777,54.97489732275663,-20.77878190877893,1.6076357403647652
2019-07-20,28.59700009729378,33.93569144575984,48.380423016390914,-14.44473157063107,1.4256501327604523
2019-07-21,0,32.35728719246869,36.285317262293184,-3.9280300698244943,1.1213955312550852
2019-07-22,46.515402736651836,33.01580419452372,38.84283863088285,-5.827034436359135,1.1764922762701981
2019-07-23,43.32828423394097,33.49545442891522,39.96420003164738,-6.468745602732163,1.1931230882467099
2019-07-24,59.89909664461109,34.723530811040604,44.94792418488831,-10.224393373847704,1.2944514320330103
2019-07-25,0,33.10848286634104,33.71094313866623,-0.6024602723251888,1.0181965532440471
2019-07-26,55.19619047376844,34.13581810389581,39.08225497244178,-4.946436868545973,1.1449045941229852
2019-07-27,55.43394507827799,35.126428660843814,43.170177498900834,-8.04374883805702,1.2289942115804835
2019-07-28,0,33.492641281269684,32.377633124175624,1.11500815709406,0.9667088615467208
2019-07-29,63.84184619408047,34.90423220744693,40.243686391651835,-5.339454184204904,1.1529744058347384
2019-07-30,62.79257319132486,36.20136434623195,45.88090809157009,-9.679543745338144,1.2673806338207325
2019-07-31,41.07736540536334,36.42815509316829,44.6800224200184,-8.25186732685011,1.2265244370602546
2019-08-01,39.29217980278863,36.561365544778546,43.33306176571096,-6.771696220932412,1.185214532303329
2019-08-02,46.82946153428819,37.03895140475574,44.20716170785526,-7.168210303099521,1.1935316749001055
2019-08-03,65.44597647948983,38.360208384975934,49.516865400763905,-11.156657015787971,1.2908393224179335
2019-08-04,0,36.576012646139844,37.13764905057293,-0.5616364044330879,1.015355320681108
2019-08-05,53.39046714975009,37.35808029747056,41.20085357536722,-3.8427732778966615,1.1028632426022702
2019-08-06,48.900627221001514,37.89494294507665,43.125796986775796,-5.230854041699146,1.13803567531801
2019-08-07,46.65839374662057,38.30254530793916,44.008946176736984,-5.706400868797822,1.1489822888210526
2019-08-08,50.40836383395724,38.865606634730696,45.608800591042055,-6.743193956311359,1.1735002882757548
2019-08-09,0,37.05790400055718,34.206600443281545,2.851303557275635,0.9230581535815998
2019-08-10,70.40512668406751,38.608937613743706,43.25623200347803,-4.647294389734327,1.120368357065584
2019-08-11,48.18073389689127,39.054137440866846,44.48735747683134,-5.433220035964496,1.1391202159579634
2019-08-12,68.71004306053416,40.43348188829324,50.54302887275705,-10.109546984463812,1.2500290974480934
2019-08-13,0,38.55285482372146,37.907271654567786,0.6455831691536744,0.9832545949427408
2019-08-14,0,36.75969878540884,28.43045374092584,8.329245044482995,0.773413675289348
2019-08-15,0,35.04994535352936,21.32284030569438,13.727105047834979,0.6083558787328871
2019-08-16,0,33.41971533708613,15.992130229270785,17.427585107815347,0.47852383144166594
2019-08-17,0,31.865309972570497,11.994097671953089,19.871212300617408,0.3763998430236878
2019-08-18,0,30.383202531985823,8.995573253964817,21.387629278021006,0.2960706082315939
2019-08-19,67.20788244937494,32.09597834209695,23.548650552817346,8.547327789279603,0.7336947420978703
2019-08-20,12.477689863085066,31.18349980818942,20.780910380384274,10.402589427805147,0.6664072508711923
2019-08-21,34.30034484344069,31.328469344712737,24.160768996148377,7.16770034856436,0.7712080896622149
2019-08-22,0,29.87133123565633,18.120576747111283,11.750754488545049,0.6066209973553098
2019-08-23,0,28.481966992137433,13.590432560333461,14.891534431803972,0.47715919913845833
2019-08-24,0,27.157224341340346,10.192824420250096,16.964399921090248,0.3753264432241201
2019-08-25,0,25.894097627789634,7.6446183151875715,18.249479312602062,0.29522628765746656
2019-08-26,0,24.689720993938955,5.733463736390679,18.956257257548277,0.2322206774862283
2019-08-27,96.8531152852376,28.046157937720288,28.51337662360241,-0.46721868588212345,1.0166589194107434
2019-08-28,0,26.74168547550074,21.38503246770181,5.356653007798933,0.7996890280716938
2019-08-29,0,25.497886151058847,16.038774350776357,9.45911180028249,0.6290236867137825
2019-08-30,0,24.31193795798634,12.029080763082268,12.282857194904073,0.49478082674343116
2019-08-31,0,23.181150145986976,9.0218105723117,14.159339573675275,0.38918735762057655
2019-09-01,25.586080448159652,23.293007369343844,13.16287804127369,10.130129328070154,0.5650999818096646
2019-09-02,0,22.209611677746455,9.872158530955268,12.337453146791187,0.44449937593472
2019-09-03,52.90096825493706,23.63711663482509,20.629360961950717,3.0077556728743744,0.8727528522105893
2019-09-04,0,22.537715861112297,15.472020721463037,7.065695139649259,0.6864946215544736
2019-09-05,51.57383704291449,23.888233125382165,24.497474801825902,-0.6092416764437374,1.025503839996056
2019-09-06,66.86457901023836,25.887132933980126,35.089250853929016,-9.20211791994889,1.3554707252464593
2019-09-07,38.43661834131865,26.47082992967029,35.92609272577643,-9.455262796106137,1.3571955552534771
2019-09-08,0,25.239628537592605,26.94456954433232,-1.7049410067397162,1.0675501623620482
2019-09-09,42.7878050919586,26.05582279593521,30.90537843123889,-4.84955563530368,1.1861217614234814
2019-09-10,0,24.84392406124055,23.17903382342917,1.664890237811381,0.9329860196545282
2019-09-11,0,23.688392709554943,17.384275367571878,6.304117341983066,0.7338731496048648
2019-09-12,0,22.586607002133782,13.038206525678909,9.548400476454873,0.5772538798709307
2019-09-13,0,21.536067141569422,9.778654894259182,11.75741224731024,0.45405945428773914
2019-09-14,0,20.53438960010108,7.333991170694386,13.200398429406693,0.3571565219694248
2019-09-15,0,19.579301711724284,5.500493378020789,14.078808333703495,0.28093409349967285
2019-09-16,28.41105734303459,19.990081043413138,11.22813436927424,8.761946674138898,0.5616852850335141
2019-09-17,53.06351311577691,21.528380209569594,21.686979055899904,-0.1585988463303103,1.0073669660131905
2019-09-18,0,20.52706019982217,16.265234291924926,4.261825907897244,0.7923801135085801
2019-09-19,86.58316237557241,23.599437045205903,33.844716312836795,-10.245279267630892,1.4341323586054793
2019-09-20,182.27341322185623,30.97962198365476,70.95189054009165,-39.972268556436894,2.2902761878513718
2019-09-21,0,29.538709333252214,53.21391790506874,-23.675208571816526,1.801497733124157
2019-09-22,0,28.164815875891648,39.910438428801555,-11.745622552909907,1.4170317534916614
2019-09-23,39.761834768721286,28.70421210346512,39.87328751378149,-11.16907541031637,1.3891092836364232
2019-09-24,0,27.369132470745814,29.90496563533612,-2.5358331645903043,1.0926530340780125
2019-09-25,46.04415048784657,28.237737959913293,33.93976184846373,-5.702023888550439,1.2019292018164907
2019-09-26,52.351929796006935,29.359328277871136,38.54280383534953,-9.183475557478396,1.3127958333804053
2019-09-27,58.83540400187174,30.73030854410372,43.615953876980086,-12.885645332876365,1.419313893739913
2019-09-28,0,29.300991867633783,32.711965407735065,-3.4109735401012813,1.1164115383668178
2019-09-29,0,27.93815503658105,24.5339740558013,3.4041809807797527,0.8781529783480472
2019-09-30,0,26.638705965112166,18.400480541850975,8.238225423261191,0.6907422817481725
2019-10-01,0,25.399696385339507,13.800360406388231,11.599335978951276,0.5433277703984822
2019-10-02,0,24.218315158114414,10.350270304791174,13.86804485332324,0.42737367305652196
2019-10-03,0,23.091881894946304,7.76270272859338,15.329179166352924,0.336165876976709
2019-10-04,0,22.01784087657671,5.822027046445035,16.195813830131677,0.26442315932868204
2019-10-05,38.076070916304886,22.764735297029183,13.885538013909997,8.879197283119186,0.6099582460382095
2019-10-06,0,21.705910399492943,10.414153510432499,11.291756889060444,0.4797842301143928
2019-10-07,0,20.696333171609552,7.810615132824374,12.885718038785178,0.3773912541744974
2019-10-08,0,19.73371302409283,5.8579613496182805,13.875751674474548,0.2968504377341184
2019-10-09,0,18.815865906693162,4.393471012213711,14.422394894479451,0.23349821016833305
2019-10-10,0,17.94070935289348,3.295103259160283,14.645606093733198,0.18366627507095654
2019-10-11,0,17.10625775508448,2.4713274443702122,14.63493031071427,0.14446920417127423
2019-10-12,41.79752851698134,18.254688953312243,12.302877712522994,5.951811240789249,0.6739571264848491
2019-10-13,66.26925381623477,20.487924528331895,25.794471738450937,-5.306547210119042,1.2590085297084062
2019-10-14,67.7548068145446,22.68638416955109,36.28455550747435,-13.598171337923262,1.599397913510381
2019-10-15,48.834235382080074,23.90256329571523,39.42197547612578,-15.519412180410551,1.6492781542615256
2019-10-16,0,22.790816165681964,29.566481607094335,-6.775665441412372,1.2972980603616013
2019-10-17,0,21.730778204487454,22.174861205320752,-0.44408300083329877,1.0204356694285877
2019-10-18,0,20.720044334511293,16.631145903990564,4.088898430520729,0.8026597643658068
2019-10-19,107.7678624131066,24.768780059097125,39.415325031269575,-14.64654497217245,1.591330898640755
2019-10-20,46.83657895884022,25.795189310247967,41.27063851316224,-15.475449202914273,1.5999354769288792
2019-10-21,57.017991130485015,27.24741265072411,45.207476667492934,-17.960064016768822,1.659147503116498
2019-10-22,73.30858479817708,29.389792750605647,52.23275370016397,-22.84296094955832,1.777241307607055
2019-10-23,93.07246129887452,32.35177733424606,62.4426805998416,-30.090903265595543,1.9301159238572227
2019-10-24,69.83731077406141,34.09529051749328,64.29133814339656,-30.196047625903276,1.885636906613978
2019-10-25,76.35197257981747,36.06071759015953,67.30649675250179,-31.24577916234226,1.8664769102931644
2019-10-26,43.75570558336045,36.41862400844794,61.41879896021645,-25.000174951768507,1.6864667633868544
2019-10-27,40.41534597608777,36.60451805345445,56.167935714184274,-19.563417660729826,1.5344536330358578
2019-10-28,58.48610419692992,37.62226624617424,56.747477834870686,-19.125211588696445,1.5083482069380367
2019-10-29,58.822620510525155,38.60832923521382,57.2662635037843,-18.65793426857048,1.4832618928785377
2019-10-30,89.98439930500001,40.99791388962248,65.44579745408822,-24.44788356446574,1.5963201842096104
2019-10-31,62.38019348046775,41.99243852175482,64.67939646068311,-22.686957938928288,1.5402629315188425
2019-11-01,0,40.03930184632436,48.50954734551233,-8.470245499187968,1.21154828149817
2019-11-02,55.46340741263095,40.756702105222345,50.24801236229199,-9.491310257069642,1.2328772880429058
2019-11-03,0,38.86104154218875,37.68600927171899,1.1750322704697638,0.9697632326667346
2019-11-04,41.76856272824202,38.99627508572611,38.70664763584975,0.28962744987636313,0.9925729457433501
2019-11-05,50.08147099812825,39.5118655932797,41.550353476419374,-2.0384878831396733,1.0515917902503393
2019-11-06,52.263665398491746,40.104972560963986,44.228681456937466,-4.123708895973479,1.1028228828383355
2019-11-07,51.86579651620008,40.65198762864939,46.13796022175312,-5.485972593103732,1.1349496768050416
2019-11-08,58.66085961235893,41.48960958138006,49.26868506940457,-7.77907548802451,1.1874945453892185
2019-11-09,60.451753743489576,42.371569774966545,52.06445223792582,-9.692882462959275,1.2287591069485737
2019-11-10,0,40.4007990877588,39.048339178444365,1.3524599093144332,0.9665239316840458
2019-11-11,87.22389049689004,42.578617292834664,51.09222700805579,-8.513609715221122,1.199950356665384
2019-11-12,77.94767196987652,44.22368960339475,57.806088248510974,-13.582398645116221,1.3071294766587378
2019-11-13,0,42.16677380788802,43.35456618638323,-1.1877923784952102,1.0281689176145805
2019-11-14,102.54667571577488,44.975141338487404,58.15259356873114,-13.177452230243738,1.2929941260167683
2019-11-15,33.679639129638666,44.449769142727,52.034354958958026,-7.5845858162310265,1.1706327380622945
2019-11-16,33.92731948626329,43.960352879635664,47.50759609078434,-3.5472432111486754,1.0806918729651787
2019-11-17,0,41.91568530383866,35.63069706808825,6.284988235750404,0.8500564122704473
2019-11-18,77.59965775891106,43.57540495291179,46.12293724079396,-2.54753228788217,1.05846261875424
2019-11-19,39.4420171186659,43.38315435597012,44.45270721026195,-1.0695528542918282,1.0246536442346081
2019-11-20,91.74437818088111,45.6325136036404,56.275624952916736,-10.643111349276339,1.2332352637965145
2019-11-21,101.92840213932064,48.2509270239046,67.6888192495177,-19.437892225613105,1.4028501300002025
2019-11-22,73.11378012105477,49.40733879586507,69.04505946740197,-19.637720671536897,1.3974656629711644
2019-11-23,72.67710583341366,50.489653541797566,69.9530710589049,-19.46341751710733,1.3854931882154662
2019-11-24,0,48.141297563109305,52.46480329417867,-4.323505731069368,1.0898086663391613
2019-11-25,106.77041056976053,50.86823305179075,66.04120511307414,-15.172972061283389,1.298279911640276
2019-11-26,47.48125300089517,50.71069909593514,61.4012170850294,-10.69051798909426,1.2108138554283978
2019-11-27,131.3608463197113,54.46186873425032,78.89112439369987,-24.429255659449552,1.4485570588333077
2019-11-28,145.11182692386072,58.678145859348476,95.44630002624008,-36.768154166891605,1.6266072935126183
2019-11-29,56.75616839938693,58.58875155888515,85.7737671195268,-27.185015560641645,1.4639971809581078
2019-11-30,36.96744787719782,57.58310952717876,73.57218730894455,-15.989077781765786,1.2776695790098207
2019-12-01,0,54.90482536312394,55.179140481708416,-0.2743151185844752,1.0049961932446783
2019-12-02,76.97758402136475,55.93146530071654,60.628751366622495,-4.697286065905956,1.0839828894087957
2019-12-03,0,53.330001798357635,45.47156352496687,7.858438273390767,0.8526450776439798
2019-12-04,142.75320303101952,57.48922046034191,69.79197340148002,-12.30275294113811,1.2140010395237657
2019-12-05,73.71561858878032,58.2439366523623,70.77288469830509,-12.52894804594279,1.2151116281769996
2019-12-06,75.52668815295426,59.04778555936658,71.96133556196739,-12.913550002600807,1.218696601050328
2019-12-07,104.12435214085335,61.14437005152875,80.00208970668888,-18.857719655160125,1.3084130172239827
2019-12-08,0,58.30044586308556,60.00156728001666,-1.7011214169311017,1.0291785318399946
2019-12-09,126.9714833508549,61.494447606702735,76.74404629772621,-15.249598691023479,1.2479833429402711
2019-12-10,78.82338983700082,62.30044491973986,77.26388218254486,-14.963437262805002,1.2401818683773744
2019-12-11,144.27617100862682,66.11326938899042,94.01695438906535,-27.90368500007493,1.4220587675747216
2019-12-12,55.41428398980034,65.61564216112112,84.3662867892491,-18.750644628127986,1.285764857422251
2019-12-13,91.413001398256,66.81551933494134,86.12796544150083,-19.31244610655949,1.2890413229965116
2019-12-14,57.35131023177149,66.37532356270088,78.9338016390685,-12.55847807636762,1.1892040204265846
2019-12-15,0,63.28809921094736,59.200351229301376,4.0877479816459825,0.9354104794811992
2019-12-16,116.52134035197966,65.76406391518142,73.53059850997096,-7.766534594789533,1.1180969382258408
2019-12-17,133.96995127849257,68.93643076928892,88.64043670210137,-19.70400593281245,1.2858286353331876
2019-12-18,115.73245154712181,71.11298987523463,95.41344041335647,-24.300450538121837,1.341716057494059
2019-12-19,46.56968080308702,69.97144061606498,83.20250051078911,-13.231059894724126,1.189092289326072
2019-12-20,84.66258172592907,70.65474950489588,83.5675208145741,-12.91277130967822,1.1827587161369908
2019-12-21,41.58681894938151,69.30275273487194,73.07234534827595,-3.7695926134040008,1.0543931151879455
2019-12-22,44.76212746514214,68.16132830372172,65.99479087749249,2.166537426229226,0.9682145656325312
2019-12-23,68.37069124384256,68.17106611489014,66.58876596908,1.5823001458101373,0.9767892709185412
2019-12-24,84.34731037498084,68.92344956884786,71.02840207055522,-2.104952501707359,1.0305404403558498
2019-12-25,0,65.71770772843634,53.27130155291641,12.446406175519925,0.8106080293037227
2019-12-26,39.22723339504665,64.4855926431624,49.76028451344897,14.725308129713433,0.7716496425493199
2019-12-27,143.18224628978263,68.14590211509824,73.11577495753238,-4.9698728424341425,1.0729298855412774
2019-12-28,46.58405181884765,67.1430253571331,66.48284417286119,0.6601811842719059,0.9901675388955058
2019-12-29,38.28501315646701,65.80079223152072,59.43338641876265,6.367405812758065,0.9032320797710531
2019-12-30,70.96311278782768,66.0409001643722,62.31581801102891,3.725082153343294,0.9435943158706898
2019-12-31,93.92822477137753,67.3379850298143,70.21891970111606,-2.880934671301759,1.0427832028086885
2020-01-01,105.94630005061644,69.1337206121772,79.15076478849116,-10.01704417631396,1.1448937520860791
2020-01-02,203.5246136558431,75.3844598235105,110.24422700532915,-34.859767181818654,1.4624264372520495
2020-01-03,78.60800351047459,75.53439208802045,102.33517113161551,-26.800779043595057,1.3548155787235199
2020-01-04,65.67158009908191,75.07565664667449,93.1692733734821,-18.09361672680761,1.2410051078303563
2020-01-05,0,71.58376563985242,69.87695503011157,1.7068106097408418,0.9761564567683657
2020-01-06,128.64215646059554,74.23764428267768,84.56825538773256,-10.330611105054885,1.1391559660026311
2020-01-07,69.20554958174834,74.00359336635537,80.72757893623651,-6.723985569881137,1.090860257764824
2020-01-08,95.11759050550916,74.98563974492066,84.32508182855467,-9.339442083634012,1.1245497419809916
2020-01-09,59.21577859624343,74.2521578310287,78.04775602047685,-3.7955981894481567,1.0511176819538963
2020-01-10,47.506721988254114,73.00818407089965,70.41249751242117,2.5956865584784765,0.9644466357782272
2020-01-11,0,69.61245457922989,52.80937313431588,16.803081444914014,0.7586196098494402
2020-01-12,0,66.37466599414944,39.60702985073691,26.76763614341253,0.5967190833567634
2020-01-13,123.33834051111906,69.02413922749687,60.539857515832445,8.48428171166443,0.8770823974410149
2020-01-14,73.00524077869206,69.20930674150596,63.656203331547346,5.553103409958609,0.9197636319112543
2020-01-15,135.06840732972745,72.27252072235346,81.50925433109236,-9.236733608738902,1.127804226492881
2020-01-16,62.612696641196735,71.82322657904385,76.78511490861845,-4.961888329574606,1.0690847315672292
2020-01-17,46.488741556803376,70.64487843847452,69.21102157066468,1.433856867809837,0.9797033146565847
2020-01-18,0,67.3590701390106,51.90826617799851,15.450803961012085,0.7706202901866593
2020-01-19,40.7408913760715,66.1210153128274,49.116422477516764,17.004592835310632,0.7428261989686267
2020-01-20,99.22898118540965,67.66092070224983,61.64456215448998,6.016358547759843,0.9110807466669475
2020-01-21,83.72280178738316,68.40798493876765,67.16412206271328,1.2438628760543793,0.9818169928824889
2020-01-22,119.9406613807131,70.80485361048605,80.35825689221323,-9.553403281727185,1.1349258249038654
2020-01-23,47.97373673321387,69.74294119758966,72.2621268524634,-2.5191856548737377,1.036121012543771
2020-01-24,40.54517509460449,68.38490556489268,64.33288891299867,4.052016651894007,0.9407469145513454
2020-01-25,0,65.20421228280465,48.249666684749,16.954545598055645,0.7399777559575427
2020-01-26,14.377890734160884,62.84019732705378,39.78172269710197,23.05847462995181,0.63306170872481
2020-01-27,0,59.917397451376864,29.836292022826477,30.081105428550387,0.49795707576486037
2020-01-28,47.27788736377926,59.32951326125605,34.19669085806467,25.132822403191376,0.5763858319029856
2020-01-29,127.00178685493356,62.4770608702643,57.39796485728189,5.079096012982411,0.9187046262555785
2020-01-30,20.737436989678272,60.53568301535333,48.23283289038099,12.302850124972338,0.7967669725862546
2020-01-31,73.95146887379985,61.159673055281075,54.662491886235706,6.497181169045369,0.8937669080724736
2020-02-01,0,58.31503709922149,40.99686891467678,17.31816818454471,0.7030239703735192
2020-02-02,82.54544878694163,59.4420329916736,51.38401388274299,8.058019108930608,0.8644390391068256
2020-02-03,135.56073369984796,62.98243767577473,72.42819383701924,-9.445756161244503,1.1499744453957155
2020-02-04,63.09834911849708,62.9878289056688,70.0957326573887,-7.1079037517198955,1.1128456699349318
2020-02-05,137.65701904310222,66.4608144934564,86.98605425381709,-20.52523976036069,1.3088322030882231
2020-02-06,95.11087340464353,67.7933753730465,89.0172590415237,-21.2238836684772,1.3130672215445167
2020-02-07,86.96789019761779,68.68521327186377,88.50491683054723,-19.819703558683457,1.2885585210159614
2020-02-08,70.86542034149169,68.78661825184646,84.09504270828334,-15.308424456436882,1.2225494557555663
2020-02-09,0,65.58724065873733,63.071282031212505,2.5159586275248245,0.9616395109290011
2020-02-10,114.4256783706698,67.85879590115279,75.90988111607683,-8.051085214924043,1.1186446813104831
2020-02-11,48.643781061024654,66.96507428068172,69.09335610231379,-2.128281821632072,1.0317819675922357
2020-02-12,89.88154168567506,68.03095648556513,74.29040249815411,-6.259446012588981,1.0920087903339284
2020-02-13,54.195399513779144,67.38744220780764,69.26665175206037,-1.8792095442527312,1.027886642995438
2020-02-14,47.67024925231933,66.47036346569192,63.86755112712511,2.6028123385668067,0.9608425138088635
2020-02-15,67.22017193400389,66.50523827817155,64.7057063288448,1.7995319493267488,0.9729415005961968
2020-02-16,0,63.41197138151241,48.5292797466336,14.88269163487881,0.7653015462001057
2020-02-17,111.50246722468268,65.64873863003196,64.27257661614587,1.3761620138860877,0.9790374949529406
2020-02-18,45.91676206676992,64.73097227825232,59.68362297880188,5.047349299450445,0.9220257455939954
2020-02-19,63.36952949116041,64.66764935792247,60.605099606891514,4.062549751030957,0.937178020350133
2020-02-20,66.26675038106585,64.74202614969658,62.0205123004351,2.721513849261484,0.9579637213712348
2020-02-21,39.518561274210604,63.568841736883286,56.39502454387898,7.173817193004304,0.8871488452851717
2020-02-22,35.300807791815856,62.25404946036852,51.1214703558632,11.132579104505318,0.8211750207122898
2020-02-23,130.72495754417548,65.43874285961536,71.02234215294126,-5.5835992933259035,1.085325589218897
2020-02-24,133.4473974459882,68.60193609619084,86.628605976203,-18.026669880012165,1.2627720280878534
2020-02-25,61.27249992306957,68.26103208813869,80.28957946291965,-12.028547374780956,1.1762139687263073
2020-02-26,94.45626240517747,69.47941489358236,83.8312501984841,-14.35183530490174,1.2065624088181666
2020-02-27,0,66.2478142008576,62.873437648863074,3.37437655199453,0.9490643337648427
2020-02-28,49.78101240370008,65.48191644285028,59.60033133757233,5.881585105277949,0.9101800096012566
2020-02-29,1306.8967874545026,123.22214300153178,371.4244453668049,-248.2023023652731,3.01426704905768
2020-03-01,60.61619112738962,120.31023826319958,293.7223818069511,-173.4121435437515,2.4413747827673724
2020-03-02,43.99601586659749,116.76073954707856,231.29079032186272,-114.53005077478416,1.9808952154386117
2020-03-03,52.46640668304489,113.77030546037932,186.58469441215826,-72.81438895177894,1.6400122479718282
2020-03-04,105.85228990889895,113.40202566728722,166.40159328634343,-52.99956761905621,1.4673599726788433
2020-03-05,48.080513626150484,110.36381580490877,136.8213233712952,-26.457507566386425,1.2397299094108516
2020-03-06,54.54585913764105,107.76763177387306,116.25245731288166,-8.484825539008597,1.078732597146919
2020-03-07,140.99295562406957,109.3129956738822,122.43758189067863,-13.12458621679643,1.1200642808731678
2020-03-08,0,104.22867029370164,91.82818641800897,12.400483875692672,0.8810261721498424
2020-03-09,103.17220677078275,104.17953245542634,94.66419150620241,9.515340949223926,0.9086640079306962
2020-03-10,41.09907887030307,101.24555787007178,81.27291334722757,19.972644522844206,0.8027306585709391
2020-03-11,64.08877091909821,99.51733522118928,76.97687774019522,22.540457480994064,0.7735022000773164
2020-03-12,27.13347013715504,96.15064382193188,64.51602583943517,31.634617982496707,0.6709890155103478
2020-03-13,55.38329786512587,94.25448819603393,62.23284384585784,32.02164435017609,0.6602639835650418
2020-03-14,113.0110000259178,95.12688409509829,74.92738289087283,20.199501204225456,0.7876572811444167
2020-03-15,23.513704596256744,91.79603853701263,62.07396331721881,29.722075219793822,0.6762161451173523
2020-03-16,41.07138181400323,89.4367521778029,56.82331794141491,32.61343423638799,0.6353463934805362
2020-03-17,58.831981479873285,88.01327447092245,57.325483826029505,30.68779064489295,0.6513277022128882
2020-03-18,38.921098562029094,85.72991745190416,52.7243875100294,33.005529941874755,0.6150056955203953
2020-03-19,61.90578162841504,84.62181811127677,55.01973603962581,29.602082071650955,0.6501838091758472
2020-03-20,30.9170302797246,82.12392100283249,48.99405959965051,33.12986140318198,0.5965869505593151
2020-03-21,150.05535125206947,85.28352240977375,74.25938251275525,11.0241398970185,0.870735406015244
2020-03-22,64.12460227082052,84.29938658935733,71.72568745227157,12.573699137085754,0.8508447137440498
2020-03-23,63.22170203277042,83.31902916812072,69.59969109739629,13.719338070724433,0.8353396792000904
2020-03-24,78.58225119793846,83.09871391369364,71.84533112253183,11.253382791161812,0.8645781353040655
2020-03-25,64.00526668485512,82.21064660072442,69.88531501311266,12.325331587611757,0.8500762115602527
2020-03-26,0,78.38689559603957,52.413986259834495,25.97290933620507,0.6686575078732166
2020-03-27,58.31588770831605,77.45336034544778,53.88946162195488,23.563898723492898,0.6957666056179884
2020-03-28,0,73.85087846891533,40.41709621646616,33.43378225244916,0.5472798300284389
2020-03-29,0,70.41595388896577,30.312822162349622,40.103131726616155,0.43048230532696335
2020-03-30,30.080699497356427,68.53989554516998,30.254791496101326,38.28510404906866,0.4414186986281739
2020-03-31,0,65.35199342678999,22.691093622075996,42.66089980471399,0.34721348855484085
2020-04-01,0,62.31236582554394,17.018320216556997,45.29404560898695,0.27311304892403077
2020-04-02,49.292664078672594,61.70679830243365,25.086906182085897,36.61989212034775,0.40655011881713443
2020-04-03,0,58.83671466045999,18.815179636564423,40.02153502389557,0.31978637394737125
2020-04-04,0,56.10012328090371,14.111384727423317,41.98873855348039,0.25153928194619934
2020-04-05,27.69715896664456,54.77905517326375,17.50782828722863,37.27122688603512,0.31960807340565717
2020-04-06,67.2344883001898,55.358377644283564,29.93949329046892,25.418884353814644,0.5408303957588922
2020-04-07,38.3886543247545,54.56908818756128,32.051783549040316,22.51730463852096,0.58736153769487
2020-04-08,78.20099691343802,55.66824673295089,43.58908689013974,12.079159842811151,0.7830152635929106
2020-04-09,37.46870730429702,54.82175652696699,42.05899199367906,12.762764533287935,0.7671952643878333
2020-04-10,68.25130226459402,55.446386561275226,48.6070695614078,6.839316999867428,0.8766499058836635
2020-04-11,96.17893038226573,57.34092348318176,60.50003476662228,-3.1591112834405166,1.0550934845566622
2020-04-12,148.07155491818554,61.5609528522517,82.3929148045131,-20.831961952261395,1.338395703538254
2020-04-13,71.72049826233946,62.033489848069735,79.72481066896968,-17.691320820899946,1.2851898363761853
2020-04-14,64.57641493517679,62.15176543351657,75.93771173552146,-13.785946302004888,1.2218110170262153
2020-04-15,69.6314718003736,62.499658752905276,74.3611517517345,-11.86149299882922,1.189784924179095
2020-04-16,80.01873757892652,63.31449962853418,75.7755482085325,-12.46104857999832,1.1968119254185126
2020-04-17,0,60.36963918069538,56.83166115639938,3.5379780242960024,0.941394746212617
2020-04-18,111.5116237240277,62.74833613619921,70.50165179830645,-7.753315662107248,1.1235620916569744
2020-04-19,70.66292563908576,63.11645657819393,70.54197025850128,-7.425513680307347,1.11764782248177
2020-04-20,30.855719214640033,61.61595716593561,60.620407497535965,0.9955496683996472,0.9838426648684138
2020-04-21,58.84301780586889,61.48698324221158,60.1760600746192,1.310923167592378,0.9786796635735563
2020-04-22,71.01208656845952,61.93001130389753,62.88506669807928,-0.9550553941817483,1.0154215278353458
2020-04-23,63.82518100949609,62.01815873206491,63.12009527593348,-1.1019365438685682,1.0177679661147547
2020-04-24,27.593411787495658,60.41700771138727,54.23842440382403,6.178583307563244,0.8977343707921429
2020-04-25,80.96603262029517,61.372776311801594,60.92032645794181,0.45244985385978254,0.9926278411692873
2020-04-26,73.17119667555458,61.921540049650574,63.983044012345005,-2.061503962694431,1.0332921946064029
2020-04-27,0,59.04146841943427,47.98728300925875,11.054185410175513,0.812772518927567
2020-04-28,97.67563983993901,60.83840662503914,60.409372216928816,0.42903440811032567,0.9929479676917329
2020-04-29,111.03382821246535,63.17307739654734,73.06548621581294,-9.892408819265597,1.156592162765996
2020-04-30,48.61146249815055,62.495792982668426,66.95198028639734,-4.4561873037289175,1.0713037964634424
2020-05-01,65.82463913259592,62.650623036153426,66.67014499794699,-4.019521961793565,1.0641577332504721
2020-05-02,187.2037549393279,68.44379196188247,96.80354748329222,-28.359755521409753,1.4143510274210032
2020-05-03,0,65.26035977760887,72.60266061246917,-7.342300834860296,1.1125078203486547
2020-05-04,46.453926815698914,64.38564196542701,66.06547716327661,-1.6798351978495987,1.026090214301591
2020-05-05,60.435090556714,64.20189538827758,64.65788051163595,-0.45598512335837427,1.0071023623149065
2020-05-06,76.48764339177795,64.77332552797527,67.61532123167146,-2.8419957036961847,1.0438760196344228
2020-05-07,44.2197449456532,63.81734503577425,61.76642716016689,2.050917875607361,0.9678626888124924
2020-05-08,0,60.84909642945917,46.32482037012517,14.524276059334007,0.761306627175098
2020-05-09,87.77480337534543,62.101454892058534,56.68731612143023,5.4141387706283055,0.912817843302517
2020-05-10,0,59.213015129637206,42.51548709107267,16.697528038564535,0.7180091572312939
2020-05-11,0,56.45892140267734,31.886615318304504,24.572306084372837,0.564775495626589
2020-05-12,90.67907952698104,58.05055666427286,46.584731370473634,11.465825293799227,0.8024855237665905
2020-05-13,62.71404826964931,58.26746325056944,50.61706059526755,7.650402655301889,0.8687019782675055
2020-05-14,50.01168912572096,57.883473756390444,50.4657177278809,7.417756028509544,0.8718501923260531
2020-05-15,0,55.19121916306996,37.849288295910675,17.341930867159284,0.685784602499793
2020-05-16,121.95176976489313,58.29636105152685,58.87490866315629,-0.578547611629439,1.0099242491329459
2020-05-17,69.00157785399514,58.79427811210677,61.406575960866,-2.6122978487592334,1.044431157786031
2020-05-18,0,56.05966052549715,46.0549319706495,10.004728554847652,0.8215342643554038
2020-05-19,65.18153365199105,56.48393369417129,50.83658239098489,5.647351303186404,0.9000184488802843
2020-05-20,76.60742299696666,57.419909940812936,57.279292542480334,0.14061739833260134,0.9975510689676265
2020-05-21,47.48742485750584,56.95793389042656,54.831325621236715,2.1266082691898447,0.9626635285921081
2020-05-22,0,54.30872766296486,41.123494215927536,13.185233447037326,0.7572170438309487
2020-05-23,84.63823529197559,55.71940243640722,52.002179484939546,3.717222951467676,0.9332867405273515
2020-05-24,69.12974699847322,56.34313939278239,56.284071363322965,0.05906802945942502,0.9989516375712295
2020-05-25,58.2337555717189,56.431075029012,56.771492415421946,-0.34041738640994623,1.0060324455139107
2020-05-26,91.42491088927154,58.05869530158221,65.43484703388434,-7.376151732302127,1.1270464603598158
2020-05-27,0,55.35829086895048,49.07613527541325,6.282155593537233,0.8865182523554516
2020-05-28,78.45574445759927,56.432591035864384,56.421037570959754,0.011553464904629607,0.9997952696182765
2020-05-29,35.35927313612458,55.45243671494625,51.15559646225096,4.29684025269529,0.922513048872753
2020-05-30,83.38478070873117,56.751615505354856,59.21289252387101,-2.4612770185161565,1.043369285535855
2020-05-31,0,54.112005481849984,44.40966939290326,9.702336088946723,0.8206990111829854
2020-06-01,75.66736683466966,55.11458042849276,52.22409375334486,2.8904866751478977,0.9475549545397401
2020-06-02,102.29942016692269,57.30922413725694,64.74292535673932,-7.43370121948238,1.1297121245359871
2020-06-03,69.35954158584605,57.86970401858667,65.897079414016,-8.027375395429338,1.1387146440512705
2020-06-04,0,55.178089878187286,49.42280956051201,5.755280317675279,0.8956962748932322
2020-06-05,0,52.61166709315532,37.067107170384006,15.544559922771313,0.7045415820800294
2020-06-06,157.28968965674332,57.480412328671044,67.12275279197384,-9.642340463302794,1.167750022512025
2020-06-07,0,54.8069047785003,50.34206459398038,4.464840184519915,0.9185350786824598
2020-06-08,59.70348451051072,55.03465267301241,52.682419573112966,2.3522330998994434,0.9572590543119721
2020-06-09,101.28526857144702,57.185844110148906,64.83313182269649,-7.64728771254758,1.1337269359298776
2020-06-10,82.6524418564652,58.37033702858222,69.28795933113867,-10.917622302556445,1.1870405904290628
2020-06-11,73.57344171351224,59.0774581767185,70.35932992673206,-11.281871750013558,1.1909674535264383
2020-06-12,0,56.32966942431299,52.76949744504904,3.5601719792639486,0.93679757015112
2020-06-13,113.86686570818708,59.005818088679234,68.04383951083355,-9.038021422154316,1.1531716992283372
2020-06-14,93.53861923609198,60.61199488623331,74.41753444214815,-13.80553955591484,1.2277691004989955
2020-06-15,93.75186219951847,62.15338406359541,79.25111638149073,-17.09773231789532,1.2750893225560465
2020-06-16,72.76072527266794,62.64674877099414,77.62851860428503,-14.981769833290898,1.23914680531655
2020-06-17,106.06774420502938,64.66632995397252,84.73832500447112,-20.0719950504986,1.3103932922043793
2020-06-18,62.13423503841749,64.54855809743508,79.08730251295772,-14.538744415522643,1.2252373227663953
2020-06-19,0,61.546299581275306,59.315476884718294,2.230822696557013,0.963753747785034
2020-06-20,93.17684101751021,63.01748755505368,67.78081791791627,-4.76333036286259,1.075587436862278
2020-06-21,138.66236206204965,66.53585381119304,85.50120395394961,-18.965350142756577,1.2850395546931581
2020-06-22,79.02406840402202,67.11670100155717,83.88192006646773,-16.765219064910553,1.2497920608951234
2020-06-23,92.69388334861837,68.30633738979257,86.08491088700539,-17.778573497212818,1.2602770720160044
2020-06-24,96.87686008720802,69.6351989106026,88.78289818705605,-19.14769927645345,1.2749715599974119
2020-06-25,63.1716315615426,69.33456787111143,82.38008153067769,-13.045513659566254,1.1881530967731548
2020-06-26,0,66.10970424919927,61.78506114800827,4.3246431011910005,0.9345838383148118
2020-06-27,106.69089931538275,67.99720169413804,73.01152068985189,-5.01431899571385,1.0737430198553652
2020-06-28,0,64.83454115022465,54.75864051738892,10.075900632835733,0.8445905461051387
2020-06-29,77.76560212629626,65.43598584678612,60.510380919615756,4.925604927170369,0.9247263586793348
2020-06-30,83.02172938876707,66.25392740687826,66.13821803690358,0.11570936997468095,0.9982535469895641
2020-07-01,75.12842973299784,66.66669495693034,68.38577096092715,-1.719076003996804,1.0257861291021193
2020-07-02,70.03825496227873,66.82351170136515,68.79889196126504,-1.975380259899893,1.0295611560748008
2020-07-03,0,63.71544138967375,51.59916897094878,12.116272418724968,0.8098377386192217
2020-07-04,66.01722613961927,63.82250114548517,55.2036832631164,8.618817882368766,0.8649564381128392
2020-07-05,81.80404420299251,64.65885198536922,61.85377349808543,2.8050784872837937,0.9566172549912402
2020-07-06,70.92065757964781,64.95009875719613,64.12049451847602,0.8296042387201084,0.9872270519124434
2020-07-07,93.55616565160916,66.28061349647115,71.47941230175931,-5.198798805288163,1.0784361901611927
2020-07-08,89.93599707703042,67.38086389556693,76.09355849557708,-8.712694600010153,1.1293051779862096
2020-07-09,71.60777992179385,67.57746464097283,74.97211385213127,-7.394649211158438,1.109424780129522
2020-07-10,0,64.43432675069504,56.22908538909846,8.205241361596578,0.8726572965646648
2020-07-11,99.95458930466043,66.0864319857632,67.16046136798894,-1.0740293822257456,1.0162518893657455
2020-07-12,0,63.012644451541654,50.37034602599171,12.642298425549946,0.7993688641956367
2020-07-13,88.37136656230633,64.19211989855397,59.870601160070365,4.321518738483604,0.9326783607357757
2020-07-14,89.08903446260925,65.3501159247891,67.1752094857051,-1.8250935609160024,1.027927931481997
2020-07-15,76.00367435496429,65.84563027037863,69.38232570301989,-3.5366954326412525,1.0537119231308893
2020-07-16,97.9365617137514,67.33823173286109,76.52088470570277,-9.18265297284168,1.1363661138019485
2020-07-17,0,64.20622095458849,57.39066352927708,6.815557425311411,0.8938489553679582
2020-07-18,125.82080387055284,67.07201550881939,74.49819861459602,-7.42618310577663,1.110719545973528
2020-07-19,233.75371649367793,74.8246527639291,114.3120780843665,-39.48742532043741,1.5277328241467694
2020-07-20,0,71.34443635630448,85.73405856327489,-14.389622206970401,1.2016922824073462
2020-07-21,90.30000305175781,72.2260906212093,86.87554468539562,-14.64945406418633,1.2028277307685495
2020-07-22,72.14606207313685,72.2223683631594,83.19317403233092,-10.970805669171511,1.1519031557211548
2020-07-23,46.23932026113814,71.01385449794913,73.95471058953272,-2.9408560915835977,1.0414124273542582
2020-07-24,0,67.71088452130033,55.46603294214954,12.24485157915079,0.8191597751744331
2020-07-25,71.46243206348572,67.8853751046578,59.46513272248359,8.420242382174209,0.8759638232819834
2020-07-26,65.60138203865455,67.77914286902974,60.99919505152633,6.7799478175034125,0.8999699976804909
2020-07-27,71.78829593462922,67.96561510463901,63.69647027230205,4.269144832336963,0.9371866961447869
2020-07-28,84.39457186777254,68.7297526285057,68.87099567116967,-0.14124304266397303,1.0020550494692648
2020-07-29,75.48111227010311,69.04376935602185,70.52352482090302,-1.4797554648811655,1.0214321361313492
2020-07-30,75.67598318446834,69.35224441781006,71.81163941179435,-2.45939499398429,1.035462370592252
2020-07-31,0,66.12655863093516,53.85872955884576,12.267829072089405,0.8144795475994303
2020-08-01,129.09585953796164,69.05536332428524,72.66801205362472,-3.612648729339483,1.0523152519134842
2020-08-02,89.95348196487244,70.02736884245209,76.98937953143665,-6.962010688984563,1.0994184245812277
2020-08-03,35.03456883106441,68.39979674889918,66.50067685634359,1.8991198925555892,0.9722350067720282
2020-08-04,46.97038775376914,67.40308005145127,61.61810458069997,5.784975470751299,0.9141734254985144
2020-08-05,69.12116862534168,67.48299114791129,63.4938705918604,3.989120556050892,0.9408870222090733
2020-08-06,51.79114926145159,66.75313803691317,60.568190259258195,6.184947777654976,0.907345962145747
2020-08-07,84.16322650099352,67.56290959338203,66.46694931969202,1.095960273690011,0.9837786696684664
2020-08-08,85.15502472674629,68.38114750656177,71.13896817145559,-2.7578206648938135,1.0403301313946047
2020-08-09,0,65.20062901788448,53.35422612859169,11.84640288929279,0.8183084570110261
2020-08-10,124.11540754337096,67.94085127488385,71.04452148228651,-3.103670207402658,1.0456819446344547
2020-08-11,70.18927514765406,68.04542912943131,70.8307098986284,-2.7852807691970867,1.040932665188402
2020-08-12,142.0990976520469,71.4897858049018,88.64780683698302,-17.158021032081223,1.240006608463845
2020-08-13,72.01148551596674,71.51405090774203,84.48872650672895,-12.97467559898692,1.1814283407682176
2020-08-14,168.57944860823204,76.02872056822994,105.51140703210473,-29.482686463874785,1.387783540774286
2020-08-15,107.43266497323928,77.48936914520712,105.99172151738837,-28.50235237218125,1.3678227437547328
2020-08-16,0,73.88521244077889,79.49379113804127,-5.608578697262388,1.0759093533185942
2020-08-17,86.16319983381963,74.45628162185055,81.16114331198587,-6.704861690135317,1.0900509875459266
2020-08-18,128.89435101247867,76.98828484932163,93.09444523710906,-16.106160387787426,1.2092027432238626
2020-08-19,88.5564003228756,77.52633673181252,91.95993400855069,-14.433597276738169,1.1861766966428744
2020-08-20,93.96796869428407,78.29106379983445,92.46194267998403,-14.170878880149587,1.1810025077089137
2020-08-21,38.35023043347612,76.43335062000382,78.93401461835705,-2.5006639983532324,1.0327169223517731
2020-08-22,115.22161917658039,78.2374561342632,88.00591575791289,-9.76845962364969,1.1248565598268072
2020-08-23,0,74.59850468615794,66.00443681843467,8.594067867723268,0.8847957086437052
2020-08-24,3.6013104269864296,71.296309604336,50.40365522057261,20.892654383763393,0.7069602269680486
2020-08-25,0,67.98020218087852,37.80274141542946,30.177460765449062,0.5560845687732675
2020-08-26,0,64.81833231200045,28.352056061572092,36.46627625042836,0.43740798397378067
2020-08-27,0,61.80352615795392,21.26404204617907,40.53948411177485,0.3440587191010686
2020-08-28,0,58.928943545956066,15.948031534634303,42.98091201132176,0.27063155343904155
2020-08-29,0,56.18806245079532,11.961023650975728,44.227038799819596,0.21287481947321624
2020-08-30,0,53.57466419726996,8.970767738231796,44.60389645903817,0.16744421775622592
2020-08-31,58.696278408634896,53.81287881175206,21.40214540583257,32.41073340591949,0.39771418809061926
2020-09-01,61.26840453428707,54.1596474500095,31.368710187946196,22.790937262063306,0.5791897042225208
2020-09-02,72.69478724359533,55.021746975292565,41.700229451858476,13.321517523434089,0.7578863221087113
2020-09-03,46.19588429120826,54.61124173417236,42.82414316169592,11.787098572476438,0.7841635128782476
2020-09-04,67.04884620801501,55.18973496551388,48.880318923275695,6.309416042238183,0.8856777252678167
2020-09-05,88.86311422427259,56.755938651967774,58.876017748524916,-2.1200790965571414,1.037354312973666
2020-09-06,0,54.116127551876254,44.15701331139368,9.95911424048257,0.8159677217895602
2020-09-07,55.50917245579969,54.18092033810525,46.99505309749519,7.185867240610065,0.8673727357040918
2020-09-08,41.09940691257476,53.57247785319686,45.521141551265075,8.051336301931784,0.8497113326577065
2020-09-09,65.01070853414556,54.10448858254331,50.3935332969852,3.7109552855581143,0.9314113230951627
2020-09-10,37.532214259297774,53.333685125648174,47.17820353756334,6.155481588084832,0.8845854814932104
2020-09-11,55.682516728117534,53.442933107158375,49.30428183520189,4.138651271956483,0.9225594286791738
2020-09-12,136.534634502823,57.30766340463115,71.11187000210717,-13.804206597476018,1.2408788943071722
2020-09-13,0,54.64219068813668,53.333902501580376,1.3082881865563039,0.9760571790578594
2020-09-14,52.819023330297256,54.557392206376704,53.205182708759594,1.3522094976171104,0.9752149169176331
2020-09-15,56.32573547819221,54.639640730647194,53.985320901117746,0.6543198295294488,0.9880248145528076
2020-09-16,48.791080270058515,54.36761466271284,52.686760743352934,1.6808539193599046,0.96908354485006
2020-09-17,63.56545964871204,54.795421406247684,55.40643546969272,-0.6110140634450332,1.0111508233124789
2020-09-18,93.55299177328912,56.598099097737986,64.94307454559181,-8.344975447853827,1.1474426805800604
2020-09-19,105.77081600933947,58.8852022099055,75.15000991152873,-16.264807701623226,1.2762121397217687
2020-09-20,98.61245916184153,60.73298160301881,81.01562222410692,-20.282640621088113,1.3339641836182463
2020-09-21,0,57.90819176101793,60.76171666808019,-2.8535249070622584,1.0492767054061924
2020-09-22,68.18844531963506,58.386343089325706,62.61839883096891,-4.232055741643201,1.072483658277691
2020-09-23,58.03175244096378,58.3698505010298,61.47173723346762,-3.101886732437819,1.0531419338024508
2020-09-24,0,55.65497373354005,46.103802925100716,9.55117080843933,0.8283860332951379
2020-09-25,38.06932501732715,54.83703658394875,44.09518344815732,10.74185313579143,0.8041131723055259
2020-09-26,134.55660782012515,58.544923618189515,66.71053954114927,-8.16561592295976,1.1394760709754053
2020-09-27,0,55.82190391501791,50.032904655861955,5.788999259155958,0.8962952021689318
2020-09-28,0,53.22553629106359,37.524678491896466,15.700857799167125,0.7050126895103119
2020-09-29,0,50.74992995194435,28.14350886892235,22.606421083022003,0.5545526643094323
2020-09-30,53.43865405468177,50.8749868869554,34.4672951653622,16.407691721593196,0.6774900058701008
2020-10-01,64.47903916424477,51.50773350450374,41.97023116508284,9.537502339420897,0.814833585341087
2020-10-02,59.5364604509219,51.88116266480226,46.36178848654261,5.519374178259653,0.8936150638178012
2020-10-03,160.19678376437452,56.91909852989865,74.82053730600059,-17.90143877610194,1.3145067163244708
2020-10-04,0,54.27169859827546,56.115402979500445,-1.8437043812249883,1.0339717463762892
2020-10-05,11.150866943557917,52.26607852131185,44.87426897051481,7.391809550797035,0.8585734809118778
2020-10-06,66.59713757184875,52.932639407383334,50.3049861208483,2.627653286535036,0.9503585440494987
2020-10-07,16.45005316926396,51.235774931191735,41.84125288295221,9.394522048239523,0.8166413592519534
2020-10-08,57.91047673642393,51.54622617794672,45.85855884632014,5.687667331626578,0.8896588993172575
2020-10-09,19.288455272207404,50.04586474047047,39.21603295279196,10.829831787678508,0.7836018651166522
2020-10-10,190.66096287656958,56.58610186307973,77.07726543373637,-20.49116357065664,1.3621236115340933
2020-10-11,29.904767686117466,55.34510957577917,65.28414099683164,-9.93903142105247,1.179582830281766
2020-10-12,59.37906846345673,55.53273557055487,63.807872863487916,-8.275137292933046,1.1490136800711068
2020-10-13,91.00335822391087,57.18253197303654,70.60674420359365,-13.42421223055711,1.2347607174102104
2020-10-14,29.707120610486648,55.9046058631505,60.3818383053169,-4.477232442166397,1.0800870048533422
2020-10-15,78.16143724122263,56.93980732259572,64.82673803929333,-7.886930716697613,1.138513477414408
2020-10-16,0,54.2914441913122,48.62005352947,5.671390661842203,0.8955380401605658
2020-10-17,172.5662386929424,59.79259742394617,79.60659982033809,-19.81400239639192,1.3313788537161841
2020-10-18,27.323908813862513,58.282425860686466,66.53592706871919,-8.253501208032723,1.1416121769985965
2020-10-19,58.989897986883086,58.31533154097468,64.64941979826017,-6.334088257285487,1.108617889820729
2020-10-20,86.06942473332924,59.606219596433036,70.00442103202744,-10.398201435594402,1.1744482623595576
2020-10-21,48.231304669024624,59.0771537858559,64.56114194127673,-5.483988155420832,1.0928275619744052
2020-10-22,140.66141534035398,62.87177060234418,83.58621029104604,-20.714439688701866,1.3294712315068802
2020-10-23,85.97975974136536,63.946560794856794,84.18459765362587,-20.238036858769078,1.316483585761196
2020-10-24,297.34596006065465,74.80234680721948,137.47493825538305,-62.67259144816357,1.8378425827714397
2020-10-25,0,71.32316788595345,103.10620369153729,-31.783035805583836,1.445620080349763
2020-10-26,53.596105590896585,70.49865336060198,90.7286791663771,-20.230025805775128,1.2869562018583702
2020-10-27,77.0424627634815,70.80301658864289,87.3071250656532,-16.504108477010305,1.233098945086819
2020-10-28,79.49076811622986,71.20709805504228,85.35303582829737,-14.145937773255085,1.198659096613118
2020-10-29,77.947618225967,71.52061062113181,83.50168142771477,-11.981070806582963,1.1675191347132523
2020-10-30,32.01840164931596,69.68329857593108,70.63086148311507,-0.9475629071839933,1.0135981350701686
2020-10-31,220.31020098521674,76.68920101357227,108.0506963586405,-31.36149534506822,1.4089427837187793
2020-11-01,68.26226963403265,76.29725071684949,98.10358967748853,-21.80633896063904,1.285807663506511
2020-11-02,0,72.74854138118208,73.5776922581164,-0.829150876934321,1.0113974914160602
2020-11-03,63.53779087472441,72.32013438088173,71.0677169122684,1.2524174686133307,0.9826823127429489
2020-11-04,40.80992895347804,70.85454343076992,63.50326992257081,7.351273508199114,0.8962483822046204
2020-11-05,58.160455639054845,70.26412074278318,62.16756635169182,8.09655439109136,0.884769718792678
2020-11-06,33.76938986077976,68.56669139943419,55.068022228963805,13.498669170470386,0.8031308074552229
2020-11-07,273.2604348369475,78.08733062908598,109.61612538095974,-31.52879475187376,1.4037632545057974
2020-11-08,0,74.45536176261687,82.21209403571982,-7.756732273102941,1.1041796331166753
2020-11-09,43.807681125482574,73.02988824461063,72.61099080816051,0.41889743645012345,0.9942640274069527
2020-11-10,71.78370195973494,72.97192609182571,72.40416859605412,0.5677574957715876,0.9922195078686924
2020-11-11,11.394295094746454,70.10785023149644,57.15170022072721,12.956150010769235,0.8151968721219782
2020-11-12,59.288842913274685,69.60464058878846,57.68598589386408,11.918654694924378,0.8287663782912638
2020-11-13,0,66.36721544512388,43.26448942039806,23.10272602472582,0.6518955048749885
2020-11-14,119.60656370723764,68.84346420150126,62.35000799210795,6.493456209393315,0.9056779567150632
2020-11-15,20.398263416270463,66.59019904869983,51.862071848148574,14.728127200551256,0.7788244004112547
2020-11-16,40.94590037218438,65.39744097072237,49.13302897915753,16.26441199156484,0.7512989537373868
2020-11-17,76.4328686981243,65.91071667897363,55.957988908899225,9.952727770074404,0.8489968206627246
2020-11-18,60.03473378919419,65.63741514921645,56.97717512897297,8.660240020243478,0.8680593987221491
2020-11-19,76.81537104237961,66.15732007447986,61.93672410732463,4.2205959671552264,0.936203643627948
2020-11-20,65.91938710860653,66.14625342490436,62.932389857645106,3.213863567259253,0.9514127648686957
2020-11-21,143.52183594847537,69.74511772832626,83.07975138035268,-13.334633652026412,1.191190926120116
2020-11-22,0,66.50115876421806,62.30981353526451,4.191345228953551,0.9369733504230945
2020-11-23,40.877355403131304,65.30935395672566,56.95169900223121,8.35765495449445,0.872029740779486
2020-11-24,87.10716928568549,66.32320583249124,64.49056657309478,1.8326392593964584,0.9723680537247035
2020-11-25,62.43176907009548,66.14220877377517,63.975867197344954,2.166341576430213,0.9672472144858821
2020-11-26,64.17164206075469,66.05055450805328,64.0248109131974,2.025743594855882,0.9693304074293846
2020-11-27,64.9756103515625,66.0005571054258,64.26251077278867,1.7380463326371256,0.9736661869257477
2020-11-28,207.99954658498746,72.60516126726587,100.19676972583837,-27.591608458572495,1.3800226867567358
2020-11-29,0,69.22817702227677,75.14757729437878,-5.91940027210201,1.0855056499481666
2020-11-30,71.38372124565971,69.32843489313179,74.20661328219902,-4.87817838906723,1.0703633133434567
2020-12-01,85.04291594200033,70.059340988428,76.91568894714935,-6.856347958721344,1.0978648651399099
2020-12-02,68.2791212632921,69.97654007097984,74.75654702618503,-4.780006955205195,1.0683087067364054
2020-12-03,28.099070679168726,68.0287507969421,63.092177939430954,4.936572857511152,0.9274340216363272
2020-12-04,64.960915951199,67.88606080411685,63.55936244237297,4.32669836174388,0.9362652905260669
2020-12-05,262.8114345945518,76.95235725948592,113.37238048041769,-36.42002322093177,1.4732801504266977
2020-12-06,0,73.37317785206797,85.02928536031327,-11.656107508245299,1.1588606061275826
2020-12-07,70.6693891567654,73.24742023833296,81.4393113094263,-8.191891071093337,1.111838629173924
2020-12-08,166.30825923360396,77.5758313543921,102.65654829047071,-25.080716936078616,1.3233058092562138
2020-12-09,64.05976065741645,76.94717690336998,93.00735138220715,-16.06017447883717,1.2087168772649939
2020-12-10,76.9008538780396,76.94502234405229,88.98072700616525,-12.035704662112963,1.1564195355891904
2020-12-11,63.236910985310864,76.30743576922711,82.54477300095166,-6.237337231724553,1.0817395731853194
2020-12-12,119.84110658214031,78.33225766750215,91.86885639624883,-13.536598728746682,1.1728100163413242
2020-12-13,61.408654049719935,77.5451133131867,84.25380580961661,-6.708692496429904,1.08651341404646
2020-12-14,44.7311609395345,76.01888297022614,74.37314459209608,1.645738378130062,0.9783509265750064
2020-12-15,66.66151678635572,75.58365663609263,72.44523764066099,3.1384189954316355,0.9584775448017758
2020-12-16,61.090002254909926,74.90953317650273,69.60642879422322,5.303104382279514,0.9292065487751274
2020-12-17,0,71.4253688427119,52.20482159566741,19.220547247044493,0.730900273121423
2020-12-18,0,68.10325866398112,39.15361619675056,28.94964246723056,0.5749154587353609
2020-12-19,37.58611533270941,66.68385664857314,38.76174098074027,27.92211566783287,0.5812762327835217
2020-12-20,0,63.582281920732534,29.071305735555203,34.51097618517733,0.45722337822572834
2020-12-21,0,60.62496648255893,21.803479301666403,38.82148718089253,0.3596452182382543
2020-12-22,45.90311653984917,59.940229275921276,27.828388611212098,32.11184066470918,0.4642689717225829
2020-12-23,45.24313266330295,59.25664338696228,32.182074624234815,27.074568762727466,0.5430964830986775
2020-12-24,0,56.50052043873148,24.13655596817611,32.363964470555366,0.42719174585165687
2020-12-25,0,53.87258925553466,18.102416976132083,35.77017227940258,0.33602277570009853
2020-12-26,0,51.36688742969584,13.576812732099063,37.79007469759678,0.2643105979589845
2020-12-27,0,48.977729874826274,10.182609549074296,38.79512032575198,0.20790284839436962
2020-12-28,44.838789215087886,48.785221006931465,18.846654465577693,29.938566541353772,0.3863189317624208
2020-12-29,31.99930333455403,48.0044806500767,22.13481668282178,25.869663967254922,0.46109897206700257
2020-12-30,32.51384498596191,47.28398596802485,24.72957375860681,22.55441220941804,0.5230010383390024
2020-12-31,0,45.08473080672137,18.547180318955107,26.53755048776626,0.411384963083303
2021-01-01,0,42.98776658315293,13.91038523921633,29.0773813439366,0.3235893916932236
2021-01-02,0,40.988335579285355,10.432788929412247,30.555546649873108,0.25453068005108825
2021-01-03,0,39.08190136629534,7.824591697059185,31.257309669236157,0.20021010808872747
2021-01-04,37.82804260291396,39.02358235404504,15.32545442352288,23.698127930522162,0.39272289981192815
2021-01-05,55.68178023481132,39.79838225547603,25.414535876344992,14.383846379131036,0.6385821341320856
2021-01-06,63.7841203983697,40.91399798305248,35.00693200685117,5.907065976201309,0.8556223720912395
2021-01-07,49.17550534606862,41.29825413947184,38.54907534165554,2.749178797816299,0.9334311133476674
2021-01-08,40.72339263817254,41.27151639522536,39.09265466578479,2.1788617294405697,0.9472066470850622
2021-01-09,101.10934864520893,44.05467138359669,54.596828160640825,-10.542156777044134,1.23929713795868
2021-01-10,23.043488087634454,43.07740704424961,46.70849314238923,-3.631086098139619,1.0842921230919362
2021-01-11,0,41.07380671661009,35.031369856791926,6.042436859818167,0.8528883163335451
2021-01-12,45.1312487982946,41.26252495296751,37.556339592167596,3.706185360799914,0.9101803545484787
2021-01-13,107.23222942920691,44.330883300699575,54.97531205142742,-10.644428750727847,1.2401131661935498
2021-01-14,34.12253950460271,43.85607661250902,49.76211891472125,-5.906042302212228,1.1346687336685515
2021-01-15,54.133210584852435,44.334082843780806,50.85489183225405,-6.520808988473242,1.14708343037801
2021-01-16,127.4168757991841,48.19839879519491,69.99538782398656,-21.79698902879165,1.452234712608595
2021-01-17,81.88852307486532,49.76538131983075,72.96867163670625,-23.203290316875496,1.4662536425931711
2021-01-18,46.04658967124091,49.59241426640797,66.23815114533991,-16.64573687893194,1.3356508676544003
2021-01-19,43.15440231135143,49.29297184989372,60.467213936842796,-11.174242086949079,1.2266903711902386
2021-01-20,45.45309746636284,49.1143730413574,56.713684819222806,-7.5993117778654025,1.1547268407623077
2021-01-21,34.50095777376869,48.434679307981185,51.16050305785927,-2.7258237498780886,1.0562783482365836
2021-01-22,53.5067019144694,48.67058733618994,51.747052772011806,-3.0764654358218664,1.0632099508787127
2021-01-23,134.10188482892943,52.64413605678247,72.33576078624121,-19.691624729458738,1.3740516266967533
2021-01-24,0,50.19557158902515,54.251820589680904,-4.056249000655754,1.0808089014860789
2021-01-25,55.95220487806532,50.46332197456191,54.67691666177701,-4.2135946872150996,1.0834981630471263
2021-01-26,44.32053392737918,50.17761090259992,52.087820978177554,-1.9102100755776306,1.0380689722005196
2021-01-27,46.0355327351888,49.98495610411568,50.57474891743037,-0.5897928133146877,1.0117994064268936
2021-01-28,58.771376310302756,50.393626811380194,52.62390576564846,-2.2302789542682646,1.044257162945858
2021-01-29,56.91343131171331,50.696873532325924,53.69628715216467,-2.999413619838748,1.0591636803178222
2021-01-30,82.93134144657932,52.19615110973306,61.005050725768335,-8.808899616035276,1.168765309847222
2021-01-31,0,49.76842315114082,45.75378804432625,4.014635106814573,0.9193336888423824
2021-02-01,130.70705248289832,53.53301056192024,66.99210415396927,-13.459093592049022,1.2514167137159198
2021-02-02,63.90643080652117,54.01549522445982,66.22068581710724,-12.20519059264742,1.225957209884
2021-02-03,108.22312398244546,56.53678028297078,76.7212953584418,-20.184515075471012,1.3570156449144966
2021-02-04,51.8859761273055,56.32046381061426,70.51246555065771,-14.192001740043452,1.2519865920585125
2021-02-05,100.02944715953309,58.35343978033141,77.89171095287655,-19.538271172545137,1.3348263828963838
2021-02-06,215.75213965066723,65.67430954174239,112.35681812732422,-46.68250858558183,1.7108184145308714
2021-02-07,0,62.619690493289255,84.26761359549316,-21.647923102203904,1.3457047285019421
2021-02-08,100.44498584073145,64.37900655596098,88.31195665680272,-23.932950100841737,1.3717508451868767
2021-02-09,57.9168957947225,64.07844326474059,80.71319144128266,-16.634748176542075,1.2595997550464184
2021-02-10,103.50701563432212,65.91233035169788,86.41164748954252,-20.499317137844642,1.3110088359363488
2021-02-11,54.13279450541017,65.36444496349846,78.34193424350943,-12.977489280010971,1.1985404953114718
2021-02-12,46.403064236111106,64.4825202785037,70.35721674165984,-5.874696463156141,1.091105255140337
2021-02-13,203.90707506245445,70.96738329171072,103.7446813218585,-32.777298030147776,1.4618642608528365
2021-02-14,0,67.66657476651487,77.80851099139387,-10.141936224879004,1.1498810344505261
2021-02-15,47.028186272515185,66.70664972028233,70.11342981167421,-3.40678009139188,1.0510710716941458
2021-02-16,30.379019314666834,65.01699249211417,60.17982718742236,4.837165304691808,0.9256015216913623
2021-02-17,52.831969740125864,64.45024724783565,58.34286282559824,6.107384422237409,0.905238774342363
2021-02-18,42.2326388190246,63.41687011161188,54.31530682395483,9.10156328765705,0.8564804085648655
2021-02-19,37.71120882670084,62.221257958825326,50.164282324641334,12.056975634183992,0.8062241743333304
2021-02-20,221.97437656203348,69.65163556827687,93.11680588398937,-23.4651703157125,1.3368933137452828
2021-02-21,0,66.41202461161284,69.83760441299202,-3.425579801379186,1.0515807162989066
2021-02-22,59.60592661539713,66.09546191411442,67.2796849635933,-1.1842230494788737,1.0179168586490817
2021-02-23,48.62254562055059,65.28276813301844,62.61540012783262,2.667368005185814,0.9591413158107818
2021-02-24,47.970911187065965,64.47756548436949,58.95427789264096,5.523287591728533,0.9143378390429177
2021-02-25,49.244798683104975,63.76906470291533,56.52690809025697,7.242156612658363,0.8864315064477698
2021-02-26,55.67093377007377,63.39240745022503,56.31291451021117,7.079492940013857,0.8883226994264114
2021-02-27,188.81515676624645,69.22602369748184,89.43847507422,-20.21245137673816,1.2919776450511546
2021-02-28,0,66.00620864178501,67.078856305665,-1.0726476638799909,1.0162507086065946
2021-03-01,0,62.93615242588803,50.30914222924875,12.627010196639283,0.7993679354277673
2021-03-02,74.74663538647269,63.485477214752436,56.418515518554734,7.066961696197701,0.888683806011555
2021-03-03,0,60.53266432104302,42.31388663891605,18.21877768212697,0.6990256766792836
2021-03-04,67.28158352078188,60.84656753963553,48.55581085938251,12.290756680253018,0.7980041080699448
2021-03-05,56.597518853081596,60.64893736816791,50.56623785780728,10.082699510360627,0.8337530722098626
2021-03-06,169.45334043130657,65.70960727808134,80.2880135011821,-14.578406223100771,1.22186110716175
2021-03-07,0,62.65334647444965,60.216010125886584,2.437336348563065,0.9610980659984679
2021-03-08,62.69926097606189,62.65548203266417,60.83682283843041,1.81865919423376,0.9709736620611009
2021-03-09,42.99841051419532,61.741199636456315,56.377219757371634,5.363979879084681,0.9131215474985599
2021-03-10,59.42735151944984,61.63357879380485,57.13975269789119,4.493826095913661,0.9270880227177
2021-03-11,50.68295579454094,61.12424749151351,55.52555347205362,5.598694019459884,0.9084046961699511
2021-03-12,14.822694691125896,58.970686896146645,45.34983877682169,13.620848119324954,0.7690234108332218
2021-03-13,136.79019138804455,62.59019873297911,68.20992692962741,-5.619728196648303,1.0897860736875637
2021-03-14,17.090675093025435,60.4739418194929,55.43011397047692,5.043827849015983,0.9165950209598084
2021-03-15,29.347891329629526,59.02621854089461,48.90955831026507,10.116660230629542,0.8286073463362876
2021-03-16,42.47765903452777,58.25651809873801,47.30158349133074,10.954934607407274,0.8119534952354707
2021-03-17,72.24423389186956,58.90710953097669,53.53724609146544,5.369863439511249,0.9088418446741762
2021-03-18,34.64836623333166,57.77879588922576,48.815026126932,8.963769762293765,0.8448605647593613
2021-03-19,69.63718289595866,58.33034877325985,54.02056531918866,4.309783454071187,0.9261142176305139
2021-03-20,152.91555052123186,62.72966048246785,78.74431161969946,-16.01465113723161,1.255296314579165
2021-03-21,28.01532892271423,61.11504040992117,66.06206594545316,-4.947025535531985,1.080946122284621
2021-03-22,83.3922585006172,62.151190088558195,70.39461408424417,-8.243423995685973,1.1326350144350803
2021-03-23,75.22652621048313,62.75934525701982,71.60259211580392,-8.843246858784099,1.1409072516838288
2021-03-24,82.80258029372585,63.69158874709917,74.40258916028439,-10.711000413185225,1.168169779129664
2021-03-25,44.03608205708252,62.77737913361002,66.81096238448393,-4.03358325087391,1.064252176587763
2021-03-26,0,59.85750103437235,50.10822178836295,9.7492792460094,0.8371251876811875
2021-03-27,0,57.07343121882015,37.58116634127221,19.49226487754794,0.6584704220169827
2021-03-28,0,54.418853022595954,28.185874755954156,26.232978266641798,0.5179431978055986
2021-03-29,54.496008976444585,54.42244167161217,34.76340831107676,19.65903336053541,0.6387697288593224
2021-03-30,49.53866009984036,54.19528904036697,38.45722125826766,15.738067782099314,0.7096045050873974
2021-03-31,61.70422589356033,54.544541917259686,44.26897241709083,10.275569500168857,0.8116114071217648
2021-04-01,59.015652796590146,54.75250056280994,47.955642511965664,6.796858050844278,0.8758621436125452
2021-04-02,117.29098079304458,57.661267085146434,65.2894770822354,-7.628209997088959,1.1322934854118338
2021-04-03,62.348880097542434,57.8792955973509,64.55432783606216,-6.67503223871126,1.1153267704574734
2021-04-04,106.98699487176759,60.16337463337028,75.16249459498852,-14.999119961618234,1.2493064933902411
2021-04-05,54.153587471799284,59.88384964911117,69.9102678141912,-10.026418165080031,1.1674310890609456
2021-04-06,76.04427495348413,60.63549733768666,71.44376959901443,-10.808272261327772,1.1782499152263386
2021-04-07,63.15852950287908,60.752847670951425,69.37245957498058,-8.619611904029156,1.1418799650276918
2021-04-08,114.15942624030333,63.23687458115384,80.56920124131128,-17.332326660157435,1.2740857573003588
2021-04-09,90.78892329526546,64.5183652190195,83.12413175479982,-18.60576653578032,1.2883793857970707
2021-04-10,79.13316286366201,65.19812324900288,82.12638953201537,-16.92826628301249,1.2596434596299786
2021-04-11,0,62.165652400212046,61.594792149011525,0.5708602512005214,0.9908171115374735
2021-04-12,55.50603084917496,61.855902560628934,60.072601824052384,1.7833007365765496,0.9711700797543162
2021-04-13,47.469009129166416,61.18674472660742,56.92170365033089,4.265041076276532,0.9302946888862328
2021-04-14,60.523661524060756,61.1559036474192,57.82219311876335,3.3337105286558497,0.9454883285051088
2021-04-15,44.418568015737975,60.37742292036426,54.47128684300701,5.906136077357253,0.902179725589656
2021-04-16,89.5066436236898,61.732270394937544,63.2301260381777,-1.4978556432401575,1.0242637381167619
2021-04-17,0,58.86100200447533,47.422594528633276,11.438407475842055,0.8056708671765724
2021-04-18,153.36059071073203,63.25633171174309,73.90709357415795,-10.650761862414868,1.1683746365467673
2021-04-19,68.8297153695243,63.515558858616636,72.63774902299954,-9.122190164382907,1.1436213477007258
2021-04-20,35.74136534655833,62.22373590456741,63.41365310388924,-1.189917199321826,1.0191232040475307
2021-04-21,0,59.32960865319219,47.56023982791693,11.769368825275258,0.8016273983050511
2021-04-22,44.99241375295336,58.66276237876248,46.91828330917604,11.74447906958644,0.7997966922430837
2021-04-23,48.38210612592029,58.18459232049075,47.2842390133621,10.900353307128654,0.8126591100286432
2021-04-24,203.50812507321083,64.94382640201262,86.34021052832429,-21.396384126311673,1.329459862628592
2021-04-25,86.57484910668346,65.94992048129963,86.39887017291409,-20.44894969161446,1.3100678445261018
2021-04-26,69.42824800410605,66.111703156779,82.15621463071207,-16.04451147393307,1.2426879161567206
2021-04-27,44.04129550563267,65.08517256835358,72.62748484944223,-7.542312281088641,1.1158837256220175
2021-04-28,78.09245466511207,65.6901624333191,73.99372730335969,-8.303564870040589,1.1264049982726558
2021-04-29,71.51597578922475,65.96113049638448,73.37428942482596,-7.413158928441476,1.1123867779636587
2021-04-30,72.59613971909698,66.26973557651064,73.17975199839371,-6.910016421883071,1.1042710727704799
2021-05-01,217.1146256188782,73.28577697383007,109.16347040351482,-35.877693429684754,1.4895587508201886
2021-05-02,0,69.8771361843496,81.87260280263612,-11.995466618286528,1.171665114973637
2021-05-03,59.884661085940294,69.41236990070264,76.37561737346216,-6.9632474727595195,1.1003170973937415
2021-05-04,79.36619690950212,69.87533859878634,77.12326225747216,-7.247923658685821,1.1037264906750375
2021-05-05,48.398906013325465,68.87643475760213,69.94217319643549,-1.065738438833364,1.0154731940113997
2021-05-06,27.000429528396285,66.92871358415069,59.206737279425695,7.72197630472499,0.8846238648244653
2021-05-07,81.48188040216003,67.6056050640581,64.77552306010928,2.8300820039488173,0.9581383525489435
2021-05-08,249.43598097558768,76.06283185064088,110.94063753897888,-34.877805688338,1.458539405361169
2021-05-09,0,72.52502571805293,83.20547815423416,-10.680452436181227,1.1472657517772569
2021-05-10,59.51189193716493,71.91976368173256,77.28208159996686,-5.362317918234297,1.0745597265987923
2021-05-11,51.83379985538442,70.98553280608846,70.92001116382124,0.06552164226721402,0.9990769718747441
2021-05-12,95.24998794885636,72.1141121150544,77.00250536008002,-4.888393245025625,1.0677869157725834
2021-05-13,41.42176372408269,70.68656102710223,68.10731995108068,2.579241076021546,0.9635115778797593
2021-05-14,27.13256350199381,68.66079370035301,57.863630838808966,10.797162861544045,0.8427463144468241
2021-05-15,206.74659058808885,75.08338890443375,95.08437077612894,-20.00098187169519,1.2663835791414009
2021-05-16,0,71.5911382577159,71.3132780820967,0.27786017561919607,0.9961187909093571
2021-05-17,110.44989406087242,73.39852224856038,81.09743207679062,-7.698909828230242,1.1048918914341814
2021-05-18,37.61941424420386,71.73437769021822,70.22792761864393,1.5064500715742923,0.9789996077047071
2021-05-19,93.71373532942386,72.75667339436733,76.09937954633891,-3.3427061519715835,1.0459436364387769
2021-05-20,59.661891387164154,72.14761376612532,71.99000750654521,0.1576062595801062,0.9978155027955765
2021-05-21,86.22078866329953,72.8021800404125,75.54770279573378,-2.7455227553212893,1.037712095335051
2021-05-22,231.2413380876153,80.17144320539867,114.47111161870416,-34.29966841330548,1.4278290004584568
2021-05-23,0,76.44253887026386,85.85333371402811,-9.41079484376425,1.1231093967013952
2021-05-24,108.02686573570708,77.91157732912168,91.39671671944785,-13.485139390326168,1.1730826130266603
2021-05-25,0,74.28778303474394,68.54753753958589,5.7402454951580495,0.9227296163435634
2021-05-26,43.19915823194715,72.84180048577666,62.2104427126762,10.631357773100461,0.8540486684423674
2021-05-27,60.83161803757068,72.28318734865081,61.86573654389982,10.417450804750992,0.8558800298144114
2021-05-28,44.52930035061306,70.99230888362581,57.53162749557813,13.460681388047682,0.81039239883121
2021-05-29,229.77079748856048,78.37735486525068,100.5914199938237,-22.214065128573026,1.2834245320664477
2021-05-30,0,74.73189649942508,75.44356499536778,-0.7116684959427033,1.0095229551004188
2021-05-31,54.67953249559638,73.79922840622373,70.25255687042493,3.546671535798808,0.9519416176382184
2021-06-01,62.43556474937723,73.27068591055645,68.298308840163,4.972377070393449,0.9321368838092289
2021-06-02,41.583526306152336,71.79686453360743,61.61961320666033,10.1772513269471,0.8582493623653791
2021-06-03,67.93206793994293,71.61710655250675,63.19772688998098,8.419379662525778,0.8824389860370095
2021-06-04,41.4598610941569,70.21444397304863,57.76326044102496,12.45118353202367,0.8226691998354976
2021-06-05,217.18449714321534,77.050260399568,97.61856961657256,-20.568309217004554,1.266946654158912
2021-06-06,0,73.46652735772763,73.21392721242941,0.25260014529821717,0.9965616974780255
2021-06-07,94.85928543927832,74.46153936152069,78.62526676914163,-4.163727407620939,1.0559178260652062
2021-06-08,36.13439678211214,72.6788815671296,68.00254927238426,4.676332294745336,0.9356576189004543
2021-06-09,0,69.29846847098403,51.00191195428819,18.296556516695844,0.7359745904760828
2021-06-10,0,66.07528389093827,38.251433965716146,27.82384992522212,0.5789068425082187
2021-06-11,0,63.00201487275509,28.68857547428711,34.31343939846798,0.45535965050917737
2021-06-12,132.57526108121863,66.23797981268362,54.66024687601999,11.57773293666363,0.825210053654567
2021-06-13,107.07817556034998,68.13752380094718,67.76472904710249,0.37279475384468697,0.9945287892185768
2021-06-14,0,64.96833664741476,50.82354678532687,14.14478986208789,0.7822817915189302
2021-06-15,48.70776650146112,64.21203105923087,50.29460171436043,13.917429344870435,0.7832582287762259
2021-06-16,0,61.22542496345269,37.720951285770326,23.504473677682363,0.6160994604393683
2021-06-17,50.755958675132426,60.7384730430657,40.97970313311085,19.75876990995485,0.6746910332003263
2021-06-18,34.90174773178252,59.536764889052534,39.460214282778765,20.07655060627377,0.6627873441838931
2021-06-19,122.5487218638871,62.467553585556466,60.23234117805585,2.235212407500619,0.9642180255161833
2021-06-20,43.38824061944934,61.58014368015614,56.02131603840422,5.558827641751918,0.9097301936881815
2021-06-21,69.17051367841292,61.93318414519134,59.3086154484064,2.624568696784941,0.9576225777187601
2021-06-22,75.77883829292801,62.57716805903956,63.42617115953681,-0.8490031004972494,1.0135672981986446
2021-06-23,49.65845071628244,61.97629748495783,59.98424104872321,1.9920564362346198,0.9678577695338131
2021-06-24,50.55463348526852,61.445057298925775,57.626839157859536,3.8182181410662395,0.9378596373760587
2021-06-25,0,58.587147657115274,43.22012936839465,15.367018288720622,0.7377066659842411
2021-06-26,122.62181608141518,61.56550432801295,63.07055104664978,-1.5050467186368337,1.0244462663636067
2021-06-27,94.53755358018303,63.099088014160394,70.9373016800331,-7.838213665872708,1.1242207123974515
2021-06-28,98.79679923957102,64.7594466758074,77.90217606991757,-13.142729394110177,1.2029469068613434
2021-06-29,92.86464318991361,66.06666511832397,81.64279284991659,-15.57612773159262,1.2357637955913219
2021-06-30,0,62.99379697328565,61.23209463743744,1.7617023358482058,0.972033717263188
2021-07-01,97.3636244573093,64.59239360044954,70.2649770924054,-5.672583491955862,1.0878212305609396
2021-07-02,36.12178772007337,63.2681793734553,61.7291797493224,1.5389996241328987,0.9756749816361198
2021-07-03,178.05754885048688,68.60721981424746,90.81127202461352,-22.204052210366058,1.3236401689087445
2021-07-04,51.12708600291778,67.79419033465072,80.89022551918958,-13.096035184538863,1.1931734138087653
2021-07-05,62.48579903994719,67.54728841396684,76.28911889937899,-8.741830485412152,1.1294179335624548
2021-07-06,0,64.40555406913117,57.21683917453424,7.188714894596927,0.888383618472265
2021-07-07,36.84088371757932,63.123476378361325,52.12285031029551,11.000626068065813,0.8257284500151113
2021-07-08,56.80079014747342,62.829397949017704,53.292335269589984,9.53706267942772,0.848207001951305
2021-07-09,52.94198910183376,62.36951846775334,53.20474872765093,9.164769740102408,0.8530569103929528
2021-07-10,186.283469033527,68.13295802895212,86.47442880411995,-18.341470775167835,1.2692011517554351
2021-07-11,149.2639646950732,71.90649322272519,102.17181277685827,-30.265319554133086,1.4208982832602828
2021-07-12,0,68.56200516585425,76.62885958264371,-8.066854416789468,1.1176577959783667
2021-07-13,62.05140535114927,68.25918656982147,72.9844960247701,-4.725309454948629,1.0692259854143726
2021-07-14,102.59949995279939,69.85641044809951,80.38824700677742,-10.53183655867791,1.1507640671767965
2021-07-15,0,66.60727507842047,60.291185255083064,6.316089823337407,0.9051741747908724
2021-07-16,196.69100309278693,72.65768103257705,94.39113971450902,-21.733458681931978,1.2991212817663196
2021-07-17,214.6314199447155,79.2611107494207,124.45120977206065,-45.190099022639956,1.5701421364625539
2021-07-18,0,75.57454745874996,93.33840732904548,-17.76385987029552,1.2350508268508829
2021-07-19,74.15892172972475,75.508704401586,88.5435359292153,-13.034831527629294,1.1726268730176077
2021-07-20,53.88666314806855,74.5030280642131,79.87931773392862,-5.3762896697155185,1.0721620289582003
2021-07-21,63.17832416578708,73.97629765033281,75.70406934189323,-1.7277716915604202,1.0233557469813346
2021-07-22,52.15644455722182,72.96142076228114,69.81716314572537,3.1442576165557625,0.9569052029872456
2021-07-23,0,69.56786630822155,52.36287235929403,17.204993948927523,0.7526876291784886
2021-07-24,239.65430562404123,77.47886348570154,99.18573067548083,-21.706867189779288,1.2801650180697997
2021-07-25,0,73.87519541659914,74.38929800661062,-0.5141025900114755,1.0069590690908548
2021-07-26,0,70.43913981582709,55.791973504957966,14.647166310869125,0.7920592677599665
2021-07-27,46.99019508046251,69.34849122348456,53.5915288988341,15.756962324650459,0.7727857946520512
2021-07-28,76.98777300698688,69.70380665527537,59.440589925872295,10.263216729403076,0.8527595948810481
2021-07-29,36.2067495239636,68.14580399800506,53.63212982539512,14.513674172609946,0.7870202811926345
2021-07-30,0,64.97623171902809,40.22409736904634,24.752134349981752,0.6190586358157144
2021-07-31,255.16344693485212,73.8221487058106,93.95893476049778,-20.136786054687178,1.2727743151132285
2021-08-01,105.67287422180173,75.30357779957764,96.88741962582378,-21.583841826246143,1.286624386990024
2021-08-02,43.776676584879546,73.8372103012196,83.60973386558773,-9.772523564368129,1.1323522858375699
2021-08-03,0,70.40292145000008,62.7073003991908,7.6956210508092795,0.890691737030183
2021-08-04,112.29320671848555,72.35130681132499,75.1037769790145,-2.752470167689509,1.0380431299441384
2021-08-05,0,68.98612975033313,56.32783273426087,12.658297016072261,0.8165095351384364
2021-08-06,0,65.77747255264322,42.24587455069565,23.531598001947565,0.6422544514194135
2021-08-07,189.67701375700244,71.54024191098551,79.10365935227236,-7.563417441286845,1.1057225589143513
2021-08-08,0,68.21278879884666,59.32774451420427,8.88504428464239,0.8697451835356955
2021-08-09,60.63001097901349,67.86010145838931,59.65331113040658,8.20679032798273,0.8790630996345612
2021-08-10,53.59005146503218,67.19637820288432,58.137496214062985,9.058881988821334,0.8651879426844216
2021-08-11,83.284293711732,67.94465334283073,64.42419558848025,3.5204577543504882,0.9481863902147623
2021-08-12,0,64.78443690828047,48.318146691360184,16.466290216920285,0.7458295386440031
2021-08-13,0,61.771207284639516,36.238610018520134,25.53259726611938,0.5866586005183169
2021-08-14,266.57625232022315,71.29702333280619,93.82302059394588,-22.525997261139693,1.3159458306509517
2021-08-15,0,67.98088271267567,70.36726544545941,-2.386382732783744,1.0351037326454673
2021-08-16,56.93267379799216,67.46701253059737,67.0086175335926,0.45839499700477404,0.993205642568061
2021-08-17,60.24533924616552,67.13112074992613,65.31779796173583,1.8133227881902911,0.9729883432764634
2021-08-18,0,64.00874304062724,48.988348471301876,15.020394569325362,0.765338391966906
2021-08-19,58.92826492591745,63.77244173296632,51.47332758495577,12.299114148010553,0.807140610981815
2021-08-20,76.746312731085,64.37587759334394,57.791573871488076,6.584303721855868,0.8977209481423153
2021-08-21,99.02258047264527,65.9873521458696,68.09932552177737,-2.1119733759077803,1.0320057299799985
2021-08-22,0,62.918172976294265,51.074494141333034,11.843678834961231,0.8117606046787891
2021-08-23,0,59.99174632623407,38.30587060599977,21.6858757202343,0.6385190122163572
2021-08-24,33.32431378834285,58.75140062679728,37.06048140158554,21.690919225211736,0.6308016660976585
2021-08-25,0,56.01877734182997,27.795361051189154,28.223416290640813,0.496179359308112
2021-08-26,32.135681912031934,54.90793569393239,28.88044126639985,26.027494427532538,0.525979367114785
2021-08-27,0,52.354078219796,21.660330949799885,30.693747269996116,0.4137276729130913
2021-08-28,232.08635580516295,60.71371903772005,74.26683716364064,-13.553118125920598,1.2232299114517615
2021-08-29,0,57.88982512898888,55.700127872730484,2.1896972562583983,0.9621747474216491
2021-08-30,63.72130755604807,58.161056869782335,57.705422793559876,0.4556340762224593,0.9921659938498926
2021-08-31,55.259358609842465,58.02609416001769,57.09390674763053,0.9321874123871652,0.9839350308362921
2021-09-01,77.22392471251685,58.919016511296725,62.126411238852114,-3.207394727555389,1.0544373432622725
2021-09-02,53.51084243353406,58.66747353093567,59.9725190375226,-1.3050455065869286,1.0222447879040937
2021-09-03,76.02856969996691,59.4749663760069,63.98653170313368,-4.511565327126782,1.0758565426927413
2021-09-04,378.2239999678626,74.30050282213972,142.5458987693159,-68.24539594717618,1.918505169589811
2021-09-05,0,70.84466548157508,106.90942407698692,-36.064758595411845,1.509068090712946
2021-09-06,54.095612347677324,70.06563975441705,93.70597114465953,-23.64033139024248,1.3374026337555098
2021-09-07,68.72333903190808,70.00320716267245,87.46031311647167,-17.457105953799214,1.2493758023397878
2021-09-08,26.707624718136152,67.98945914199635,72.2721410168878,-4.282681874891452,1.0629903800953036
2021-09-09,68.32789121881923,68.00520016882533,71.28607856737065,-3.280878398545326,1.0482445223211192
2021-09-10,0,64.84216760283346,53.46455892552799,11.377608677305467,0.8245338010934596
2021-09-11,0,61.826252830608645,40.09841919414599,21.727833636462655,0.6485662215913187
2021-09-12,0,58.95061316406871,30.073814395609492,28.87679876845922,0.5101526986903299
2021-09-13,0,56.20872417969343,22.55536079670712,33.653363382986306,0.4012786471402323
2021-09-14,41.526223789320234,55.525817184792345,27.2980765448604,28.227740639931945,0.4916285419720989
2021-09-15,53.02950982548392,55.40970986575475,33.73093486501628,21.67877500073847,0.6087549446862289
2021-09-16,94.9960295472222,57.2509340369858,49.04720853556776,8.203725501418035,0.8567058225290283
2021-09-17,0,54.58809989573064,36.78540640167582,17.80269349405482,0.673872262842381
2021-09-18,278.69051771990337,65.01146816662241,97.2616842312327,-32.2502160646103,1.4960696469807129
2021-09-19,0,61.9876789495702,72.94626317342453,-10.958584223854324,1.176786490611995
2021-09-20,53.789375796925384,61.6063625238658,68.15704132929974,-6.550678805433947,1.1063312056736014
2021-09-21,0,58.74095031345344,51.11778099697481,7.623169316478631,0.8702239361693997
2021-09-22,102.11142771103859,60.758181820317866,63.86619267549075,-3.1080108551728856,1.0511537830956357
2021-09-23,48.4399119567871,60.1852390359676,60.00962249581484,0.17561654015275963,0.9970820662347974
2021-09-24,40.343939225938584,59.26238788201277,55.09320167834578,4.169186203666989,0.9296486970302784
2021-09-25,135.67862679211487,62.81663155225008,75.23955795678805,-12.422926404537968,1.1977649246124726
2021-09-26,0,59.89492775912217,56.429668467591036,3.465259291531133,0.9421443614322499
2021-09-27,59.63424726698133,59.882803085069106,57.23081316743861,2.6519899176304946,0.9557136643249848
2021-09-28,0,57.09755642994961,42.92310987557896,14.174446554370654,0.7517503823037964
2021-09-29,0,54.441856130882194,32.192332406684216,22.249523724197978,0.5913158494945541
2021-09-30,0,51.90967677595744,24.14424930501316,27.76542747094428,0.46512039380932396
2021-10-01,0,49.49527320498268,18.10818697875987,31.38708622622281,0.365856895130161
2021-10-02,36.657423373373476,48.89816391048923,22.74549607741327,26.15266783307596,0.4651605348328618
2021-10-03,0,46.6238307053502,17.059122058059955,29.564708647290246,0.3658884694718251
2021-10-04,28.04068551220845,45.759498370785465,19.80451292159708,25.954985449188385,0.43279567360397925
2021-10-05,52.849469901279136,46.08926448848285,28.065752166517594,18.023512321965253,0.6089433727657326
2021-10-06,116.68417634114803,49.372748760699835,50.220358210175206,-0.847609449475371,1.0171675563895866
2021-10-07,33.578114427967456,48.638114605689026,46.05979726462326,2.5783173410657625,0.9469897761680266
2021-10-08,107.57224755958946,51.37923706866114,61.43790983836482,-10.058672769703676,1.1957731049035607
2021-10-09,68.25743033521822,52.16426931361728,63.14278996257816,-10.978520648960881,1.2104605468878775
2021-10-10,0,49.73802422926299,47.357092471933626,2.380931757329364,0.9521305521243305
2021-10-11,292.98120175736074,61.051660393360564,108.7631197932904,-47.711459399929836,1.7814932319733767
2021-10-12,50.34753871216806,60.55379426865394,94.15922452300981,-33.60543025435587,1.554968200732501
2021-10-13,98.10015292841709,62.30013653189874,95.14445662436162,-32.84432009246289,1.5271949937721059
2021-10-14,0,59.40245576297322,71.35834246827122,-11.955886705298,1.2012692329051669
2021-10-15,130.48147568676467,62.7084566896612,86.13912577289457,-23.430669083233376,1.373644486226413
2021-10-16,247.0139918090966,71.28080716033261,126.3578422819451,-55.07703512161248,1.7726769282501877
2021-10-17,0,67.96542078078227,94.76838171145883,-26.802960930676562,1.3943617301470594
2021-10-18,93.7562199647509,69.16499283585057,94.51534127478186,-25.35034843893129,1.366519931516928
2021-10-19,60.64579651190704,68.76875114636482,86.04795508406315,-17.279203937698327,1.2512653443374397
2021-10-20,142.68847695135878,72.20687792799245,100.20808555088706,-28.00120762289461,1.3877914185603029
2021-10-21,64.6971796162705,71.85758963442399,91.33035906723292,-19.47276943280893,1.2709911302425505
2021-10-22,36.19576488071017,70.19890011099544,77.54671052060223,-7.347810409606794,1.1046713039219145
2021-10-23,231.77858068741085,77.71423409129383,116.10467806230439,-38.390443971010555,1.4939950115755867
2021-10-24,157.52978676177634,81.42658537829303,126.46095523717237,-45.034369858879344,1.5530671542728314
2021-10-25,44.12309499104817,79.69153931377001,105.87649017564132,-26.184950861871314,1.328578806307713
2021-10-26,26.57549995236803,77.22102585510015,86.051242619823,-8.830216764722849,1.1143499023203574
2021-10-27,95.38515389069411,78.0658690195464,88.38472043754078,-10.31885141799438,1.1321813430947465
2021-10-28,0,74.43489836747447,66.28854032815559,8.146358039318883,0.8905572759703112
2021-10-29,132.65216832695572,77.14267836558989,82.87944732785562,-5.736768962265728,1.074365695912242
2021-10-30,207.57181132877184,83.209149666203,114.05253832808467,-30.84338866188166,1.370673042378639
2021-10-31,0,79.33895665847264,85.5394037460635,-6.2004470875908595,1.0781513565045169
2021-11-01,291.14058801722757,89.19019532632171,136.93969981385453,-47.74950448753282,1.5353671926751085
2021-11-02,63.91731993260892,88.01471274986996,118.68410484354312,-30.669392093673167,1.3484575604931464
2021-11-03,69.66185526099179,87.16109147131749,106.42854244790529,-19.267450976587796,1.2210556413432152
2021-11-04,55.28292313818384,85.67838596745081,93.64213762047493,-7.963751653024119,1.0929493659574376
2021-11-05,131.78059600196968,87.82267480626564,103.17675221584861,-15.35407740958297,1.1748304460354777
2021-11-06,284.22990507892604,96.95789481894752,148.44004043161794,-51.48214561267042,1.5309742513208815
2021-11-07,0,92.44822529248485,111.33003032371346,-18.88180503122861,1.2042419415871608
2021-11-08,112.46183065741067,93.37909065829535,111.61298040713777,-18.233889748842415,1.1952673732320966
2021-11-09,46.28673276227616,91.18874843057353,95.28141849592237,-4.092670065348841,1.0448813053665267
2021-11-10,39.63448240492079,88.79087559217108,81.36968447317197,7.421191118999104,0.9164194398307085
2021-11-11,0,84.66106742509335,61.02726335487898,23.633804070214367,0.7208421203542468
2021-11-12,0,80.72334335880994,45.77044751615924,34.952895842650705,0.5670038629612454
2021-11-13,0,76.96876924909786,34.32783563711943,42.64093361197843,0.44599694098753934
2021-11-14,324.83566460182243,88.49746205620133,106.95479287829518,-18.45733082209385,1.2085633914469067
2021-11-15,46.11450717502169,86.52616182916972,91.74472145247681,-5.218559623307087,1.0603119277675794
2021-11-16,0,82.50168918595253,68.8085410893576,13.693148096594925,0.8340258456215891
2021-11-17,93.60947149735469,83.01833022369217,75.00877369135688,8.009556532335296,0.903520625967095
2021-11-18,41.580733913385856,81.09100016274769,66.65176374686412,14.43923641588357,0.8219378674855864
2021-11-19,129.5349086912735,83.3442052105861,82.37254998296646,0.9716552276196353,0.9883416582334321
2021-11-20,140.29615754382633,85.99313322608565,96.85345187318143,-10.86031864709578,1.1262928589590575
2021-11-21,0,81.99345261091888,72.64008890488607,9.353363706032809,0.8859254805221707
2021-11-22,47.23223971221921,80.37665201097936,66.28812660671936,14.088525404259997,0.8247186831922255
2021-11-23,41.86378646775782,78.58535593920162,60.18204157197898,18.40331436722264,0.765817509534138
2021-11-24,58.061380208076706,77.63075241682373,59.65187623100341,17.97887618582031,0.7684052308284413
2021-11-25,46.539513368417005,76.18464827503738,56.37378551535681,19.810862759680568,0.7399625356423447
2021-11-26,0,72.64117626224494,42.280339136517604,30.360837125727336,0.5820437018158618
2021-11-27,120.39334845170701,74.86220752687109,61.80859146531496,13.053616061556127,0.8256314301485661
2021-11-28,197.4202349014374,80.56258089312999,95.71150232434556,-15.14892143121557,1.1880391772716825
2021-11-29,99.71823256275871,81.45354143590343,96.71318488394884,-15.25964344804541,1.1873416818698548
2021-11-30,28.718351468027464,79.00074190251385,79.7144765299685,-0.7137346274546417,1.0090345306798048
2021-12-01,98.36247474184076,79.90128761597092,84.37647608293656,-4.475188466965648,1.0560089655553326
2021-12-02,0,76.18494865708855,63.28235706220242,12.902591594886132,0.8306411985155776
2021-12-03,50.13557912190755,74.97335007405688,59.9956625771287,14.977687496928183,0.8002265140488746
2021-12-04,0,71.48621751247285,44.99674693284652,26.489470579626328,0.6294464653185221
2021-12-05,177.63461966674907,76.42335249639267,78.15621511632216,-1.7328626199294916,1.0226745171770448
2021-12-06,0,72.86877796167673,58.61716133724162,14.251616624435108,0.804420809242406
2021-12-07,28.707760546259316,70.81477715165731,51.13981113949605,19.674966012161264,0.722162989078573
2021-12-08,52.77462789969927,69.97570044226391,51.54851532954686,18.427185112717055,0.7366630845137768
2021-12-09,0,66.72101670076327,38.661386497160144,28.059630203603128,0.5794484018427497
2021-12-10,46.928721008300776,65.8004448080906,40.7282201249453,25.0722246831453,0.6189657264948842
2021-12-11,212.1418082681932,72.60701985274653,83.58161716075728,-10.974597308010743,1.1511506370749969
2021-12-12,116.43976211039897,74.64575205077688,91.7961533981677,-17.150401347390826,1.2297572316572645
2021-12-13,106.36126927326612,76.1208923867066,95.43743236694232,-19.316539980235717,1.2537613442686768
2021-12-14,61.65214622570608,75.44792744898565,86.99111083163326,-11.543183382647612,1.1529953674247655
2021-12-15,97.2986878649101,76.46424188693562,89.56800508995248,-13.103763203016854,1.1713711256200179
2021-12-16,0,72.9077655201014,67.17600381746436,5.731761702637044,0.9213833853956459
2021-12-17,49.63155481974283,71.82515106892194,62.78989156803398,9.03525950088796,0.874204796407708
2021-12-18,221.71291870012786,78.79667514479199,102.52064835105745,-23.723973206265455,1.3010783533870007
2021-12-19,0,75.1317135101505,76.89048626329308,-1.7587727531425799,1.023409192602556
2021-12-20,102.50383830576236,76.40483559366734,83.2938242739104,-6.8889886802430595,1.0901643021102694
2021-12-21,42.62926824114223,74.83387897261966,73.12768526571836,1.7061937069013027,0.9772002503237501
2021-12-22,112.7538390800959,76.597598047386,83.03422371931273,-6.436625671926734,1.0840316907438896
2021-12-23,12.682230926355134,73.6247902743148,65.44622552107333,8.178564753241474,0.8889156122053686
2021-12-24,24.338437237209742,71.33240176096108,55.169278450107434,16.163123310853642,0.7734112000631831
2021-12-25,141.12745930813372,74.5786835073412,76.658823664614,-2.080140157272808,1.0278918862390505
2021-12-26,64.87252476975692,74.12723426373262,73.71224894089974,0.4149853228328766,0.9944017158072992
2021-12-27,103.39023547082357,75.48830408731826,81.1317455733807,-5.643441486062443,1.0747591504832303
2021-12-28,37.45492356323744,73.71930964433776,70.21254007084488,3.5067695734928748,0.9524307865691651
2021-12-29,91.92874898705296,74.56626031144079,75.6415922998969,-1.0753319884561137,1.0144211602264932
2021-12-30,47.81052242008265,73.32180738626134,68.68382482994333,4.637982556318008,0.9367448413700206
2021-12-31,39.15368054707844,71.73259218443889,61.30128875922711,10.431303425211773,0.8545806988370728
2022-01-01,62.97552876312622,71.325286909029,61.71984876020189,9.605438148827112,0.8653291340847519
2022-01-02,153.95475837559007,75.16851814003185,84.77857616404893,-9.610058024017079,1.1278468468007656
2022-01-03,0,71.67230799398386,63.583932123036696,8.088375870947168,0.8871478246170996
2022-01-04,0,68.33871227333346,47.68794909227752,20.650763181055936,0.6978174961922436
2022-01-05,69.94701748710773,68.41351716699738,53.252716190985076,15.160800976012304,0.7783946564275713
2022-01-06,58.47399162905324,67.95121365360464,54.55803505050212,13.39317860310252,0.8029000825183209
2022-01-07,99.07737278605407,69.39894198534648,65.6878694843901,3.7110725009563765,0.946525517598143
2022-01-08,0,66.17108421858619,49.26590211329258,16.905182105293605,0.7445231205492354
2022-01-09,163.8834321216151,70.71584458616893,77.92028461537322,-7.204440029204292,1.101878724213265
2022-01-10,0,67.42673553564944,58.440213461529915,8.986522074119527,0.8667216794110557
2022-01-11,0,64.2906083014332,43.83016009614744,20.460448205285758,0.6817505892923493
2022-01-12,0,61.300347450203745,32.87262007211058,28.427727378093167,0.536255036699063
2022-01-13,0,58.44916849903148,24.654465054082934,33.794703444948546,0.42181036423246393
2022-01-14,0,55.73060252233234,18.4908487905622,37.239753731770136,0.3317898596703807
2022-01-15,223.46943576286188,63.53240871956627,69.73549553363712,-6.203086814070851,1.0976365753792494
2022-01-16,0,60.57741296516784,52.301621650227844,8.275791314939994,0.8633848672183809
2022-01-17,101.9494325133424,62.5016929441527,64.71357436600648,-2.211881421853782,1.03538914414358
2022-01-18,30.099549423406568,60.9946165013273,56.060068130356505,4.934548370970795,0.9190986245190589
2022-01-19,128.1802887655311,64.11953149036003,74.09012328915014,-9.97059179879011,1.1555000725345852
2022-01-20,0,61.13722770011073,55.56759246686261,5.569635233248121,0.9088994472978543
2022-01-21,0,58.293635714059064,41.675694350146955,16.61794136391211,0.7149270042764003
2022-01-22,0,55.5823038203819,31.256770762610216,24.325533057771686,0.5623511192169419
2022-01-23,0,52.997080386875766,23.442578071957662,29.554502314918103,0.4423371608470844
2022-01-24,112.85971691481276,55.78138906259377,45.79686278267144,9.984526279922328,0.8210061375571083
2022-01-25,55.20146093897663,55.7544156614953,48.148012321747736,7.606403339747565,0.8635730775694559
2022-01-26,69.37347387273462,56.387860229459925,53.45437770949446,2.933482519965466,0.9479767008541169
2022-01-27,52.819087810642685,56.22187081463122,53.29555523478152,2.9263155798496996,0.9479505833157708
2022-01-28,40.730496520996084,55.501341777717954,50.154290556335155,5.347051221382799,0.9036590638889179
2022-01-29,0,52.919884020614795,37.61571791725137,15.304166103363428,0.7108049953754144
2022-01-30,0,50.458494066167596,28.211788437938523,22.246705628229073,0.5591088073374629
2022-01-31,57.70402898918006,50.79549569049376,35.58484857574891,15.210647114744852,0.7005512613140611
2022-02-01,51.379730159755766,50.82266938673851,39.533568971750626,11.289100414987885,0.7778727376584533
2022-02-02,99.23152253611553,53.074243951825814,54.458057362841856,-1.3838134110160425,1.0260731629308941
2022-02-03,45.84724803572079,52.7381046068907,52.30535503106159,0.43274957582911355,0.9917943661410167
2022-02-04,48.328143378363706,52.53299013114526,51.311052117887115,1.2219380132581463,0.9767396066512797
2022-02-05,386.9792828461578,68.08863165277376,135.22810979995478,-67.13947814718102,1.9860600296328597
2022-02-06,179.63174787672406,73.2766835701668,146.3290193191471,-73.05233574898031,1.9969383463845138
2022-02-07,120.50618314584128,75.47340448066329,139.87331027582064,-64.39990579515735,1.8532794596512958
2022-02-08,0,71.96301357458593,104.90498270686548,-32.94196913227955,1.457762501797943
2022-02-09,151.63979173871553,75.66891023338266,116.58868496482799,-40.91977473144533,1.5407739400990088
2022-02-10,55.139601181612754,74.71405864957941,101.22641401902419,-26.512355369444776,1.3548509590736733
2022-02-11,48.39804835001627,73.49005817052996,88.0193226017722,-14.52926443124224,1.1977038090829935
2022-02-12,0,70.0719159300402,66.01449195132915,4.057423978711057,0.9420962888512412
2022-02-13,97.58428615907165,71.3515610569719,73.90694050326478,-2.555379446292875,1.0358139248448492
2022-02-14,30.74343922932942,69.46281120452342,63.11606518478094,6.346746019742476,0.9086310226926461
2022-02-15,95.64613020121246,70.6806399950671,71.24858143888882,-0.5679414438217236,1.0080353183396942
2022-02-16,129.89630885830184,73.43485715149663,85.91051329374207,-12.475656142245441,1.1698873889730348
2022-02-17,40.08686407116135,71.88378770589965,74.4546009880969,-2.57081328219725,1.035763464380585
2022-02-18,55.37924575805664,71.11613459204649,69.68576218058683,1.4303724114596577,0.979886808800214
2022-02-19,221.26713385484328,78.09990199961844,107.58110509915095,-29.481203099532507,1.3774806669834112
2022-02-20,48.052314314228525,76.70233978169334,92.69890740292034,-15.996567621227001,1.2085538415848478
2022-02-21,144.68343379347633,79.86425113107859,105.69503900055935,-25.83078786948076,1.3234336702883758
2022-02-22,56.59974916186108,78.78218127204522,93.42121654088479,-14.639035268839564,1.1858165771915254
2022-02-23,68.32649173285206,78.2958701306874,87.14753533887661,-8.851665208189203,1.1130540498790218
2022-02-24,0,74.6542017525159,65.36065150415746,9.293550248358443,0.8755120270384411
2022-02-25,0,71.18191329891052,49.020488628118095,22.16142467079242,0.6886649480968604
2022-02-26,193.72624738114484,76.88164976785164,85.19692831637478,-8.315278548523139,1.1081568693247792
2022-02-27,74.30075322792831,76.76160806832033,82.47288454426317,-5.711276475942839,1.0744027726697076
2022-02-28,48.7298752509223,75.45780654192973,74.03713222092794,1.4206743210017834,0.9811725997999488
2022-03-01,47.585485122615005,74.1614194991709,67.42422044634971,6.737199052821197,0.9091549339369688
2022-03-02,91.69256528399958,74.97682162869782,73.49130665576217,1.485514972935647,0.9801870105767827
2022-03-03,0,71.48952759945607,55.11847999182163,16.371047607634438,0.7710007583190408
2022-03-04,69.57496256510416,71.40047806297459,58.73260063514226,12.667877427832323,0.8225799354244946
2022-03-05,349.6048796117158,84.34021766989278,131.45067037928564,-47.11045270939286,1.5585763709103095
2022-03-06,0,80.4174168480373,98.58800278446424,-18.17058593642693,1.2259533649226442
2022-03-07,51.03718029446072,79.05089421763839,86.70029716196335,-7.649402944324962,1.0967655460312478
2022-03-08,42.558248210382196,77.35356184520786,75.66478492406806,1.6887769211398052,0.9781680780841432
2022-03-09,114.54584474033061,79.08343546823683,85.3850498781337,-6.301614409896871,1.0796831140618337
2022-03-10,0,75.4051361441328,64.03878740860027,11.366348735532526,0.8492629372798208
2022-03-11,0,71.89792050952197,48.0290905564502,23.868829953071767,0.6680177982257683
2022-03-12,0,68.55383118349769,36.02181791733765,32.53201326616004,0.5254530242138149
2022-03-13,0,65.36528089589315,27.01636343800324,38.34891745788991,0.4133136592898408
2022-03-14,124.82445384063908,68.13082382355574,51.4683860386622,16.66243778489354,0.7554346645095452
2022-03-15,36.92136557296142,66.67922111422577,47.83163092223701,18.847590191988758,0.7173393768289679
2022-03-16,113.34752606573963,68.8498399491799,64.21060470811267,4.639235241067226,0.9326180678789637
2022-03-17,48.269600875147525,67.89261952713187,60.22535374987138,7.667265777260489,0.8870677574153182
2022-03-18,69.76492162068683,67.97970334543675,62.610245717575246,5.3694576278615,0.9210138119977108
2022-03-19,130.5357991718856,70.88928919782973,79.59163408115283,-8.702344883323107,1.1227596577801031
2022-03-20,0,67.59211295607021,59.69372556086462,7.898387395205589,0.8831463161800831
2022-03-21,0,64.44829374881114,44.77029417064847,19.67799957816267,0.69466996821432
2022-03-22,29.69769371644599,62.8319867705616,41.00214405709785,21.829842713463748,0.6525680018072554
2022-03-23,85.3863852404736,63.881028559859836,52.09820435294179,11.782824206918043,0.8155504932627615
2022-03-24,44.92628127388606,62.99941240702385,50.30522358317786,12.694188823845984,0.7985030599550608
2022-03-25,0,60.06920717879018,37.7289176873834,22.34028949140678,0.628090821549531
2022-03-26,0,57.2752905658232,28.29668826553755,28.978602300285647,0.49404704865746163
2022-03-27,14.39584942979567,55.28089795484517,24.82147855660208,30.459419398243092,0.4490064285212567
2022-03-28,0,52.70969339880586,18.616108917451562,34.0935844813543,0.3531818858487257
2022-03-29,0,50.25807975234978,13.962081688088672,36.295998064261106,0.2778077028929478
2022-03-30,127.766271904485,53.863111945472355,42.41312924218775,11.449982703284604,0.7874244118003566
2022-03-31,5.254775489140292,51.602259087038306,33.123540803925884,18.47871828311242,0.6419009824243161
2022-04-01,0,49.202154013222575,24.84265560294441,24.359498410278164,0.5049099191015762
2022-04-02,101.65858320102701,51.64198792893441,44.04663750246506,7.595350426469352,0.8529229657507688
2022-04-03,0,49.24003500200723,33.0349781268488,16.205056875158434,0.6708967230594223
2022-04-04,72.330372694353,50.31400419700006,42.85882676872485,7.455177428275206,0.8518269903556684
2022-04-05,54.519576195855414,50.509612196946826,45.7740141255075,4.735598071439327,0.9062436263838148
2022-04-06,0,48.160327908716745,34.33051059413062,13.829817314586123,0.7128379744109707
2022-04-07,0,45.92031265714853,25.747882945597965,20.172429711550564,0.5607079188958662
2022-04-08,0,43.784484161467205,19.310912209198474,24.47357195226873,0.4410446435212799
2022-04-09,0,41.74799652605013,14.483184156898854,27.264812369151276,0.3469192622815958
2022-04-10,202.7405748099271,49.23602342297465,61.54753182015591,-12.311508397181264,1.2500508274229634
2022-04-11,77.15461435936008,50.5345625362949,65.44930245495695,-14.91473991866205,1.2951393891389653
2022-04-12,0,48.184117767164906,49.08697684121771,-0.902859074052806,1.0187376902363734
2022-04-13,73.5018315972222,49.36168585228385,55.19069053021884,-5.829004677934989,1.1180876336813204
2022-04-14,54.69525543840379,49.609758856289425,55.06683175726508,-5.457072900975653,1.1099999884231209
2022-04-15,0,47.302328211810845,41.30012381794881,6.002204393862037,0.8731097469904988
2022-04-16,156.6796565026648,52.389645806734286,70.14500698912781,-17.75536118239352,1.3389097388929532
2022-04-17,156.72794013742646,57.24258972909206,91.79074027620247,-34.54815054711041,1.6035392652395788
2022-04-18,51.692587788899736,56.984450103966836,81.76620215437678,-24.78175205040995,1.4348862190257399
2022-04-19,83.04774055114008,58.196696171277225,82.0865867535676,-23.889890582290377,1.4105025225241334
2022-04-20,81.44908453279186,59.27820260669651,81.92721119837367,-22.64900859167716,1.3820798808723744
2022-04-21,0,56.52107690405946,61.44540839878025,-4.924331494720789,1.0871238087340829
2022-04-22,55.37709476047091,56.467868432264645,59.92832998920292,-3.4604615569382773,1.0612819582525583
2022-04-23,0,53.84145594704304,44.94624749190219,8.895208455140846,0.8347888574052545
2022-04-24,30.902837664153026,52.77454346876909,41.4353950349649,11.33914843380419,0.7851398100430824
2022-04-25,41.63139212714301,52.25625735985625,41.48439430800943,10.771863051846822,0.7938646279533266
2022-04-26,43.43154020812119,51.84580539931043,41.97118078303737,9.87462461627306,0.8095386012228111
2022-04-27,87.3916809090935,53.499101934649175,53.326305814551404,0.17279612009777168,0.9967701117430791
2022-04-28,57.88421354595307,53.703060614244706,54.46578274740182,-0.7627221331571121,1.0142025821884089
2022-04-29,32.79628223843044,52.73065231769521,49.048407620158976,3.682244697536234,0.9301688005625008
2022-04-30,102.70973646246557,55.055260882568255,62.463739830735626,-7.408478948167371,1.134564414522255
2022-05-01,0,52.49455107407671,46.84780487305172,5.646746201024989,0.8924317650807392
2022-05-02,55.609392731120586,52.639427430218284,49.038201837568934,3.6012255926493495,0.9315869155614408
2022-05-03,18.6832707215488,51.06007130423366,41.449469058563906,9.610602245669753,0.8117785188896777
2022-05-04,57.530145348442915,51.36100498070851,45.46963813103366,5.891366849674846,0.8852949459853254
2022-05-05,21.75517743190222,49.98398974588031,39.5410229562508,10.442966789629509,0.7910737649492797
2022-05-06,39.27245089213053,49.48577863640357,39.47387994022073,10.01189869618284,0.7976812940432265
2022-05-07,0,47.18411451378015,29.60540995516555,17.578704558614604,0.6274444325089925
2022-05-08,161.14626329080386,52.48467957317661,62.490623289075124,-10.005943715898518,1.1906450376772735
2022-05-09,0,50.04353168605211,46.86796746680634,3.1755642192457714,0.9365439625623507
2022-05-10,41.26617916597074,49.63528273162972,45.467520391597446,4.167762340032276,0.9160322635113665
2022-05-11,0,47.32666493015857,34.100640293698085,13.226024636460487,0.7205375731271351
2022-05-12,56.22546875513868,47.74056278248323,39.63184740905823,8.108715373425,0.8301504024743008
2022-05-13,59.34982070922851,48.280528267448126,44.5613407341008,3.7191875333473234,0.922967132553563
2022-05-14,0,46.03492230152031,33.4210055505756,12.61391675094471,0.7259924396298129
2022-05-15,52.138326183883976,46.31880155186281,38.10033570890269,8.218465842960121,0.8225673901648657
2022-05-16,0,44.16443868898547,28.575251781677018,15.589186907308452,0.6470194715314386
2022-05-17,68.03839426589919,45.27485522744658,38.44103740273256,6.833817824714018,0.8490593113720158
2022-05-18,66.21580521820073,46.24885290143514,45.38472935659961,0.864123544835536,0.9813157842496449
2022-05-19,0,44.09774346415909,34.0385470174497,10.059196446709386,0.7718886351711627
2022-05-20,0,42.04668562861681,25.528910263087276,16.51777536552953,0.6071563044937185
2022-05-21,0,40.09102583193695,19.146682697315455,20.944343134621498,0.47758026389999275
2022-05-22,0,38.22632695603291,14.360012022986592,23.866314933046322,0.37565764660380546
2022-05-23,94.76684452629209,40.856118470928685,34.461720148812965,6.39439832211572,0.8434898232559913
2022-05-24,70.30997902986583,42.22606547366995,43.42378486907619,-1.1977193954062386,1.0283644564309387
2022-05-25,58.533299085828986,42.98454145563083,47.20116342326438,-4.21662196763355,1.0980962416660396
2022-05-26,57.83102698882201,43.675075666476936,49.85862931465379,-6.183553648176854,1.1415808342097848
2022-05-27,0,41.64367679826871,37.39397198599034,4.249704812278367,0.8979507781274253
2022-05-28,0,39.70676159834923,28.045478989492757,11.661282608856474,0.706314941331111
2022-05-29,0,37.85993547749578,21.03410924211957,16.825826235376212,0.5555769965341547
2022-05-30,0,36.09900824598435,15.775581931589677,20.323426314394673,0.4370087350781318
2022-05-31,0,34.41998460663624,11.831686448692258,22.58829815794398,0.34374467576221235
2022-06-01,0,32.81905509004851,8.873764836519193,23.945290253529315,0.2703845315442838
2022-06-02,0,31.292587411441602,6.655323627389395,24.63726378405221,0.2126805156656144
2022-06-03,0,29.837118229514086,4.9914927205420465,24.84562550897204,0.1672913812245213
2022-06-04,57.615190124706636,31.12912157347653,18.147417071583195,12.981704501893336,0.5829723472332953
2022-06-05,98.0580389648169,34.24209447539934,38.12507254489162,-3.8829780694922817,1.1133977967138824
2022-06-06,119.30260380748145,38.19839723503107,58.419455360539075,-20.22105812550801,1.529369282160202
2022-06-07,55.12919167104947,38.98587604600866,57.59688943816667,-18.611013392158007,1.4773783554002249
2022-06-08,54.18175505763615,39.69266111631692,56.743105843034044,-17.050444726717124,1.4295616430282232
2022-06-09,48.55887882947667,40.10504333553366,54.6970490896447,-14.592005754111042,1.3638446574079244
2022-06-10,0,38.23969248271814,41.02278681723352,-2.7830943345153827,1.0727802488134648
2022-06-11,71.01053000604439,39.763917483803084,48.51972261443624,-8.755805130633156,1.2201947313913284
2022-06-12,55.453414767380096,40.49366154350434,50.2531456526722,-9.759484109167865,1.241012635951475
2022-06-13,107.7808964881713,43.623300378140016,64.63508336154698,-21.01178298340696,1.481664220721238
2022-06-14,49.3687674686582,43.89053140560598,60.81850438832478,-16.927972982718806,1.3856862161202035
2022-06-15,53.4245181274414,44.333972648482046,58.97000782310394,-14.636035174621895,1.330131371021922
2022-06-16,50.37529030722384,44.61496416749329,56.82132844413392,-12.206364276640628,1.2735935017126083
2022-06-17,62.415511644151465,45.44289660826809,58.21987424413831,-12.776977635870217,1.2811655635583836
2022-06-18,175.70644383721904,51.50166624682395,87.5915166424085,-36.08985039558454,1.7007511217388898
2022-06-19,107.05518499809297,54.08555083990623,92.45743373132962,-38.37188289142338,1.7094664340813515
2022-06-20,52.45006967332627,54.0094819484374,82.45559271682878,-28.446110768391378,1.5266873471221603
2022-06-21,105.19283249197919,56.39010290395097,88.13990266061637,-31.749799756665404,1.5630385142084537
2022-06-22,94.02303284626417,58.14047173847716,89.61068520702833,-31.470213468551165,1.5412789495167274
2022-06-23,74.99587949702209,58.92444419236298,85.95698377952677,-27.03253958716379,1.4587661361294373
2022-06-24,0,56.183772369462375,64.46773783464508,-8.283965465182703,1.1474440948813516
2022-06-25,214.9686738591909,63.56911662479859,102.09297184078153,-38.52385521598294,1.6060152674726427
2022-06-26,174.67117371830176,68.7366541640313,120.2375223101616,-51.5008681461303,1.7492489817947898
2022-06-27,0,65.53960048198333,90.1781417326212,-24.63854125063787,1.375933650313218
2022-06-28,39.22926357827593,64.31586388181088,77.44092219403488,-13.125058312223999,1.2040718653043205
2022-06-29,62.55903334354082,64.23415083351925,73.72044998141136,-9.486299147892112,1.147683109742212
2022-06-30,40.55419227863216,63.13275741236171,65.42888555571656,-2.2961281433548493,1.0363698377265698
2022-07-01,0,60.19635009085652,49.07166416678742,11.124685924069098,0.8151933479672206
2022-07-02,0,57.396519854072494,36.803748125090564,20.59277172898193,0.6412191578517453
2022-07-03,0,54.726914279464474,27.602811093817923,27.12410318564655,0.5043736058707613
2022-07-04,51.70980343495357,54.58658354251048,33.62955917910183,20.95702436340865,0.6160773764545278
2022-07-05,60.555660445269964,54.86421502635976,40.361084495643865,14.503130530715893,0.7356540957619926
2022-07-06,0,52.31239107164535,30.2708133717329,22.04157769991245,0.5786547460561748
2022-07-07,52.865213035060975,52.33810372110654,35.91941328756492,16.41869043354162,0.6862956571426814
2022-07-08,149.30239858707256,56.84807092417473,64.26515961244183,-7.417088688267107,1.130472126257894
2022-07-09,117.11871785571257,59.65135682796719,77.47854917325952,-17.82719234529233,1.2988564433732261
2022-07-10,0,56.87687511503849,58.10891187994464,-1.2320367649061552,1.0216614707012752
2022-07-11,0,54.23143906317623,43.581683909958485,10.649755153217747,0.8036239617094603
2022-07-12,56.13494004187868,54.319973992418205,46.719997942938534,7.599976049479672,0.8600887391551304
2022-07-13,61.92716169569227,54.67379667629142,50.521788881126966,4.152007795164451,0.9240585426932867
2022-07-14,29.70536883389284,53.512474451063575,45.31768386931844,8.194790581745139,0.8468620510141794
2022-07-15,45.06023907131619,53.11934722409858,45.25332266981788,7.866024554280706,0.8519178987281671
2022-07-16,143.69516633863952,57.33217602012374,69.86378358702329,-12.531607566899552,1.2185789627325911
2022-07-17,109.86912684223502,59.775755128128914,79.86511940082622,-20.089364272697303,1.3360788036604443
2022-07-18,146.49392158186035,63.809158219000146,96.52231994608475,-32.713161727084604,1.5126718897199163
2022-07-19,76.55531144569596,64.40200255512553,91.53056782098756,-27.128565265862022,1.4212379147871965
2022-07-20,80.66780900743272,65.15855169244215,88.81487811759884,-23.656326425156692,1.3630578920086336
2022-07-21,0,62.12792138116577,66.61115858819913,-4.483237207033362,1.072161390664525
2022-07-22,0,59.23825061925108,49.958368941149345,9.279881678101738,0.8433464597293605
2022-07-23,174.98874116300948,64.6219943654724,81.21596199661438,-16.59396763114198,1.256785136280959
2022-07-24,169.31908286734,69.49162638881508,103.24174221429578,-33.750115825480705,1.4856716928045193
2022-07-25,119.44520383527518,71.81504859562718,107.29260761954063,-35.47755902391346,1.4940128805340622
2022-07-26,0,68.47481377722592,80.46945571465548,-11.994641937429563,1.1751686682241653
2022-07-27,57.698753763710144,67.97360168357403,74.77678022691914,-6.803178543345112,1.100085597551748
2022-07-28,60.56735116371006,67.62912491520827,71.22442296111687,-3.5952980459086064,1.053161977910599
2022-07-29,81.97205830891926,68.29623809631111,73.91133179806747,-5.615093701756351,1.082216734877194
2022-07-30,210.23687485592149,74.89812817815346,107.99271756253097,-33.094589384377514,1.4418613680733985
2022-07-31,158.28457273134947,78.77656745969746,120.5656813547356,-41.78911389503814,1.5304764505623731
2022-08-01,0,75.11254106622316,90.4242610160517,-15.311719949828543,1.2038503787952677
2022-08-02,0,71.61893450500348,67.81819576203878,3.800738742964697,0.9469310906371261
2022-08-03,99.19294498019747,72.90144662012878,75.66188306657845,-2.760436446449674,1.0378653178145525
2022-08-04,50.39409425722282,71.85459302185409,69.34493586423955,2.509657157614541,0.9650731142848958
2022-08-05,110.15154761420354,73.63584672382383,79.54658880173054,-5.910742077906704,1.0802699003244312
2022-08-06,181.4470020031728,78.6503190623982,105.0216921020911,-26.371373039692898,1.335298996275343
2022-08-07,89.04765967244413,79.13391630007476,101.02818399467935,-21.894267694604594,1.276673627655494
2022-08-08,146.5890004612142,82.27136207501148,112.41838811131306,-30.147026036301583,1.3664340212022792
2022-08-09,27.71904910166134,79.73404519253008,91.24355335890013,-11.509508166370054,1.1443487300491808
2022-08-10,173.999723128578,84.11849532909045,111.9325958013196,-27.814100472229143,1.330653804042541
2022-08-11,42.435869190936394,82.17976853196701,94.55841414872378,-12.37864561675677,1.1506288693279902
2022-08-12,0,78.35745371652669,70.91881061154284,7.4386431049838535,0.9050678301416013
2022-08-13,216.19332252023452,84.76842435855963,107.23743858871576,-22.469014230156134,1.2650634879545477
2022-08-14,125.07674040155156,86.6432297559081,111.69726404192471,-25.054034286016616,1.28916320819653
2022-08-15,24.030703870038415,83.73101924958858,89.78062399895313,-6.049604749364548,1.0722504610896877
2022-08-16,52.95956782847014,82.29978895093191,80.57535995633238,1.7244289945995348,0.9790469815590085
2022-08-17,59.66535560019517,81.24702460903718,75.34785886729807,5.899165741739111,0.9273922242561689
2022-08-18,50.88239377537893,79.83471619816936,69.23149259431828,10.603223603851077,0.8671853034662457
2022-08-19,76.58809175279404,79.68371041001237,71.07064238393721,8.613068026075155,0.8919093001235944
2022-08-20,219.08656715011875,86.16756421187777,108.0746235754826,-21.90705936360483,1.2542378859460763
2022-08-21,0,82.1597705276044,81.05596768161195,1.1038028459924476,0.986565166383855
2022-08-22,138.74039224356412,84.79142735160252,95.47707382209998,-10.68564647049746,1.1260227219086845
2022-08-23,0,80.84764003292334,71.60780536657498,9.239834666348358,0.8857129946715654
2022-08-24,85.865775519477,81.08104168346071,75.17229790480049,5.908743778660224,0.927125457975059
2022-08-25,60.26692250901148,80.11294311720727,71.44595405585324,8.66698906135403,0.8918153705879233
2022-08-26,76.86761854383678,79.9619977882133,72.80137017784912,7.160627610364173,0.9104496159508144
2022-08-27,234.86757152332098,87.16690819449738,113.31792051421709,-26.15101231971971,1.3000107823036282
2022-08-28,95.60032376728773,87.5591600816039,108.88852132748474,-21.329361245880833,1.2435994272302129
2022-08-29,0,83.48664100804093,81.66639099561355,1.8202500124273797,0.9781971104427322
2022-08-30,45.05922769368869,81.69931945853618,72.51460017013234,9.18471928840384,0.8875789988195333
2022-08-31,79.52509521484373,81.59819274952723,74.26722393131018,7.330968818217045,0.9101577060458893
2022-09-01,50.47219129075427,80.15047175144477,68.3184657711712,11.832005980273564,0.8523775877724304
2022-09-02,0,76.42254283277292,51.23884932837841,25.183693504394512,0.6704677367230282
2022-09-03,270.0832306690212,85.43001668562167,105.9499446635391,-20.519927977917433,1.2401957622481754
2022-09-04,0,81.45652753745321,79.46245849765432,1.9940690397988874,0.975519837377581
2022-09-05,151.7133696485374,84.72428763564318,97.5251862853751,-12.80089864973192,1.1510888908695356
2022-09-06,38.802151192282665,82.58837431269617,82.844427512102,-0.2560531994058266,1.0031003540211756
2022-09-07,94.08073418511282,83.12290267885508,85.6535041803547,-2.5306015014996177,1.030444094454282
2022-09-08,47.33661878030638,81.45842435799236,76.07428283034261,5.384141527649746,0.9339031957588388
2022-09-09,94.58669389512804,82.06904154576611,80.70238559653896,1.3666559492271517,0.9833474849410982
2022-09-10,213.0568349587117,88.16149705334499,113.79099793708215,-25.629500883737165,1.2907108175231925
2022-09-11,0,84.06096230667778,85.34324845281162,-1.282286146133842,1.0152542406121934
2022-09-12,134.23524546008719,86.39464989520845,97.56624770463051,-11.171597809422067,1.129308907690965
2022-09-13,57.992806587108504,85.07363392738984,87.67288742525,-2.599253497860161,1.03055298541788
2022-09-14,175.5445650483795,89.28158421208704,109.64080683103236,-20.359222618945324,1.2280338414398457
2022-09-15,0,85.12895238826904,82.23060512327427,2.8983472649947686,0.9659534484491069
2022-09-16,0,81.16946623067514,61.672953842455705,19.496512388219436,0.7598048466455084
2022-09-17,0,77.39414221994606,46.25471538184178,31.139426838104285,0.597651373275681
2022-09-18,0,73.7944146748323,34.69103653638133,39.103378138450964,0.4701038241006966
2022-09-19,85.0523552558051,74.31803981813336,47.281366216237274,27.036673601896084,0.6362030851635107
2022-09-20,43.53349515052525,72.88620053126786,46.34439844980927,26.54180208145859,0.6358459915782257
2022-09-21,43.59301811608571,71.52372693056172,45.65655336637838,25.86717356418334,0.6383413634200769
2022-09-22,55.022772458921395,70.75624067606682,47.99810813951414,22.758132536552687,0.6783586533176438
2022-09-23,0,67.46525273764512,35.998581104635605,31.46667163300951,0.533586989499486
2022-09-24,126.47285309234849,70.20979228902667,58.617149101563825,11.59264318746284,0.8348856646580681
2022-09-25,229.22564863555968,77.60587863072588,101.2692739850628,-23.663395354336913,1.304917562568039
2022-09-26,78.15168080647786,77.63126477843528,95.48987569041657,-17.858610911981287,1.2300440545664286
2022-09-27,49.90847413388239,76.34183265543282,84.09452530128303,-7.752692645850203,1.1015523517720651
2022-09-28,99.1986443494373,77.4049401760842,87.8705550633216,-10.465614887237408,1.1352060328745757
2022-09-29,0,73.80471040045238,65.9029162974912,7.901794102961176,0.8929364526873655
2022-09-30,0,70.37193317252436,49.4271872231184,20.944745949405963,0.7023707463206952
2022-10-01,69.87235390557183,70.34869692754984,54.53847889373176,15.810218033818082,0.7752592624298948
2022-10-02,0,67.07666451231496,40.903859170298816,26.172805342016147,0.6098075905694333
2022-10-03,0,63.95681965127706,30.67789437772411,33.27892527355294,0.479665726728047
2022-10-04,30.58493818471274,62.40463911794849,30.654655329471268,31.749983788477223,0.491223982099166
2022-10-05,139.1902760046563,65.97606408942328,57.78856049826753,8.187503591155746,0.8759019091994577
2022-10-06,0,62.90740994572917,43.34142037370064,19.565989572028528,0.688971623699064
2022-10-07,0,59.98148390174177,32.50606528027548,27.47541862146629,0.5419349966896971
2022-10-08,280.48763212241414,70.23758381898234,94.50145699081014,-24.263873171827797,1.345454268942617
2022-10-09,187.30219828522922,75.68244960811012,117.70164231441491,-42.01919270630479,1.5552039200941352
2022-10-10,0,72.16233567284918,88.27623173581118,-16.113896062962,1.2233006444635008
2022-10-11,0,68.80594796713527,66.20717380185839,2.598774165276879,0.9622303849736886
2022-10-12,121.59574732688867,71.26128747224008,80.05431718311596,-8.79302971087587,1.123391395548078
2022-10-13,29.066024816571474,69.29871711616248,67.30724409147983,1.991473024682648,0.9712624835129965
2022-10-14,86.8637894015842,70.11569722246116,72.19638041900592,-2.0806831965447543,1.0296749982947975
2022-10-15,0,66.85450200281181,54.14728531425444,12.707216688557374,0.809927285243515
2022-10-16,50.911904437368996,66.11298583697727,53.33844009503308,12.774545741944195,0.8067770562616744
2022-10-17,67.69222720675997,66.18643892394391,56.9268868729648,9.25955205097911,0.8600989537678626
2022-10-18,0,63.10799990422559,42.6951651547236,20.412834749501997,0.6765412502193445
2022-10-19,120.16707764807506,65.76191049696278,62.06314327806146,3.698767218901324,0.9437551739009178
2022-10-20,47.94145718449074,64.93305220335944,58.53272175466878,6.40033044869066,0.901431855851357
2022-10-21,81.10931718614366,65.68543662116335,64.1768706125375,1.5085660086258486,0.9770334782380538
2022-10-22,15.629722343020967,63.35726386404045,52.04008354515837,11.31718031888208,0.8213751726402011
2022-10-23,119.41568800793438,65.96463242887272,68.88398466085236,-2.9193522319796443,1.0442563252980028
2022-10-24,0,62.8965099903205,51.66298849563927,11.233521494681234,0.8213967436789192
2022-10-25,46.24000978779137,62.121789050667985,50.30724381867729,11.814545231990692,0.8098164039808273
2022-10-26,0,59.23240351342761,37.730432864007966,21.501970649419647,0.636989732399053
2022-10-27,20.113681249182324,57.41292805927667,33.32624496030156,24.086683098975115,0.5804658652022243
2022-10-28,0,54.742559312333576,24.99468372022617,29.747875592107405,0.4565859549452641
2022-10-29,51.717383213754104,54.60185344728337,31.675358593608156,22.926494853675212,0.5801150802254315
2022-10-30,0,52.06223235671205,23.756518945206118,28.305713411505934,0.45631003261593783
2022-10-31,0,49.6407331773301,17.817389208904586,31.82334396842551,0.35892679394756594
2022-11-01,0,47.331861866756604,13.36304190667844,33.968819960078164,0.2823265635316494
2022-11-02,0,45.130379919465604,10.02228143000883,35.10809848945677,0.22207394326551977
2022-11-03,0,43.031292481350924,7.516711072506622,35.5145814088443,0.17468011390988467
2022-11-04,0,41.02983701710205,5.637533304379966,35.39230371272208,0.1374008213070096
2022-11-05,126.88892656115445,45.02328304240682,35.95038161857359,9.07290142383323,0.7984842327893754
2022-11-06,61.979823255841595,45.811959331403784,42.45774202789059,3.3542173035131952,0.9267829328107196
2022-11-07,129.1986730429372,49.69041113194022,64.14297478165224,-14.452563649712019,1.2908521648179982
2022-11-08,0,47.37922921882672,48.10723108623918,-0.7280018674124591,1.0153654223253554
2022-11-09,76.55450661775427,48.73621886528847,55.219049969117954,-6.482831103829483,1.133018753888471
2022-11-10,25.512587229128325,47.6560499519787,47.792434284120546,-0.1363843321418443,1.0028618471584703
2022-11-11,0,45.43948948909597,35.84432571309041,9.595163776005556,0.7888364529470138
2022-11-12,67.26158401737456,46.45447062994614,43.698640289161446,2.7558303407846907,0.9406767464066448
2022-11-13,0,44.29379757739051,32.77398021687108,11.519817360519426,0.7399225627215228
2022-11-14,148.39154662287098,49.13555334694774,61.678371818371055,-12.542818471423317,1.2552697103379056
2022-11-15,0,46.8501787726711,46.25877886377829,0.5913999088928108,0.9873767843501771
2022-11-16,57.948794404102614,47.3663934532028,49.181282748859374,-1.8148892956565774,1.0383159696634143
2022-11-17,61.129881570747024,48.00655569122811,52.16843245433129,-4.16187676310318,1.0866939254877008
2022-11-18,62.868597971598305,48.69781347171045,54.84347383364805,-6.145660361937601,1.1261999240352247
2022-11-19,174.6886239792386,54.55785116973502,84.8047613700457,-30.24691020031068,1.5544006875317555
2022-11-20,64.22204627313735,55.0073486164049,79.6590825958186,-24.651733979413706,1.4481534667281464
2022-11-21,139.74242134430642,58.94851478979567,94.67991728294055,-35.731402493144884,1.6061459329205028
2022-11-22,35.317369089904105,57.849391733986764,79.83928023468144,-21.989888500694676,1.380123072001039
2022-11-23,144.0848277320985,61.860342245526844,95.90066710903571,-34.040324863508864,1.5502770212109531
2022-11-24,61.3830325389252,61.83814179405701,87.27125846650809,-25.433116672451078,1.4112852672019336
2022-11-25,90.06233751085068,63.1508950832102,87.96902822759374,-24.818133144383538,1.3929973298128104
2022-11-26,164.9194374944873,67.8843156604789,107.20663054431714,-39.32231488383823,1.579254788085781
2022-11-27,0,64.72690562975896,80.40497290823785,-15.678067278478892,1.2422187052617033
2022-11-28,0,61.71635187953761,60.30372968117839,1.412622198359223,0.9771110547477987
2022-11-29,49.093112186219884,61.12922445194144,57.50107530743876,3.628149144502679,0.9406478786869659
2022-11-30,126.00821179799809,64.14685177036269,74.62785943007859,-10.4810076597159,1.1633908347688384
2022-12-01,19.64357696713671,62.07693201207311,60.88178881434312,1.1951431977299904,0.9807473861872186
2022-12-02,122.52149007585312,64.8883068057373,76.29171412972062,-11.403407323983316,1.175739018078359
2022-12-03,20.530058038499615,62.825132444470434,62.35130010691537,0.4738323375550664,0.9924579173952983
2022-12-04,0,59.9030332610067,46.763475080186524,13.139558180820174,0.7806528740481345
2022-12-05,0,57.1168456674715,35.07260631013989,22.044239357331612,0.6140501265373618
2022-12-06,23.23440455498788,55.54091817386761,32.11305587135189,23.42786230251572,0.5781873423526355
2022-12-07,133.16935806565206,59.1515432851134,57.37713141992693,1.7744118651864653,0.9700022726777607
2022-12-08,0,56.400308713712775,43.0328485649452,13.367460148767577,0.7629895925324874
2022-12-09,60.73876737806532,56.60209748879894,47.45932826822523,9.142769220573712,0.8384729607728503
2022-12-10,0,53.9694417916455,35.59449620116892,18.374945590476578,0.6595305606073443
2022-12-11,140.72729841543273,58.00469093693793,61.87769675473487,-3.873005817796937,1.066770562073003
2022-12-12,141.55490812784245,61.89074755046838,81.79699959801177,-19.906252047543383,1.3216353467049229
2022-12-13,0,59.01210812951637,61.34774969850882,-2.3356415689924503,1.039579022712199
2022-12-14,133.91208317116713,62.49582789889547,79.4888330666734,-16.993005167777923,1.2719062333888427
2022-12-15,57.470058736139606,62.26207119365101,73.98413948403994,-11.722068290388933,1.188269809604342
2022-12-16,0,59.36616090557422,55.48810461302996,3.878056292544258,0.9346756429197564
2022-12-17,97.67029753703741,61.147748655874835,66.03365284403182,-4.885904188156985,1.0799032555486843
2022-12-18,66.0263636539671,61.3746609813675,66.03183054651564,-4.657169565148138,1.0758809823077655
2022-12-19,0,58.52002558688529,49.52387290988673,8.996152676998562,0.8462722360828747
2022-12-20,0,55.79816393168132,37.14290468241504,18.65525924926628,0.6656653564304867
2022-12-21,0,53.202900492998474,27.857178511811284,25.34572198118719,0.5236026279235227
2022-12-22,0,50.72834698169622,20.892883883858463,29.835463097837756,0.41185816464678354
2022-12-23,0,48.36888898254756,15.669662912893848,32.69922606965371,0.32396160511819505
2022-12-24,0,46.11917321591744,11.752247184670386,34.366926031247054,0.2548234576841769
2022-12-25,0,43.97409539192128,8.81418538850279,35.15991000341849,0.20044040269039057
2022-12-26,0,41.928788629506336,6.610639041377092,35.318149588129245,0.15766348748190062
2022-12-27,0,39.97861241418046,4.957979281032819,35.02063313314764,0.12401579198257023
2022-12-28,0,38.119142069334856,3.718484460774614,34.400657608560245,0.09754900710812218
2022-12-29,0,36.34615871727277,2.7888633455809604,33.55729537169181,0.07673062144470523
2022-12-30,0,34.65563970716706,2.0916475091857203,32.56399219798134,0.060355183941181036
2022-12-31,0,33.04374948822906,1.5687356318892902,31.47501385633977,0.047474504441471915
2023-01-01,0,31.506830907381197,1.1765517239169676,30.330279183464228,0.037342750444761194
2023-01-02,0,30.04139691168905,0.8824137929377257,29.158983118751323,0.029373261020528875
2023-01-03,0,28.644122636726767,0.6618103447032943,27.982312292023472,0.023104577266110194
2023-01-04,0,27.311837862925522,0.49635775852747066,26.815480104398052,0.018173722361726458
2023-01-05,0,26.041519822789454,0.37226831889560297,25.66925150389385,0.014295184052795888
2023-01-06,29.939998070218465,26.222844392437313,7.764200756726319,18.458643635710995,0.2960853765608064
2023-01-07,0,25.00317721139372,5.823150567544739,19.18002664384898,0.23289642424556692
2023-01-08,6.676635245406821,24.150779910650144,6.0365217370102595,18.114258173639882,0.24995142016503946
2023-01-09,0,23.027487821782696,4.527391302757694,18.500096519025,0.19660812927576193
2023-01-10,0,21.9564418765835,3.3955434770682706,18.56089839951523,0.154649077295851
2023-01-11,0,20.93521202185869,2.546657607801203,18.388554414057488,0.1216447010434174
2023-01-12,0,19.961481230144333,1.9099932058509022,18.05148802429343,0.09568394167417243
2023-01-13,34.156519373157494,20.621715562377503,9.97162474767755,10.650090814699952,0.48354971811299485
2023-01-14,0,19.66256600133669,7.478718560758162,12.183847440578527,0.38035313192944376
2023-01-15,62.98546443352393,21.67758453306633,21.355405028949605,0.32217950411672547,0.9851376658404712
2023-01-16,47.79764616945747,22.892471120805453,27.96596531407657,-5.073494193271117,1.2216228281025778
2023-01-17,29.981118946655744,23.222175670845,28.469753722221363,-5.247578051376362,1.2259727135187692
2023-01-18,49.40108642233832,24.439799426728413,33.702586897250605,-9.262787470522191,1.379004234339706
2023-01-19,34.292271558278294,24.89805394447492,33.85000806250753,-8.951954118032607,1.3595443297149563
2023-01-20,43.860445446438256,25.78002564224066,36.35261740849021,-10.572591766249552,1.410107883970302
2023-01-21,0,24.580954682136444,27.26446305636766,-2.6835083742312165,1.1091702258038096
2023-01-22,99.48130713836261,28.064692005681845,45.3186740768664,-17.253982071184556,1.6147932094204562
2023-01-23,133.17134959461958,32.95337375400453,67.2818429563047,-34.32846920230017,2.0417285178907307
2023-01-24,47.52719403482944,33.63122586008941,62.34318072593589,-28.71195486584648,1.8537290607080008
2023-01-25,115.77712882435495,37.451965532845946,75.70166775054065,-38.249702217694704,2.021300262121833
2023-01-26,50.38128704167697,38.053329323954365,69.37157257332473,-31.31824324937036,1.8230092820770007
2023-01-27,71.77008010016547,39.62155029028977,69.9711994550349,-30.349649164745138,1.7659884315636454
2023-01-28,33.388129959106436,39.33162376325799,60.82543208105279,-21.4938083177948,1.5464765056643042
2023-01-29,90.80804432099505,41.7258758822225,68.32108514103835,-26.59520925881585,1.6373792927019055
2023-01-30,142.27639969824492,46.402644431804944,86.80991378034,-40.40726934853505,1.8707966936248277
2023-01-31,0,44.24438190009309,65.10743533525499,-20.863053435161902,1.4715413016911525
2023-02-01,107.04089578947816,47.16514998797147,75.59080044881078,-28.425650460839314,1.60268334705786
2023-02-02,43.90236599168148,47.01339259279519,67.66869183452846,-20.655299241733267,1.4393492598842856
2023-02-03,81.27275870429143,48.606851481701995,71.0697085519692,-22.462857070267205,1.4621335549220094
2023-02-04,98.93964815597074,50.9479117921331,78.03719345296959,-27.08928166083649,1.5317054361291342
2023-02-05,133.1498541004805,54.77125794600972,91.81535861484733,-37.04410066883761,1.6763419730778717
2023-02-06,133.5678242723284,58.43621451932687,102.25347502921758,-43.817260509890716,1.7498305779825798
2023-02-07,62.32920000614609,58.617283611737065,92.2724062734497,-33.65512266171264,1.5741501582205637
2023-02-08,124.62122378880653,61.687234317647274,100.35961065228892,-38.67237633464165,1.6269105230731908
2023-02-09,54.75883279950212,61.36498308424518,88.95941618909222,-27.59443310484704,1.449677189114747
2023-02-10,49.867973463270395,60.83023845071147,79.18655550763677,-18.3563170569253,1.3017630297552918
2023-02-11,129.08186429964948,64.00473267624346,91.66038270563995,-27.655650029396483,1.4320875796459547
2023-02-12,121.9721961105379,66.70089376621064,99.23833605686443,-32.537442290653786,1.4878111889056695
2023-02-13,129.3170650984006,69.61327382817296,106.75801831724846,-37.14474448907549,1.5335870940250071
2023-02-14,58.73079096760389,69.10711183465813,94.75121147983731,-25.644099645179182,1.3710775774447463
2023-02-15,128.0663899851463,71.84940384165759,103.08000610616455,-31.230602264506956,1.4346675211376643
2023-02-16,53.560144106705586,70.99874059817147,90.70004060629981,-19.701300008128342,1.2774880207855157
2023-02-17,84.58127227783201,71.63048625769056,89.17034852418286,-17.539862266492293,1.2448658829726187
2023-02-18,142.5131743256304,74.92735547015288,102.50605497454475,-27.578699504391878,1.368072506095717
2023-02-19,139.50346990363872,77.93089567636153,111.75540870681823,-33.8245130304567,1.434032134950587
2023-02-20,163.8014121897449,81.92487318861193,124.7669095775499,-42.84203638893797,1.5229429685998017
2023-02-21,54.80646296308639,80.66355178277354,107.27679792393403,-26.613246141160488,1.3299290144264893
2023-02-22,51.14249638136682,79.29047943852207,93.24322253829222,-13.952743099770146,1.1759699676102027
2023-02-23,58.40468543173503,78.31904715913663,84.53358826165291,-6.214541102516279,1.0793490386675617
2023-02-24,81.91779339260525,78.48643070487935,83.879639544391,-5.393208839511644,1.0687151752220991
2023-02-25,166.93285882923027,82.60021805950032,104.64294436560081,-22.04272630610049,1.2668603887819685
2023-02-26,149.9841229322271,85.73435316985972,115.9782390072574,-30.243885837397684,1.352762745828673
2023-02-27,176.24391266724797,89.94410012322662,131.04465742225506,-41.10055729902844,1.456956679106937
2023-02-28,86.69059058895166,89.79277409837663,119.95614071392922,-30.16336661555259,1.3359219816638006
2023-03-01,113.86116451430611,90.91223411772219,118.43239666402343,-27.520162546301236,1.3027113216617543
2023-03-02,39.90830369555681,88.5399582841331,98.80137342190677,-10.261415137773668,1.1158958659515956
2023-03-03,83.35432169596353,88.29876588468336,94.93961049042096,-6.640844605737598,1.075208804314833
2023-03-04,138.115515698272,90.61582401554794,105.73358679238373,-15.11776277683579,1.1668335849715943
2023-03-05,0,86.4011345264527,79.3001900942878,7.100944432164894,0.9178142223247233
2023-03-06,110.69859571030847,87.5312490001204,87.14979149829296,0.3814575018274411,0.9956420420457777
2023-03-07,28.343026188904524,84.7783084042499,72.44810017094584,12.330208233304063,0.8545593977251318
2023-03-08,124.95334395460927,86.64691470891778,85.57441111686168,1.0725035920560941,0.9876221375377682
2023-03-09,32.99523455927106,84.15148772521329,72.42961697746402,11.721870747749264,0.8607051275565519
2023-03-10,64.23454268561468,83.22511818848777,70.38084840450168,12.844269783986093,0.8456683503201264
2023-03-11,168.67897090874175,87.1997159894298,94.95537903056169,-7.755663041131882,1.0889413795909961
2023-03-12,123.77373767965452,88.90083327734723,102.1599686928349,-13.259135415487663,1.1491452321146811
2023-03-13,101.90446134364755,89.50565318740772,102.09609185553805,-12.590438668130332,1.1406664073008628
2023-03-14,66.89056959564017,88.45378883430224,93.29471129056358,-4.840922456261339,1.0547282656741246
2023-03-15,133.7573688411557,90.56093209043496,103.41037567821162,-12.849443587776662,1.1418872718072646
2023-03-16,42.07795160459991,88.30590974225659,88.07726965980869,0.22864008244789602,0.9974108178703707
2023-03-17,57.082737850613064,86.85366918915689,80.32863670750979,6.525032481647102,0.9248732662248127
2023-03-18,82.06770974367797,86.63106642425089,80.76340496655183,5.867661457699057,0.9322683916887721
2023-03-19,0,82.60171449754155,60.572553724913874,22.029160772627677,0.7333086739499016
2023-03-20,130.5846220069062,84.83347763751199,78.07557079541195,6.7579068421000414,0.9203391511085224
2023-03-21,27.83657072166938,82.18245871119373,65.51582077697631,16.66663793421742,0.7971995703659261
2023-03-22,71.96491197374131,81.70722397921921,67.12809357616756,14.57913040305165,0.8215686484761596
2023-03-23,0,77.90688798018576,50.34607018212567,27.560817798060086,0.64623387593513
2023-03-24,0,74.28331179506084,37.75955263659425,36.52375915846659,0.5083181097291437
2023-03-25,124.35183083502724,76.61208012250114,59.4076221862025,17.20445793629864,0.7754341363716466
2023-03-26,0,73.04872755866388,44.55571663965188,28.493010919012008,0.609945143852919
2023-03-27,71.45039237128363,72.97438638715782,51.27938557255982,21.695000814598004,0.7027038953064957
2023-03-28,28.94907008054265,70.92669725661759,45.69680669955552,25.229890557062063,0.6442821739404713
2023-03-29,61.32097046287925,70.47991926621116,49.60284764038646,20.877071625824698,0.7037869531650105
2023-03-30,4.050634275854035,67.39018508061315,38.21479429925335,29.175390781359802,0.5670676561130255
2023-03-31,0,64.25575786756137,28.66109572444001,35.59466214312136,0.4460471197471179
2023-04-01,172.01422214070777,69.2677794616612,64.49937732850695,4.768402133154254,0.9311598816773871
2023-04-02,0,66.0460222773979,48.37453299638021,17.671489281017685,0.732436736196941
2023-04-03,0,62.97411426449567,36.28089974728516,26.693214517210507,0.576124018105705
2023-04-04,46.43555449538591,62.20487892639754,38.819563434310346,23.385315492087194,0.6240597860437703
2023-04-05,0,59.3116287437744,29.11467257573276,30.196956168041638,0.49087629511941006
2023-04-06,0,56.55294833708722,21.836004431799573,34.71694390528765,0.3861161101850721
2023-04-07,0,53.92257864699015,16.377003323849678,37.54557532314047,0.3037132817916544
2023-04-08,56.48747989230685,54.04187637933046,26.40462246596397,27.63725391336649,0.48859558983733625
2023-04-09,47.95500747238613,53.75876619761212,31.79221871756951,21.966547480042607,0.59138668845399
2023-04-10,136.31082078352978,57.59839664346875,57.92186923405958,-0.3234725905908249,1.0056159998964467
2023-04-11,0,54.91940145074928,43.44140192554468,11.477999525204595,0.7910028291861692
2023-04-12,53.26609182272291,54.8425033285155,45.89757439983924,8.944928928676255,0.8368978732438311
2023-04-13,0,52.291689220212454,34.42318079987943,17.868508420333022,0.6582916198070621
2023-04-14,0,49.859517628574665,25.817385599909574,24.04213202866509,0.5178025546038524
2023-04-15,0.20000000298023224,47.54977262273306,19.41303920067724,28.13673342205582,0.40826776090592276
2023-04-16,149.54194064788467,52.29359439134476,51.945264562479096,0.34832982886566555,0.9933389579753834
2023-04-17,0,49.86133418709617,38.95894842185932,10.90238576523685,0.78134588767503
2023-04-18,0,47.542202364440534,29.21921131639449,18.322991048046045,0.6145952409145138
2023-04-19,47.32080878661047,47.53190498872751,33.74461068394848,13.787294304779032,0.7099360038534389
2023-04-20,40.61291435816595,47.21009147102698,35.46168660250285,11.748404868524126,0.751146322677953
2023-04-21,0,45.01427326307223,26.59626495187714,18.418008311195095,0.5908407050326574
2023-04-22,0,42.92058613455725,19.947198713907852,22.973387420649395,0.4647466521288427
2023-04-23,152.8183329606655,48.032109242748334,53.16498227559726,-5.132873032848927,1.1068633693723746
2023-04-24,53.42284656031118,48.282841211007074,53.22944834677574,-4.946607135768666,1.1024506224281296
2023-04-25,38.988720609865084,47.850556531884195,49.669266412548076,-1.8187098806638815,1.0380081238640144
2023-04-26,40.839554694563624,47.52446342317161,47.46183848305196,0.06262494011964748,0.9986822588492857
2023-04-27,89.01195920565328,49.45411438979866,57.84936866370229,-8.395254273903632,1.1697584594592527
2023-04-28,0,47.153923022831286,43.387026497776716,3.7668965250545696,0.9201148857932605
2023-04-29,178.07156627371842,53.24311573217488,77.05816144176214,-23.81504570958726,1.4472887317101264
2023-04-30,141.45770016497204,57.346119659281726,93.15804612256461,-35.81192646328289,1.6244873528397852
2023-05-01,0,54.67885827978025,69.86853459192346,-15.189676312143213,1.2777979787570368
2023-05-02,26.84559917494216,53.38428808885755,59.112800737678135,-5.728512648820583,1.107307090771319
2023-05-03,72.9117301034364,54.29254120581471,62.5625330791177,-8.269991873302992,1.152322799568368
2023-05-04,136.10035213216076,58.09755566750522,80.94698784237846,-22.849432174873243,1.3932942085248512
2023-05-05,0,55.39534377599335,60.71024088178385,-5.3148971057905,1.0959448347533836
2023-05-06,158.41102494608575,60.186770807160435,85.13543689785932,-24.948666090698886,1.4145207618667626
2023-05-07,77.52587819913663,60.99324091841515,83.23304722317864,-22.239806304763498,1.3646273909784028
2023-05-08,0,58.15634599197723,62.42478541738399,-4.268439425406754,1.073395935585812
2023-05-09,59.42113311220509,58.21517329989481,61.673872341089265,-3.458699041194457,1.0594123291932431
2023-05-10,46.29118310673769,57.660569104864244,57.82820003250137,-0.16763092763712706,1.002907202083444
2023-05-11,52.66057894261327,57.42801142289908,56.53629476002935,0.8917166628697331,0.9844724439910062
2023-05-12,0,54.75694112415959,42.40222107002201,12.35472005413758,0.7743716175288532
2023-05-13,0,52.21010665326845,31.801665802516506,20.40844085075194,0.6091093820800797
2023-05-14,160.0289381144901,57.22493602355783,63.85848388050991,-6.633547856952077,1.1159205814245965
2023-05-15,0,54.56331109222956,47.89386291038243,6.66944818184713,0.8777667988027453
2023-05-16,54.20961997349262,54.546860342520866,49.47280217615997,5.074058166360892,0.9069779977178175
2023-05-17,16.32190243406162,52.76895532352276,41.18507724063539,11.583878082887374,0.7804792986207912
2023-05-18,53.15785632912804,52.78704374238813,44.17827201275855,8.60877172962958,0.8369150624823942
2023-05-19,0,50.33183240553287,33.13370400956891,17.198128395963963,0.6583051406105431
2023-05-20,167.40734964532993,55.777205300407154,66.70211541850917,-10.924910118102012,1.19586693270246
2023-05-21,16.13643929466861,53.933448742000714,54.06069638754903,-0.1272476455483158,1.0023593455919102
2023-05-22,0,51.424916242372774,40.54552229066177,10.879393951711002,0.7884411925685334
2023-05-23,0,49.033059672960086,30.409141717996327,18.62391795496376,0.6201763039100264
2023-05-24,44.87940937945112,48.83986663605269,34.02670863336002,14.813158002692667,0.6966994583794673
2023-05-25,72.47195172701853,49.93903338446971,43.63801940677465,6.301013977695057,0.8738258722378796
2023-05-26,28.26767369812011,48.93106316649996,39.79543297961102,9.135630186888939,0.8132958984231344
2023-05-27,0,46.65519976340694,29.846574734708266,16.808625028698675,0.6397266518078034
2023-05-28,104.82339340786069,49.36069714221875,48.590779402996375,0.7699177392223717,0.9844022109738751
2023-05-29,54.95700499027273,49.62099053050033,50.18233579981547,-0.5613452693151402,1.0113126574520674
2023-05-30,84.41046355766865,51.23910555501978,58.73936773927876,-7.500262184258979,1.1463776953533846
2023-05-31,61.40713229453223,51.712037031276175,59.40630887809213,-7.694271846815958,1.1487907320497464
2023-06-01,89.68065169816094,53.478019108805704,66.97489458310933,-13.496875474303629,1.2523817392261796
2023-06-02,0,50.990669382814744,50.231170937331996,0.7594984454827483,0.985105148536767
2023-06-03,191.1502292978796,57.50971868118985,85.4609355274689,-27.951216846279053,1.4860259706666805
2023-06-04,127.54585761898383,60.76721351550585,95.98216605034764,-35.21495253484179,1.579505797551118
2023-06-05,56.693463113267086,60.57773675261103,86.15999031607751,-25.58225356346648,1.4223045450924927
2023-06-06,83.08412967366166,61.624545725683156,85.39102515547356,-23.7664794297904,1.3856657951557056
2023-06-07,70.42529060203954,62.03388269667648,81.64959151711504,-19.615708820438563,1.3162095933126767
2023-06-08,105.16426048932155,64.03994678005532,87.52825876016666,-23.488311980111348,1.3667759446992513
2023-06-09,22.791252165683307,62.12140284450313,71.34400711154584,-9.222604267042705,1.1484609787222524
2023-06-10,109.37962460997932,64.31945967080435,80.8529114861542,-16.53345181534985,1.2570520943228258
2023-06-11,0,61.3278568954181,60.63968361461565,0.6881732808024523,0.9887787815092779
2023-06-12,68.9663685087837,61.683136505342084,62.721354838157666,-1.0382183328155818,1.0168314776228806
2023-06-13,42.27107597649241,60.78024996911652,57.60878512274135,3.171464846375166,0.9478207995371118
2023-06-14,0,57.95326159845994,43.206588842056014,14.746672756403925,0.7455419703670079
2023-06-15,86.08552601600863,59.26173901322964,53.926323135544166,5.335415877685477,0.9099686244879793
2023-06-16,0,56.50537905912594,40.44474235165812,16.060636707467822,0.7157680034076384
2023-06-17,194.0630549944871,62.90341049797995,78.84932051236537,-15.945910014385419,1.2534983379580666
2023-06-18,111.58336059962977,65.16759422363808,87.03283053418147,-21.865236310543395,1.335523147197549
2023-06-19,74.04579588371364,65.58053383573461,83.78607187156452,-18.205538035829903,1.2776058224861866
2023-06-20,88.67794306692814,66.65483193951106,85.00903967040543,-18.354207730894373,1.2753619984560964
2023-06-21,117.7681225157659,69.032194291895,93.19881038174555,-24.16661608985055,1.3500774723502864
2023-06-22,57.39633375538485,68.49099147624337,84.24819122515537,-15.757199748912,1.2300623689050763
2023-06-23,0,65.30536396572042,63.18614341886652,2.119220546853896,0.9675490584673282
2023-06-24,116.27394771975997,67.67599576823389,76.45809449408989,-8.782098725856002,1.1297668194613903
2023-06-25,173.84729201715382,72.61419559376505,100.80539387485587,-28.19119828109082,1.388232604509127
2023-06-26,55.940667288223345,71.83868264932124,89.58921222819772,-17.75052957887648,1.2470887399797983
2023-06-27,65.47434457099872,71.5426669247481,83.56049531389797,-12.01782838914987,1.167981274735296
2023-06-28,0,68.21510102127145,62.67037148542348,5.544729535847971,0.9187169782972588
2023-06-29,0,65.04230562493325,47.00277861406761,18.03952701086564,0.7226493304894002
2023-06-30,0,62.017082107494495,35.252083960550706,26.76499814694379,0.5684253880064799
2023-07-01,112.47552213325366,64.3639862947391,54.55794350372645,9.806042791012658,0.847647056119925
2023-07-02,122.98084855899589,67.09035198144872,71.66366976754381,-4.573317786095089,1.0681665492870196
2023-07-03,59.72032969343726,66.7475602471226,68.67783474901717,-1.9302745018945586,1.0289190270583537
2023-07-04,100.15740312353503,68.30150642742086,76.54772684264663,-8.246220415225764,1.1207326286846644
2023-07-05,113.50701363431187,70.40408815797393,85.78754854056294,-15.383460382589007,1.2185023737095042
2023-07-06,127.8155368034235,73.0743880949716,96.29454560627806,-23.220157511306468,1.3177605466885398
2023-07-07,57.93883978949652,72.37040910401927,86.70561915208268,-14.335210048063402,1.1980810972929705
2023-07-08,244.946809902473,80.39721844348223,126.26591683968024,-45.86869839619801,1.5705259371239608
2023-07-09,137.891552366812,83.07137350968362,129.17232572146318,-46.10095221177956,1.554955940446207
2023-07-10,98.84173156771803,83.80487853563872,121.58967718302691,-37.784798647388186,1.4508663374515722
2023-07-11,55.110215709911785,82.47024305537235,104.96981181474814,-22.49956875937579,1.2728204492255013
2023-07-12,101.32339612068237,83.34713389561934,104.0582078912317,-20.711073995612367,1.2484917360241998
2023-07-13,82.50242980501211,83.3078453332655,98.66926336967681,-15.361418036411308,1.1843934142549835
2023-07-14,60.7892251756456,82.26046765151575,89.19925382116901,-6.938786169653255,1.0843514067773603
2023-07-15,205.24849034607877,87.98084080010008,118.21156295239645,-30.230722152296366,1.3436057427507373
2023-07-16,98.98723647285466,88.49276618022822,113.405481332511,-24.912715152282786,1.2815226173432406
2023-07-17,0,84.37682356719435,85.05411099938325,-0.6772874321889049,1.0080269368121153
2023-07-18,0,80.45232014546438,63.79058324953744,16.661736895926943,0.7928992368822421
2023-07-19,0,76.71035176660558,47.84293743715308,28.8674143294525,0.6236829363277269
2023-07-20,0,73.14242842862393,35.882203077864816,37.260225350759114,0.49057987064771713
2023-07-21,67.60829910278319,72.88502706463134,43.81372708409441,29.071299980536935,0.6011348125677599
2023-07-22,119.77114162866505,75.06577657923756,62.80308072023707,12.262695859000495,0.8366406581181114
2023-07-23,140.8990909275607,78.1277912000898,82.32708327206798,-4.199292071978178,1.053749018197248
2023-07-24,138.29521310173624,80.92627593970126,96.31911572948505,-15.392839789783793,1.1902081815807624
2023-07-25,78.27498329157007,80.80296000257887,91.8080826200063,-11.005122617427432,1.1361970231776162
2023-07-26,148.23378067792555,83.93927724329266,105.91450713448612,-21.97522989119345,1.261799131606028
2023-07-27,79.29278379117886,83.72316126877574,99.2590762986593,-15.535915029883554,1.1855629289823777
2023-07-28,55.11687795003255,82.3926364632528,88.22352671150261,-5.8308902482498155,1.0707695553568022
2023-07-29,32.83787607049013,80.08776388684524,74.3771140512495,5.710649835595731,0.9286951019809603
2023-07-30,176.78378827495982,84.58525339326917,99.97878260717708,-15.393529213907911,1.1819883324242764
2023-07-31,122.65014299056159,86.35571337453858,105.64662270302321,-19.29090932848463,1.2233889174604287
2023-08-01,103.97781039623729,87.17534579415248,105.22941962632672,-18.05407383217424,1.207100685021638
2023-08-02,167.33029711185225,90.90348306474317,120.7546389977081,-29.85115593296493,1.3283829719745281
2023-08-03,130.25923810527698,92.7339832991866,123.13078877460032,-30.396805475413714,1.327784965043689
2023-08-04,53.3036016845703,90.90001206129747,105.67399200209282,-14.773979940795343,1.1625300107734873
2023-08-05,240.720475531175,97.86840571105922,139.43561288436337,-41.56720717330414,1.4247254961381504
2023-08-06,73.36839568395227,96.72887036096122,122.91880858426059,-26.189938223299364,1.2707561674637171
2023-08-07,130.6258962512764,98.30547621632473,124.84558050101454,-26.540104284689804,1.2699758477850955
2023-08-08,51.61396460940891,96.13377800204958,106.53767652811314,-10.403898526063557,1.108223131777194
2023-08-09,122.48075656953216,97.35921886565343,110.5234465384679,-13.164227672814462,1.1352129549215533
2023-08-10,132.6451680084626,99.00042580252828,116.05387690596658,-17.05345110343829,1.1722563409604094
2023-08-11,81.83504613240558,98.20203605042956,107.49916921257632,-9.297133162146764,1.0946735275048447
2023-08-12,216.5265989725401,103.70550409331842,134.75602665256727,-31.050522559248847,1.2994105552007047
2023-08-13,75.86978416593799,102.41081944553329,120.03446603090995,-17.62364658537666,1.172087741115846
2023-08-14,123.30871937988309,103.382814791317,120.85302936815324,-17.47021457683624,1.1689856734016353
2023-08-15,137.480574055323,104.96875708266612,125.0099155399457,-20.04115845727958,1.1909249858060682
2023-08-16,120.21091047672783,105.67769444983178,123.81016427414121,-18.13246982430944,1.171582753745123
2023-08-17,107.35559470437488,105.75573632213612,119.69652188169962,-13.940785559563508,1.13182060891683
2023-08-18,52.92210100051903,103.29835793508417,103.00291666140448,0.2954412736796854,0.9971399228353417
2023-08-19,115.85273741714626,103.88228256215683,106.21537185033993,-2.3330892881831033,1.0224589721136004
2023-08-20,112.27771964977183,104.27276800809241,107.73095880019791,-3.4581907921054977,1.0331648507768005
2023-08-21,149.9985615450388,106.39954910283411,118.29785948640813,-11.898310383574014,1.1118266992932704
2023-08-22,79.96087698031593,105.169843422717,108.71361385988507,-3.543770437168078,1.033695689950689
2023-08-23,56.36603917439778,102.89989903907424,95.62672018851325,7.273178850560996,0.929317920431307
2023-08-24,136.92714724300725,104.48256174623393,105.95182695213676,-1.469265205902829,1.0140623007354788
2023-08-25,65.58389188978407,102.6733212877944,95.85984318654859,6.813478101245806,0.9336392549036063
2023-08-26,90.53390121954732,102.1086970985736,94.52835769479827,7.5803394037753264,0.9257620592555089
2023-08-27,150.99002854988518,104.3822473986346,108.64377540857001,-4.261528009935404,1.0408261760509894
2023-08-28,125.00883888870962,105.34162374701019,112.73504127860491,-7.3934175315947215,1.070185148733616
2023-08-29,127.7253333417155,106.38272651885696,116.48261429438256,-10.099887775525602,1.0949391701540983
2023-08-30,166.9089877712458,109.19790146082853,129.08920766359836,-19.891306202769826,1.1821583193036276
2023-08-31,103.57466250140543,108.93635546271584,122.71057137305013,-13.774215910334291,1.1264427825834706
2023-09-01,71.68023062811957,107.20351244715323,109.9529861868175,-2.7494737396642677,1.0256472355790953
2023-09-02,194.08346451556443,111.24444045033515,130.98560576900422,-19.741165318669076,1.1774575451822693
2023-09-03,58.67666993244498,108.7994278681077,112.9083718098644,-4.108943941756706,1.037766227463071
2023-09-04,112.33153268644926,108.96371181314684,112.7641620290106,-3.800450215863762,1.03487812732872
2023-09-05,93.39461308192884,108.23956768611345,107.92177479224017,0.3177928938732748,0.9970639859187915
2023-09-06,72.18238811916775,106.56248956672063,98.98692812397206,7.575561442748565,0.9289096803717758
2023-09-07,88.31460550351426,105.71375077308313,96.31884746885761,9.394903304225522,0.9111288433488371
2023-09-08,0,100.79683213247462,72.23913560164321,28.557696530831407,0.7166806145850352
2023-09-09,249.1984979111766,107.69923519194913,116.47897617902655,-8.779740987077417,1.0815209223199034
2023-09-10,0,102.68996843883522,87.35923213426992,15.330736304565306,0.8507085303610021
2023-09-11,102.2108687669172,102.66768473316462,91.07214129243174,11.595543440732882,0.8870575150130541
2023-09-12,52.624013836105775,100.34007213330142,81.46010942835025,18.87996270495117,0.8118402518120472
2023-09-13,96.4764554481327,100.16036903166567,85.21419593329585,14.946173098369812,0.8507775755648886
2023-09-14,109.1155058048154,100.5768870211145,91.18952340117573,9.387363619938768,0.9066648024324444
2023-09-15,75.44915078057181,99.40815510294973,87.25443024602475,12.153724856924981,0.8777391568607625
2023-09-16,150.63857343314965,101.79096525784276,103.10046604280598,-1.3095007849632196,1.0128646071940992
2023-09-17,96.7918962548416,101.55845042049387,101.52332359581489,0.03512682467898287,0.9996541220791259
2023-09-18,43.72264754216919,98.86841307731598,87.07315458240346,11.795258494912517,0.880697402449767
2023-09-19,61.967830642972956,97.15210691757909,80.79682359754584,16.35528332003325,0.8316528190712299
2023-09-20,62.19201858520507,95.52605629746867,76.14562234446065,19.380433953008023,0.7971188730595727
2023-09-21,0,91.0829839115399,57.10921675834548,33.973767153194416,0.6270020403940998
2023-09-22,22.711855794111518,87.90293144096184,48.50987651728699,39.393054923674846,0.551857323999664
2023-09-23,0,83.81442300184733,36.382407387965245,47.432015613882086,0.43408289509705583
2023-09-24,280.6732115479594,92.97064572492232,97.45510842796378,-4.4844627030414586,1.048235253902201
2023-09-25,0,88.64642964469338,73.09133132097284,15.555098323720543,0.8245265106909329
2023-09-26,0,84.52333989377742,54.81849849072963,29.704841403047787,0.648560487067511
2023-09-27,0,80.59202175918313,41.11387386804722,39.478147891135905,0.5101481879979306
2023-09-28,0,76.84355563084902,30.835405401035416,46.00815022981361,0.40127509909569037
2023-09-29,0,73.26943676429791,23.126554050776562,50.142882713521345,0.31563712062994637
2023-09-30,137.26404257174212,76.24593005766741,51.660926181017956,24.585003876649452,0.6775565088033876
2023-10-01,34.65356317983087,74.31140136567501,47.40908543072119,26.90231593495382,0.6379786218374536
2023-10-02,0,70.85505711610874,35.5568140730409,35.29824304306784,0.5018246476644969
2023-10-03,36.584241522085634,69.26106569313093,35.813670935302085,33.447394757828846,0.5170822969063393
2023-10-04,66.1919186401367,69.11831466741026,43.40823286151074,25.71008180589952,0.6280279412158465
2023-10-05,95.78027625159731,70.35840590388408,56.50124370903239,13.85716219485169,0.8030489460692888
2023-10-06,0,67.08592190835459,42.37593278177429,24.709989126580304,0.6316665490418684
2023-10-07,232.8745026421838,74.79701868667223,90.00057524687668,-15.203556560204447,1.2032642052578257
2023-10-08,82.35166197794868,75.14839744440602,88.08834692964467,-12.939949485238657,1.1721919551729536
2023-10-09,57.41159444978177,74.3234298632607,80.41915880967895,-6.095728946418248,1.082016249203664
2023-10-10,128.68256634419876,76.85176179260667,92.48501069330891,-15.633248900702242,1.2034208264696253
2023-10-11,68.0399875435278,76.44191182753323,86.37375490586362,-9.931843078330388,1.129926670327248
2023-10-12,108.3302089464917,77.92508843771735,91.86286841602063,-13.937779978303283,1.1788612660768987
2023-10-13,0,74.30066571968399,68.89715131201547,5.403514407668524,0.9272750202672237
2023-10-14,84.74756226949083,74.7865678847913,72.8597540513843,1.926813833406996,0.9742358301914658
2023-10-15,127.79250518625113,77.25196031741733,86.59294183510102,-9.340981517683687,1.1209157861908228
2023-10-16,132.0237899316265,79.79948727621776,97.9506538592324,-18.151166583014643,1.227459689295481
2023-10-17,118.6882762145502,81.60826815707044,103.13505944806187,-21.526791290991426,1.2637819889560122
2023-10-18,0,77.812534754416,77.35129458604641,0.46124016836959925,0.9940724181416349
2023-10-19,0,74.19334709141991,58.013470939534805,16.179876151885104,0.7819228167084789
2023-10-20,56.81338787502712,73.38497689530861,57.71345017340788,15.671526721900733,0.786447752854862
2023-10-21,205.2438453798232,79.51794752249533,94.59604897501171,-15.078101452516378,1.1896188460732242
2023-10-22,115.47810837811369,81.19051314368689,99.8165638257872,-18.626050682100313,1.2294116635019592
2023-10-23,117.66348977871158,82.88693066159502,104.2782953140183,-21.391364652423277,1.2580788609304447
2023-10-24,44.03609483025785,81.07991504153283,89.21774519307819,-8.137830151545359,1.1003680152634154
2023-10-25,0,77.30875620239176,66.91330889480864,10.395447307583126,0.865533377859117
2023-10-26,105.49881492240607,78.61992172425289,76.559685401708,2.0602363225448954,0.9737949837861115
2023-10-27,76.25766924752129,78.51004951603282,76.48418136316131,2.02586815287151,0.9741960657733122
2023-10-28,232.75692124296864,85.68432261961124,115.55236633311314,-29.868043713501905,1.3485823637160572
2023-10-29,130.19964285073604,87.75480263036124,119.21418546251887,-31.45938283215763,1.3584918646938517
2023-10-30,134.10393505793115,89.91057623164357,122.93662286137194,-33.02604662972837,1.3673210428912554
2023-10-31,52.125617517997426,88.15313629147398,105.23387152552831,-17.08073523405433,1.1937620821156487
2023-11-01,217.18416145237137,94.1545793222134,133.22144400723909,-39.06686468502569,1.4149226194290256
2023-11-02,110.7629010435457,94.92705940227536,127.60680826631574,-32.67974886404038,1.3442616791088842
2023-11-03,52.00581272549098,92.9307223475412,108.70655938110954,-15.775837033568337,1.169759113389868
2023-11-04,107.55326753356408,93.61084072828645,108.41823641922318,-14.80739569093673,1.1581803514911087
2023-11-05,0,89.25684813627312,81.31367731441739,7.94317082185573,0.911007715501678
2023-11-06,125.39057020144902,90.9374863718627,92.3329005361753,-1.395414164312598,1.0153447628582024
2023-11-07,107.20400010931536,91.69406840616283,96.05067542946031,-4.356607023297485,1.0475124192652483
2023-11-08,129.1261466370278,93.43509530062167,104.31954323135218,-10.884447930730516,1.116492072861851
2023-11-09,66.11444433749772,92.16436734884847,94.76826850788856,-2.603901159040092,1.028252796963884
2023-11-10,70.16201586405435,91.14100216350921,88.61670534693,2.5242968165792092,0.972303389718901
2023-11-11,282.8419130814538,100.05732360155315,137.17300728056097,-37.115683679007816,1.3709441982022068
2023-11-12,132.94286771725695,101.58688379298123,136.11547238973498,-34.52858859675375,1.3398921918480924
2023-11-13,135.34260941464862,103.15691754282622,135.9222566459634,-32.765339103137165,1.3176261939798346
2023-11-14,89.25648573028008,102.51038583061477,124.25581391704256,-21.745428086427793,1.2121290238937075
2023-11-15,132.2687632104657,103.8944964064218,126.25905124039834,-22.36455483397654,1.2152621708206182
2023-11-16,35.90565417969516,100.73222467494614,103.67070197522254,-2.9384773002764035,1.0291711744551402
2023-11-17,60.469358605278856,98.85953322984533,92.87036613273662,5.989167097108705,0.9394174046510669
2023-11-18,0,94.26141540520136,69.65277459955246,24.608640805648903,0.7389319829263891
2023-11-19,112.07092633504988,95.08976475077571,80.25731253342681,14.832452217348902,0.8440163117758483
2023-11-20,0,90.66698499492568,60.19298440007011,30.474000594855575,0.6638908793843207
2023-11-21,60.36924780082225,89.25778791613018,60.23705025025814,29.02073766587204,0.6748660442513338
2023-11-22,119.91408503629341,90.68366220078894,75.15630894676696,15.527353254021989,0.8287745236791322
2023-11-23,132.7574658477056,92.64058330064553,89.55659817200161,3.083985128643917,0.9667102146841822
2023-11-24,54.83084426879882,90.88199078753638,80.87515969620092,10.006831091335457,0.889892034653826
2023-11-25,171.04222499186199,94.61037377378409,103.4169260201162,-8.806552246332103,1.0930823111035974
2023-11-26,306.13912712818114,104.44892044143046,154.09747629713243,-49.64855585570197,1.4753381427438206
2023-11-27,117.3150655326821,105.04734579451194,144.90187360601985,-39.85452781150791,1.3793958572555447
2023-11-28,110.63112504192043,105.30705645718211,136.33418646499499,-31.027130007812872,1.2946348616166465
2023-11-29,0,100.40905383126668,102.25063984874623,-1.8415860174795569,1.0183408362711586
2023-11-30,113.99881521114622,101.04113575591224,105.18768368934623,-4.146547933433993,1.0410382157857951
2023-12-01,52.99095737033419,98.80624373797838,92.13850210959322,6.6677416283851585,0.932517001182641
2023-12-02,241.54140482443836,105.44508843967418,129.4892277883045,-24.044139348630324,1.2280252186535754
2023-12-03,178.05121558375953,108.82211760916653,141.62972473716826,-32.807607128001735,1.301479219918587
2023-12-04,144.90185051422304,110.50024472102963,142.44775618143194,-31.94751146040231,1.2891171104622283
2023-12-05,103.51454734807153,110.17532856414786,132.71445397309185,-22.53912540894399,1.2045750686789771
2023-12-06,136.7570602617617,111.41168817799037,133.7251055452593,-22.31341736726894,1.200278962925514
2023-12-07,82.39694643302383,110.06216530613146,120.89306576720043,-10.830900461068964,1.098407117739734
2023-12-08,101.68858204727755,109.67269631734756,116.0919448372197,-6.419248519872141,1.058530962895623
2023-12-09,90.68396564821205,108.78949954203894,109.7399500399678,-0.9504504979288555,1.0087366014268027
2023-12-10,91.49729564283906,107.9852109885878,105.17928644068562,2.8059245479021797,0.9740156589667381
2023-12-11,70.89479312472872,106.2600752739897,96.6081631116964,9.6519121622933,0.9091670870897165
2023-12-12,109.08716712253211,106.39156791810795,99.72791411440532,6.66365380370263,0.937366711149805
2023-12-13,112.64179864321773,106.68227632392701,102.95638524660842,3.725891077318593,0.9650748821015922
2023-12-14,60.42164601685317,104.5306191003422,92.32270043916961,12.207918661172585,0.8832120313920935
2023-12-15,0,99.66872983986116,69.24202532937721,30.426704510483944,0.6947216588385787
2023-12-16,222.05201457575382,105.36097564153059,107.44452264097137,-2.0835469994407845,1.0197753199012682
2023-12-17,16.7656149657124,101.24026119149252,84.77479572215663,16.465465469335896,0.8373624753987013
2023-12-18,114.6052026501472,101.86188637561601,92.23239745415427,9.629488921461743,0.9054652405821502
2023-12-19,37.26682503265757,98.857464917804,78.4910043487801,20.3664605690239,0.7939815613646195
2023-12-20,54.43443197320607,96.7912773389855,72.47686125488659,24.31441608409891,0.748795379570279
2023-12-21,91.52991715561332,96.54656291185191,77.24012523006827,19.306437681783635,0.8000297773395552
2023-12-22,86.9422988612122,96.09985295600819,79.66566863785425,16.43418431815394,0.8289884550967416
2023-12-23,190.9296329214833,100.51054039626284,107.48165970876151,-6.971119312498672,1.0693570971158415
2023-12-24,133.1028796524287,102.02646315236359,113.88696469467831,-11.860501542314722,1.1162492668542896
2023-12-25,79.61568474555675,100.98410136600049,105.31914470739791,-4.335043341397423,1.0429279785799432
2023-12-26,90.93937845604316,100.51690495158387,101.72420314455923,-1.2072981929753581,1.0120108969983195
2023-12-27,133.34846718440707,102.04395435776169,109.63026915452119,-7.5863147967594955,1.074343598730875
2023-12-28,44.78037188068835,99.38053191696758,93.41779483606297,5.962737080904617,0.9400009542429649
2023-12-29,73.92485295613605,98.19654684902193,88.54455936608124,9.651987482940683,0.9017074653482223
2023-12-30,93.39552510019959,97.97324351186741,89.75730079961085,8.215942712256563,0.9161409542169795
2023-12-31,46.99072805870592,95.60196372334828,79.06565761438462,16.536306108963657,0.8270296397086232
2024-01-01,60.5688089747473,93.97251466527382,74.44144545447529,19.531069210798535,0.7921618966869243
2024-01-02,120.95038167056657,95.2272991771479,86.06867950849811,9.158619668649791,0.9038235910427727
2024-01-03,0,90.79812247123405,64.55150963137358,26.246612839860475,0.7109344100271825
2024-01-04,113.79904605480982,91.86793287047013,76.86339373723264,15.004539133237486,0.836672725016792
2024-01-05,68.00494206363905,90.75802632131519,74.64878081883424,16.109245502480945,0.8225033514251281
2024-01-06,0,86.53672277148658,55.98658561412568,30.5501371573609,0.6469690995962469
2024-01-07,345.6296144428832,98.58755494224923,128.39734282131508,-29.80978787906585,1.302368670114859
2024-01-08,0,94.00208727051671,96.29800711598631,-2.295919845469598,1.024424136858132
2024-01-09,0,89.62989716491128,72.22350533698973,17.406391827921553,0.8057970344794539
2024-01-10,0,85.46106473863634,54.1676290027423,31.293435735894036,0.6338281551694696
2024-01-11,0,81.48613149497884,40.62572175205673,40.86040974292211,0.49855995132204206
2024-01-12,0,77.6960788673054,30.469291314042543,47.22678755326286,0.39215996171039585
2024-01-13,29.87437739499051,75.47181368254658,30.320562834279535,45.15125084826705,0.401746842356455
2024-01-14,33.992062147700736,73.54252291348398,31.238437662634833,42.30408525084914,0.42476701131071093
2024-01-15,134.0368940814492,76.35621459571492,56.93805176733842,19.418162828376495,0.7456898180202358
2024-01-16,29.832532905631236,74.19232242408312,50.16167205191162,24.030650372171493,0.6761032733887414
2024-01-17,0,70.74151672993972,37.621254038933714,33.120262691006005,0.5318129406529896
2024-01-18,33.77036118952858,69.02192810015315,36.65853082658243,32.36339727357072,0.5311142681041675
2024-01-19,0,65.81160586293673,27.493898119936823,38.31770774299991,0.4177667108865194
2024-01-20,27.065307153762934,64.00945243460308,27.386750378393348,36.62270205620973,0.4278547829470324
2024-01-21,0,61.03226860043549,20.540062783795012,40.49220581664048,0.33654431097637266
2024-01-22,134.9136222926883,64.4686106326333,49.13345266101834,15.335157971614962,0.7621298516922806
2024-01-23,80.50916590195914,65.21468297074148,56.97738097125354,8.23730199948794,0.8736894572644431
2024-01-24,75.9289195080364,65.71301955387148,61.71526560544926,3.997753948422215,0.9391634416360364
2024-01-25,90.3481012092331,66.85883730528366,68.87347450639523,-2.0146372011115687,1.0301326987019295
2024-01-26,55.149387902153855,66.31421175164971,65.44245285533489,0.871758896314816,0.9868541165720788
2024-01-27,115.79619237793257,68.6156992226396,78.03088773598431,-9.415188513344702,1.1372162437878497
2024-01-28,99.50322582322111,70.05232836685269,83.3989722577935,-13.346643890940811,1.1905239154915177
2024-01-29,159.3666515284789,74.20648293250973,102.39089207546485,-28.18440914295512,1.37981060451563
2024-01-30,48.40284767990505,73.00631385099324,88.89388097657489,-15.887567125581654,1.2176190836972094
2024-01-31,71.85718835816273,72.95286615365228,84.63470782197184,-11.681841668319564,1.1601286184226856
2024-02-01,93.43409257668743,73.90548133611904,86.83455401065073,-12.929072674531696,1.174940646344699
2024-02-02,52.002199147542306,72.88672402502246,78.12646529487363,-5.239741269851166,1.0718888293975242
2024-02-03,130.14924769766486,75.55009721909886,91.13216089557143,-15.582063676472572,1.2062480956189585
2024-02-04,136.7949303740631,78.39869411002742,102.54785326519436,-24.14915915516694,1.3080301199911206
2024-02-05,135.99787812115883,81.07772592449865,110.91035947918547,-29.832633554686822,1.3679510397356194
2024-02-06,128.42467541190288,83.27990962158722,115.28893846236483,-32.0090288407776,1.384354749961161
2024-02-07,62.36143049646812,82.30695710413983,102.05706147089064,-19.75010436675082,1.2399566824044024
2024-02-08,0,78.47872654115658,76.54279610316799,1.9359304379885884,0.9753317806711777
2024-02-09,72.12900986719319,78.18339088190247,75.43934954417429,2.744041337728177,0.9649025028495117
2024-02-10,190.41742314481655,83.40357842901476,104.18386794433485,-20.780289515320092,1.2491534524715526
2024-02-11,214.48603577392066,89.50043691017318,131.75940990173132,-42.25897299155814,1.4721649910212065
2024-02-12,107.21545591191939,90.32439128234742,125.62342140427833,-35.29903012193091,1.3908028564532244
2024-02-13,65.41911693861772,89.16600642915068,110.57234528786317,-21.406338858712488,1.240072867617789
2024-02-14,122.94020619632951,90.7368994415776,113.66431051497975,-22.92741107340214,1.2526801247700956
2024-02-15,42.95608994903278,88.51453620936621,95.987255373493,-7.4727191641267865,1.0844236380041228
2024-02-16,124.05108227788764,90.16739881720441,103.00321209959166,-12.83581328238725,1.1423553684549204
2024-02-17,176.79856781710265,94.1967555148741,121.45205102896941,-27.25529551409531,1.2893443130161975
2024-02-18,202.66914926900017,99.24198313134508,141.7563255889771,-42.51434245763201,1.428390698319043
2024-02-19,132.05586217779503,100.76821006373811,139.33120973618156,-38.56299967244345,1.382690132599049
2024-02-20,170.277775787265,104.00121312064634,147.06785124895242,-43.06663812830608,1.4140974593914846
2024-02-21,85.03571270510416,103.11909682224903,131.55981661299035,-28.440719790741312,1.2758045858226439
2024-02-22,18.99427758703694,99.20631453223918,103.418431856502,-4.21211732426282,1.0424581574578253
2024-02-23,36.45959263826222,96.28786235112398,86.67872205194205,9.60914029918193,0.9002040333490696
2024-02-24,203.05750069876706,101.25389204171204,115.7734167136483,-14.519524671936267,1.1433972006213002
2024-02-25,215.57486834840253,106.57114675365113,140.72377962233685,-34.152632868685714,1.3204679118853075
2024-02-26,57.03411639306003,104.26709882990271,119.80136381501765,-15.534264985114945,1.148985299852909
2024-02-27,89.43294352618801,103.57713811810203,112.20925874281023,-8.632120624708207,1.0833400186610895
2024-02-28,154.87362963466666,105.96302144445387,122.87535146577434,-16.91233002132047,1.1596059624349835
2024-02-29,114.46139207926932,106.35829449723599,120.7718616191481,-14.41356712191211,1.1355189756371202
2024-03-01,55.05631762080723,103.97215603786722,104.34297561956288,-0.3708195816956561,1.0035665277591919
2024-03-02,217.60431250735917,109.2573726178436,132.65830984151194,-23.400937223668336,1.214181767891354
2024-03-03,238.7235432364725,115.27905497219844,159.1746181902521,-43.89556321805365,1.3807765706203876
2024-03-04,66.61523222801509,113.01562135618991,136.03477169969284,-23.01915034350293,1.2036811377583818
2024-03-05,173.05178094141755,115.8080008717819,145.28902401012402,-29.481023138342124,1.254568103370749
2024-03-06,163.83205682720705,118.04167789296447,149.92478221439478,-31.88310432143031,1.2701003991918054
2024-03-07,117.66468741171911,118.02414345197631,141.85975851372586,-23.83561506174955,1.2019554166071642
2024-03-08,60.5661916457361,115.35168057726747,121.53636679672843,-6.184686219460957,1.053615917752187
2024-03-09,154.597574907355,117.17707101122504,129.80166882438508,-12.624597813160037,1.1077394895016868
2024-03-10,163.09845541134104,119.31294935541648,138.1258654711241,-18.81291611570761,1.1576770687187432
2024-03-11,134.66447438468725,120.02697377538256,137.26051769951488,-17.23354392413232,1.143580591769642
2024-03-12,84.92651621135144,118.39439435379971,124.17701732747402,-5.782622973674307,1.0488420334779125
2024-03-13,147.4279525999651,119.7447924117609,129.98975114559678,-10.244958733835887,1.0855566119111173
2024-03-14,38.82698768560589,115.98117358728857,107.19906028059907,8.782113306689496,0.9242798375289394
2024-03-15,22.104841390765912,111.61483255489217,85.92550555814078,25.68932699675139,0.7698394880905527
2024-03-16,214.76002596324818,116.41228341109478,118.13413565941764,-1.721852248322861,1.0147909842230958
2024-03-17,24.466445506635434,112.13573281088736,94.71721312122207,17.41851968966529,0.844665752353127
2024-03-18,134.43211828570796,113.17277399576274,104.64593941234355,8.526834583419188,0.9246564850954073
2024-03-19,98.40483136956385,112.4858929433814,103.08566240164863,9.400230541732768,0.9164319160680823
2024-03-20,145.89688409452685,114.03989253180677,113.78846782486819,0.2514247069385789,0.9977952916093266
2024-03-21,60.750860144974986,111.56133288590762,100.52906590489489,11.032266981012725,0.9011102978377248
2024-03-22,43.4316955811139,108.39251254614977,86.25472332394965,22.137789222200126,0.7957627450182928
2024-03-23,0,103.35100033470096,64.69104249296224,38.659957841738716,0.6259353299226437
2024-03-24,206.87683429786446,108.16615540275507,100.23749044418778,7.928664958567282,0.9266992070673888
2024-03-25,64.61448042774457,106.1404961015918,91.33173794007699,14.808758161514803,0.8604796594487257
2024-03-26,95.48624480250461,105.64494952954122,92.37036465568389,13.274584873857336,0.8743471890152236
2024-03-27,95.40904355927273,105.16886087976128,93.1300343815811,12.038826498180185,0.8855286023033985
2024-03-28,85.88875762175559,104.27211189101683,91.31971519162472,12.95239669939211,0.8757827336056501
2024-03-29,222.4474747720186,109.76864039710995,124.1016550867232,-14.33301468961325,1.130574767407432
2024-03-30,89.33706234404858,108.81833444115361,115.41050690105453,-6.592172459900922,1.0605796118153714
2024-03-31,0,103.75701656016972,86.5578801757909,17.199136384378818,0.8342364019763511
2024-04-01,0,98.93110881318508,64.91841013184317,34.0126986813419,0.6561981454566994
2024-04-02,156.4145727494797,101.60475829859413,87.7924507862523,13.812307512341832,0.8640584580437213
2024-04-03,87.96163044560473,100.97019421240859,87.83474570109041,13.135448511318174,0.8699076632005347
2024-04-04,113.70674298560132,101.56259182976639,94.30274502221815,7.259846807548243,0.9285184960556607
2024-04-05,91.37584466217855,101.0887896359251,93.57101993220826,7.517769703716837,0.9256320138789079
2024-04-06,72.27651564005382,99.74868386867527,88.24739385916965,11.501290009505624,0.8846973256756709
2024-04-07,240.5441096622022,106.29730832418815,126.3215728099278,-20.02426448573965,1.1883797887288055
2024-04-08,60.65791540724981,104.1745458629352,109.90565845925829,-5.7311125963230864,1.055014519600677
2024-04-09,175.3728836182592,107.48609645620608,126.27246474900852,-18.786368292802436,1.1747795195007564
2024-04-10,190.4208067866961,111.34352484367074,142.30955025843042,-30.966025414759685,1.2781124942555815
2024-04-11,140.72269303609525,112.70999778285328,141.91283595284662,-29.202838169993342,1.259097140832141
2024-04-12,52.690970777174385,109.91841513142636,119.60736965892855,-9.68895452750219,1.0881467815454693
2024-04-13,199.69233804169554,114.09394642957841,139.6286117546203,-25.534665325041885,1.2238038574603842
2024-04-14,82.93657669005636,112.64476644169368,125.45560298847931,-12.810836546785637,1.1137277562939683
2024-04-15,134.9511148587301,113.68227101923026,127.829480956042,-14.147209936811748,1.1244451734544798
2024-04-16,71.93738863317733,111.74064858266966,113.85645787532584,-2.1158092926561807,1.0189350009909053
2024-04-17,175.49957792152196,114.7061801798256,129.26723788687485,-14.561057707049258,1.1269422247615155
2024-04-18,42.98771252493953,111.37043749820299,107.69735654639102,3.6730809518119685,0.967019246441963
2024-04-19,34.32092877758534,107.78673941817426,89.3532496041896,18.433489813984664,0.8289818403050652
2024-04-20,118.93421219892745,108.30522652425581,96.74849025287406,11.556736271381752,0.8932947500027911
2024-04-21,113.86419610814878,108.56378324908805,101.02741671669276,7.5363665323952915,0.9305812094256656
2024-04-22,94.80307853986028,107.92375047191466,99.47133217248464,8.452418299430022,0.921681573672226
2024-04-23,62.041886206048204,105.78971027350227,90.11397068087554,15.675739592626726,0.8518216984151724
2024-04-24,122.7963991627866,106.58071905905037,98.28457780135331,8.296141257697059,0.9221609562042568
2024-04-25,36.17454795972193,103.30601342652346,82.75707034094546,20.548943085578003,0.801086670516092
2024-04-26,19.424775416840166,99.40456049584053,66.92399660991914,32.480563885921384,0.6732487551418352
2024-04-27,0,94.78109256580143,50.19299745743936,44.58809510836207,0.5295676183735009
2024-04-28,292.28776717922347,103.96744952456524,110.7166898878854,-6.749240363320155,1.064916859970298
2024-04-29,0,99.13175419784127,83.03751741591404,16.094236781927236,0.8376480179030731
2024-04-30,59.40993104722764,97.28422753967321,77.13062082374243,20.153606715930778,0.7928378810583161
2024-05-01,68.1145923487111,95.92750032148892,74.87661370498459,21.05088661650433,0.7805542045113706
2024-05-02,58.30070313924153,94.17741673161696,70.73263606354882,23.444780668068134,0.7510572971476677
2024-05-03,142.41804201243372,96.4211667446782,88.65398755077004,7.767179193908163,0.9194452892755904
2024-05-04,140.94615927076566,98.4920966296125,101.72703048076895,-3.234933851156441,1.032844603382633
2024-05-05,155.83032599867724,101.15899101887133,115.25285436024603,-14.0938633413747,1.1393238821214235
2024-05-06,143.229057567234,103.11573830019053,122.24690516199303,-19.131166861802498,1.1855310079332635
2024-05-07,63.72589933088458,101.28365276673443,107.61665370421592,-6.333000937481486,1.0625273749852253
2024-05-08,66.15429696158779,99.64972924091366,97.25106451855888,2.3986647223547806,0.9759290392296833
2024-05-09,38.31279575517658,96.79684861367006,82.5164973277133,14.280351285956769,0.8524709069423928
2024-05-10,118.85471401525416,97.82279584165073,91.60105149959851,6.221744342052219,0.9363978069788561
2024-05-11,163.88047238122357,100.89524591325878,109.67090672000478,-8.775660806746004,1.0869779415890775
2024-05-12,109.76742740452833,101.30790551750388,109.69503689113567,-8.387131373631789,1.0827885181290209
2024-05-13,64.98391294270128,99.61841749076889,98.51725590402708,1.10116158674181,0.9889462047735018
2024-05-14,127.4922662203648,100.9148755712152,105.76100848311151,-4.846132911896305,1.0480219876744374
2024-05-15,73.677215895721,99.64800767933176,97.7400603362639,1.9079473430678604,0.9808531310511646
2024-05-16,47.04884139132704,97.20153482872688,85.06725560002967,12.13427922869721,0.8751637075386364
2024-05-17,56.01491995143915,95.28587832280652,77.80417168788203,17.481706634924493,0.8165341292597729
2024-05-18,144.90092495632274,97.59355491041194,94.5783600049922,3.015194905419733,0.9691045693626316
2024-05-19,155.9134718315102,100.30610918581186,109.91213796162171,-9.606028775809847,1.0957671357476284
2024-05-20,136.58308300813627,101.99341029382695,116.57987422325034,-14.586463929423388,1.143013787716864
2024-05-21,158.513953211107,104.6222727550958,127.06339397021452,-22.441121215118713,1.214496594491264
2024-05-22,75.54383119678013,103.26978710122067,114.18350327685593,-10.913716175635258,1.1056815984701547
2024-05-23,38.95502938746509,100.27840302151111,95.3763848045082,4.9020182170029045,0.9511159125968284
2024-05-24,118.88650552754089,101.14389616132645,101.25391498526636,-0.11001882393991025,1.001087745549799
2024-05-25,133.9679832450825,102.67059788615232,109.4324320502204,-6.761834164068077,1.0658594992356056
2024-05-26,98.13084283897703,102.45944648860929,106.60703474740956,-4.147588258800269,1.0404802914704492
2024-05-27,148.40792784915737,104.59658515654175,117.05725802284651,-12.460672866304762,1.1191307808618864
2024-05-28,68.04215815971574,102.89637924971264,104.80348305706383,-1.9071038073511914,1.0185342168523193
2024-05-29,151.88935220036657,105.17512217765004,116.57495034288951,-11.39982816523947,1.1083890175556512
2024-05-30,40.51271325783187,102.16756827440268,97.5593910716251,4.608177202777583,0.9548958903342419
2024-05-31,12.83050016191185,98.01235580405428,76.37716834419679,21.63518745985749,0.7792606117550149
2024-06-01,120.36172168962213,99.05186119408069,87.37330668055313,11.678554513527558,0.8820965666508085
2024-06-02,153.55270939552892,101.58678436624106,103.91815735929708,-2.3313729930560214,1.0229495697356459
2024-06-03,122.10306684914171,102.54103006312016,108.46438473175824,-5.923354668638083,1.0577657028014458
2024-06-04,91.72532717006692,102.03797411460606,104.27962034133542,-2.241646226729358,1.0219687449222545
2024-06-05,123.3589788362261,103.02964875282095,109.04945996505808,-6.01981121223713,1.0584279504399832
2024-06-06,41.57574903619498,100.17132783576857,92.1810322328423,7.990295602926267,0.9202337058270144
2024-06-07,116.95976928414379,100.95218557755345,98.37571649566766,2.57646908188579,0.9744783228998942
2024-06-08,0,96.25673508557422,73.78178737175074,22.474947713823482,0.7665103881343025
2024-06-09,0,91.77967763973356,55.336340528813054,36.44333711092051,0.6029258540809446
2024-06-10,49.622512780459935,89.81887927418595,53.907883591724776,35.91099568246117,0.6001843268001873
2024-06-11,53.90872652317895,88.14863961134841,53.90809432458832,34.240545286760096,0.6115590048996801
2024-06-12,34.23933471788714,85.64123008141999,48.990904422913026,36.650325658506965,0.5720481171950103
2024-06-13,28.650554133318305,82.99050096755481,43.90581685051435,39.08468411704046,0.5290462925046122
2024-06-14,0,79.13047766673832,32.92936263788576,46.201115028852556,0.41614007154301735
2024-06-15,33.05368606749833,76.98737108072716,32.9604434952889,44.02692758543826,0.42812792581655007
2024-06-16,37.46804305904693,75.14926280064901,34.087343386228405,41.06191941442061,0.4535951799846587
2024-06-17,25.836205738973007,72.85563223964083,32.02455897441455,40.83107326522627,0.43956188409206326
2024-06-18,45.154155085474756,71.56719144177264,35.3069580021796,36.26023343959304,0.49333999686730956
2024-06-19,0,68.23848486308553,26.4802185016347,41.758266361450836,0.388054021925851
2024-06-20,89.75359340757434,69.23918758608501,42.29856222811961,26.940625357965402,0.6109049470708902
2024-06-21,60.5548742336697,68.83526603480988,46.86264022950713,21.972625805302748,0.6807940599100464
2024-06-22,92.6758420541722,69.94413003571044,58.3159406856734,11.628189350037047,0.8337503183621849
2024-06-23,127.40885996186908,72.61690817181085,75.58917050472232,-2.9722623329114697,1.0409307199480071
2024-06-24,116.91474619338777,74.67727273095397,85.92056442688869,-11.243291695934715,1.150558413338035
2024-06-25,97.39410330946448,75.73386950204748,88.78894914753263,-13.05507964548515,1.1723809932088551
2024-06-26,135.72070408100305,78.52395483130122,100.52188788090024,-21.997933049599013,1.2801429588662292
2024-06-27,52.03595879083118,77.29195501546542,88.40040560838297,-11.10845059291755,1.143720657467535
2024-06-28,89.5782992596511,77.863412887288,88.6948790212,-10.831466133911988,1.1391085457357497
2024-06-29,0,74.24185879950717,66.5211592659,7.720699533607174,0.8960061121940224
2024-06-30,0,70.78874908790219,49.890869449425,20.897879638477193,0.7047852955667862
2024-07-01,54.826768355221255,70.0463313794054,51.12484417587406,18.921487203531342,0.7298718315200102
2024-07-02,100.37175139355531,71.45681603122632,63.43657098029438,8.020245050931948,0.8877609513371698
2024-07-03,59.82985439544053,70.91602711793396,62.53489183408091,8.381135283853055,0.8818160629501005
2024-07-04,21.927052704916807,68.6374701684913,52.382932051789886,16.25453811670142,0.7631827327323844
2024-07-05,0,65.44502969553822,39.28719903884242,26.157830656695808,0.6003083690390708
2024-07-06,174.17751137585145,70.50235442485511,73.00977712309468,-2.5074226982395658,1.0355650916577053
2024-07-07,21.794703238966463,68.23688227667425,60.20600865206262,8.03087362461163,0.8823089016152315
2024-07-08,60.80563798476823,67.89124300728328,60.35591598523902,7.535327022044257,0.8890088516699438
2024-07-09,93.05043898741576,69.06143816914991,68.52954673578321,0.5318914333666953,0.9922982861570845
2024-07-10,86.4346071167127,69.869492538804,73.00581183101559,-3.1363192922115957,1.0448882506113073
2024-07-11,56.70433667426276,69.2571597078951,68.93044304182739,0.32671666606771055,0.9952825575227026
2024-07-12,84.79564722220321,69.9798800573978,72.89674408692134,-2.9168640295235377,1.041681466531372
2024-07-13,152.23746594806988,73.80581428487093,92.73192455220848,-18.92611026733755,1.256431155857604
2024-07-14,219.41842823689794,80.57849400356986,124.40355047338085,-43.82505646981099,1.5438803121131244
2024-07-15,58.77782990171725,79.56450962673951,107.99712033046495,-28.432610703725445,1.3573529307948207
2024-07-16,79.84229627417402,79.57742993592251,100.95841431639222,-21.380984380469712,1.2686815142989345
2024-07-17,0,75.87615412494937,75.71881073729416,0.15734338765520306,0.9979263130759892
2024-07-18,55.92564519258166,74.94822347693227,70.77051935111604,4.177704125816234,0.9442587971675364
2024-07-19,61.52513840030163,74.32389393848433,68.45917411341243,5.8647198250719015,0.9210924035970579
2024-07-20,94.14191943735639,75.24566256633885,74.87986044439842,0.36580212194043327,0.9951385620053106
2024-07-21,0,71.74586430743938,56.15989533329881,15.585968974140563,0.7827614298695234
2024-07-22,70.65033958728175,71.69490966929251,59.782506396794545,11.912403272497968,0.8338458988472094
2024-07-23,116.07024007847579,73.7588785255336,73.85443981721485,-0.09556129168124983,1.001295590342346
2024-07-24,140.618624342423,76.8686341449238,90.5454859485169,-13.676851803593095,1.1779250009389994
2024-07-25,103.45304846300262,78.1051185318112,93.77237657713833,-15.66725804532713,1.2005919501645141
2024-07-26,0,74.47232232102928,70.32928243285374,4.143039888175537,0.9443680583605218
2024-07-27,168.21807125523665,78.832589713318,94.80147963844948,-15.968889925131478,1.2025671106581841
2024-07-28,42.0899752342457,77.1236309003379,81.62360353739854,-4.499972637060637,1.0583475205131008
2024-07-29,58.167721773238625,76.2419607083798,75.75963309635856,0.4823276120212512,0.9936737249601988
2024-07-30,116.24810014215076,78.102711379718,85.88174985780661,-7.779038478088609,1.099600107852454
2024-07-31,136.4933616442201,80.81855557806693,98.53465280440999,-17.716097226343052,1.2192082882254796
2024-08-01,80.18734158459787,80.78919678767303,93.94782499945697,-13.158628211783935,1.162876086578804
2024-08-02,77.13591002515716,80.61927647313742,89.74484625588201,-9.125569782744591,1.113193397173095
2024-08-03,241.0630706769423,88.08177852912836,127.57440236114708,-39.49262383201872,1.4483631517216728
2024-08-04,160.5163192819089,91.45082693623444,135.80988159133753,-44.359054655103094,1.4850590873776144
2024-08-05,70.54820612583161,90.47861201482036,119.49446272496104,-29.015850710140683,1.3206929246888448
2024-08-06,84.89920471383157,90.2191046984953,110.84564822217867,-20.626543523683367,1.2286272247035361
2024-08-07,147.6578814397222,92.89067570971515,120.04870652656454,-27.15803081684939,1.2923655211684142
2024-08-08,99.41833061797004,93.19428756591307,114.89111254941591,-21.696824983502836,1.232812820924508
2024-08-09,99.26586694612361,93.4766866068531,110.98480114859284,-17.508114541739744,1.1872992633359862
2024-08-10,188.34566289876096,97.88919713205811,130.32501658613486,-32.43581945407675,1.3313523902845747
2024-08-11,179.14511554514385,101.66854217452723,142.5300413258871,-40.86149915135988,1.4019089708182686
2024-08-12,59.124232929295104,99.68973709335366,121.6785892267391,-21.98885213338545,1.2205728771415416
2024-08-13,66.16060467722743,98.13024256237104,107.79909308936118,-9.668850526990141,1.0985307920720377
2024-08-14,151.93928271488278,100.63298861597625,118.83414049574158,-18.201151879765334,1.1808666534593497
2024-08-15,135.50353958878267,102.25487470773469,123.00149026900186,-20.746615561267177,1.2028912129554932
2024-08-16,125.24313104484249,103.32409593271646,123.56190046296202,-20.237804530245555,1.195867230643163
2024-08-17,191.2671385007839,107.41447000564983,140.48820997241748,-33.07373996676765,1.3079076772777458
2024-08-18,43.5847626516021,104.44564640778715,116.26234814221363,-11.816701734426474,1.1131373316143536
2024-08-19,73.68951775944672,103.01512879623644,105.61914054652189,-2.6040117502854514,1.0252779546042299
2024-08-20,109.58730425300115,103.32081137562085,106.61118147314171,-3.2903700975208636,1.0318461503803618
2024-08-21,139.6277278211409,105.00950516378458,114.8653180601415,-9.855812896356923,1.093856388332569
2024-08-22,58.418982883069404,102.84250412747225,100.75373426587349,2.088769861598763,0.9796896246323461
2024-08-23,38.80946219883833,99.86422310753579,85.2676662491147,14.596556858421096,0.8538359744354385
2024-08-24,143.41877559862587,101.89001624665627,99.80544358649249,2.0845726601637864,0.9795409527063281
2024-08-25,201.95689324970368,106.54428959563522,125.34330600229528,-18.79901640666006,1.1764432094561899
2024-08-26,32.37096682264542,103.09436760619384,102.10022120738282,0.9941463988110257,0.9903569280952488
2024-08-27,96.32814397541964,102.77965953034389,100.65720189939202,2.122457630951871,0.9793494389684702
2024-08-28,147.82493663037678,104.87478869778728,112.44913558213821,-7.5743468843509305,1.0722227618031759
2024-08-29,67.45728905366842,103.13443987713059,101.20117395002077,1.9332659271098152,0.9812548947723547
2024-08-30,74.88865104304712,101.82068225694066,94.62304322327735,7.197639033663307,0.929310638319731
2024-08-31,251.47395291050884,108.78129949664151,133.83577064508523,-25.054471148443724,1.2303196529472138
2024-09-01,191.27951230562402,112.6184256738035,148.19670606021992,-35.578280386416424,1.315918822095348
2024-09-02,77.45910466578316,110.9831084176165,130.51230571161074,-19.52919729399423,1.1759654921479779
2024-09-03,159.43914646713247,113.2368776292219,137.74401590049118,-24.507138271269284,1.2164236491074754
2024-09-04,118.90197772632163,113.50037065699398,133.0335063569488,-19.533135699954826,1.172097549864513
2024-09-05,44.32415918758616,110.28287244911455,110.85616956460814,-0.5732971154935882,1.0051984238509286
2024-09-06,102.2303043942072,109.9083344000491,108.6997032720079,1.2086311280412048,0.9890032804552293
2024-09-07,261.66915213617614,116.96697708545037,146.94206548804993,-29.975088402599567,1.256269668142701
2024-09-08,207.57892266513372,121.18148618217982,162.1012797823209,-40.91979360014106,1.3376736404873435
2024-09-09,65.90278150002237,118.61038363882368,138.05165521174627,-19.441271572922588,1.1639086813087007
2024-09-10,115.8674744289228,118.48280646627015,132.5056100160404,-14.02280354977026,1.1183530671401165
2024-09-11,151.46271261269354,120.0167555893596,137.2448856652037,-17.228130075844092,1.1435477070688949
2024-09-12,54.88654355325318,116.98744340163373,116.65530013721607,0.3321432644176525,0.9971608639717467
2024-09-13,122.77134019315378,117.25646185705327,118.1843101512005,-0.927848294147239,1.0079129821797834
2024-09-14,185.5957638216522,120.43503404145322,135.03717356881344,-14.602139527360222,1.121244948718269
2024-09-15,0,114.83340455115308,101.27788017661008,13.555524374542998,0.8819548681987689
2024-09-16,45.27288233433413,111.59803142478941,87.2766307160411,24.321400708748314,0.7820624575629581
2024-09-17,65.8975558849578,109.47242791130887,81.93186200827027,27.540565903038598,0.7484246359631347
2024-09-18,72.54971157445965,107.75509226773448,79.58632439981761,28.16876786791687,0.7385852744790407
2024-09-19,49.44490623363652,105.04299059172993,72.05096985827234,32.99202073345759,0.6859188742790707
2024-09-20,0,100.15727009909133,54.038227393704254,46.11904270538708,0.5395337486704819
2024-09-21,18.72900994051597,96.36990916148318,45.21092303040718,51.158986131076,0.4691394173069097
2024-09-22,281.15884307584673,104.96474329703497,104.19790304176706,0.7668402552679083,0.9926943063720877
2024-09-23,0,100.08266221345195,78.1484272813253,21.934234932126657,0.7808388141581695
2024-09-24,22.912038797019534,96.49333089175744,64.33933016024886,32.154000731508575,0.6667748907098617
2024-09-25,65.58137141412438,95.05556533465823,64.64984047371775,30.40572486094048,0.6801268315582321
2024-09-26,6.945030595808001,90.95740092820007,50.22363800424031,40.733762923959766,0.5521665910763398
2024-09-27,0,86.72682414084193,37.66772850318023,49.0590956376617,0.43432616005371727
2024-09-28,0,82.69301836684929,28.25079637738517,54.442221989464116,0.34163460150547564
2024-09-29,0,78.8468314660656,21.18809728303888,57.658734183026716,0.2687247780132949
2024-09-30,14.059292132578788,75.83345754357784,19.405895995423855,56.42756154815398,0.2559015060603866
2024-10-01,70.65528560376193,75.59261233707477,32.218243397508374,43.374368939566395,0.4262088900092234
2024-10-02,49.451071912977426,74.37672673595397,36.52645052637564,37.850276209578325,0.4911005381502965
2024-10-03,94.91942270236058,75.33220096694963,51.124693570371875,24.207507396577753,0.6786565759856541
2024-10-04,0,71.82837766616127,38.343520177778906,33.48485748838237,0.5338213311103213
2024-10-05,0,68.48752289099099,28.757640133334178,39.72988275765681,0.4198960470316138
2024-10-06,20.633881621873147,66.26177213428784,26.72670050546892,39.53507162881892,0.40335022206922777
2024-10-07,0,63.17982924432096,20.045025379101688,43.134803865219276,0.3172693819932444
2024-10-08,24.646789149992408,61.38759482132894,21.19546632182437,40.19212849950457,0.34527279303203445
2024-10-09,76.67750189145772,62.09875328970703,35.06597521423271,27.03277807547432,0.5646808245904072
2024-10-10,22.55720498408938,60.25961150805039,31.938782656696876,28.320828851353514,0.5300197239389768
2024-10-11,55.648296847873254,60.04513175641425,37.86616120449097,22.17897055192328,0.6306283306608839
2024-10-12,98.40379139474449,61.82925546052263,53.00056875205435,8.828686708468283,0.8572085876893258
2024-10-13,0,58.9534761367774,39.750426564040765,19.20304957273663,0.6742677305599744
2024-10-14,83.63786139594183,60.10158707906412,50.72228527201603,9.379301807048087,0.8439425269160783
2024-10-15,22.57064625605239,58.355961924505436,43.68437551802512,14.671586406480316,0.7485846188910502
2024-10-16,71.93832093980576,58.98769955312406,50.747861873470285,8.239837679653775,0.8603126119015148
2024-10-17,22.990043206626027,57.31338995561253,43.80840720675921,13.504982748853315,0.7643660101055464
2024-10-18,106.13810034818549,59.58430671805778,59.39083049211578,0.19347622594199976,0.9967528995872312
2024-10-19,31.024090516832135,58.25592456916357,52.29914549829487,5.9567790708686985,0.8977480983123984
2024-10-20,85.15229749734203,59.50691865884629,60.51243349805666,-1.0055148392103703,1.0168974442107834
2024-10-21,15.009133807841074,57.43725424717163,49.13660857550276,8.300645671668867,0.8554832437357833
2024-10-22,98.19662975341348,59.333039154438694,61.401613869980444,-2.06857471554175,1.0348637916409873
2024-10-23,26.637440321666748,57.812313627333026,52.71057048290202,5.101743144431005,0.9117533475959919
2024-10-24,16.211855079387377,55.87740857859137,43.58589163202336,12.29151694656801,0.7800270760577585
2024-10-25,61.23981829994074,56.12682298423553,47.999373299002706,8.127449685232826,0.8551949094219925
2024-10-26,0,53.51627307799202,35.99952997425203,17.51674310373999,0.6726838007032997
2024-10-27,0,51.0271440976203,26.99964748068902,24.02749661693128,0.5291232334795521
2024-10-28,15.700389289953733,49.38403922284512,24.1748329330052,25.20920628983992,0.48952725036173966
2024-10-29,91.33059195287605,51.335041675404696,40.963772687972906,10.37126898743179,0.7979690159051965
2024-10-30,17.29151522368116,49.75162184044081,35.045708321899966,14.705913518540846,0.7044133844237517
2024-10-31,0,47.437592917629615,26.284281241424974,21.15331167620464,0.5540812596986272
2024-11-01,69.48756052652995,48.46317280641568,37.08510106270121,11.378071743714465,0.7652223103524616
2024-11-02,71.26043821546766,49.523510732418096,45.628935350892824,3.8945753815252715,0.9213590610833404
2024-11-03,52.96214184231227,49.68344706311085,47.462236973747686,2.2212100893631614,0.9552927539931572
2024-11-04,15.356467582620045,48.08684336634383,39.43579462596578,8.651048740378052,0.820095308080608
2024-11-05,58.127658545473714,48.553858025838245,44.10876060584276,4.445097419995484,0.90845017056032
2024-11-06,80.18045140958772,50.024862369268455,53.126683306779,-3.1018209375105457,1.0620055866131493
2024-11-07,25.520114036107522,48.885106632842366,46.22504098911113,2.6600656437312367,0.9455853566065515
2024-11-08,93.70101620019534,50.96956754295181,58.09403479188218,-7.124467248930372,1.139778844342496
2024-11-09,54.28658308241102,51.12384733548479,57.142171864514395,-6.018324529029606,1.1177204933036133
2024-11-10,0,48.74599397104364,42.85662889838579,5.889365072657846,0.8791825831465154
2024-11-11,24.342822549449536,47.61096274213229,38.228177311151725,9.382785430980562,0.8029280465803227
2024-11-12,75.00226582694722,48.884976839100425,47.421699440100596,1.4632773989998284,0.9700669306894404
2024-11-13,0,46.61125698611901,35.566274580075444,11.044982406043566,0.7630404515781276
2024-11-14,0,44.44329154490417,26.674705935056583,17.768585609847587,0.6001964527650943
2024-11-15,45.09955037330482,44.47381521134141,31.280917044618644,13.192898166722767,0.7033558262376879
2024-11-16,0,42.405265666627855,23.46068778346398,18.944577883163873,0.5532493999058672
2024-11-17,39.88001216464572,42.28781201537288,27.565518878759416,14.722293136613462,0.6518549332390778
2024-11-18,0,40.32093703791367,20.67413915906956,19.64679787884411,0.5127395511447808
2024-11-19,42.13136255699101,40.40514287601029,26.03844500854992,14.366697867460367,0.6444339298046455
2024-11-20,15.619513757230227,39.252322916997265,23.433712195719995,15.81861072127727,0.5970019212538271
2024-11-21,57.92555668331624,40.12084541775629,32.05667331761906,8.064172100137235,0.7990029368282635
2024-11-22,0,38.25475958437228,24.042504988214294,14.212254596157987,0.6284840173824432
2024-11-23,122.96812687898064,42.194916202726155,48.77391046090588,-6.578994258179726,1.1559191212850128
2024-11-24,0,40.23236196073889,36.58043284567941,3.651929115059481,0.9092290649121602
2024-11-25,54.12235510950235,40.87840815370464,40.96591341163514,-0.08750525793050201,1.0021406229078036
2024-11-26,73.08980109071138,42.376612476356115,48.9968853314042,-6.620272855048086,1.1562246830745526
2024-11-27,65.35751109418936,43.44549148183673,53.08704177210049,-9.641550290263758,1.2219229190461036
2024-11-28,72.79837241980798,44.81074175802144,58.01487443402736,-13.20413267600592,1.2946644522425836
2024-11-29,113.45499415142334,48.003497683295954,71.87490436337634,-23.87140668008039,1.4972847361264214
2024-11-30,108.61728960828614,50.82274381934201,81.06050067460379,-30.23775685526178,1.5949650605475378
2024-12-01,0,48.45889526960517,60.79537550595284,-12.336480236347668,1.2545761756733835
2024-12-02,49.75225253077913,48.519051421287685,58.034594762159415,-9.51554334087173,1.1961197315473624
2024-12-03,65.26269233432649,49.297825417242976,59.84161915520118,-10.543793737958204,1.2138794895617528
2024-12-04,127.60683919911483,52.94010512802771,76.78292416617958,-23.842819038151873,1.4503734735516904
2024-12-05,17.44075848264046,51.28897272591668,61.9473827452948,-10.658410019378124,1.207810947494071
2024-12-06,92.59595406762358,53.210227672042585,69.609525575877,-16.399297903834416,1.3081982284233422
2024-12-07,139.04053011737966,57.20233476252338,86.96727671125267,-29.764941948729287,1.5203448787672513
2024-12-08,27.659126293149544,55.82823204301762,72.14023910672688,-16.31200706370926,1.2921820459914994
2024-12-09,55.27742122536685,55.80261293521991,67.92453463638688,-12.121921701166968,1.2172285680246162
2024-12-10,64.85818077351195,56.22380213700094,67.15794617066814,-10.934144033667202,1.1944753577111242
2024-12-11,46.3743632237637,55.765688699175946,61.96205043394203,-6.196361734766086,1.111114233109911
2024-12-12,21.882815623304243,54.18974111425168,51.942241731282586,2.247499382969096,0.9585253714501224
2024-12-13,57.79845418817297,54.357588233968954,53.40629484550518,0.9512933884637746,0.9824993451631507
2024-12-14,144.92309681085564,58.56993747010322,76.28549533684279,-17.715557866739566,1.3024684442335275
2024-12-15,41.301402850977944,57.76674981339972,67.53947221537658,-9.772722401976857,1.1691755626268725
2024-12-16,53.82189909787534,57.583268384770676,64.11007893600127,-6.5268105512305965,1.1133456077294048
2024-12-17,17.96815889947623,55.74070515289652,52.57459892687001,3.166106226026507,0.9431993869061203
2024-12-18,54.403591869269164,55.67851383737897,53.0318471624698,2.64666667490917,0.9524652061728553
2024-12-19,18.602798822047166,53.95406197620075,44.42458507736414,9.529476898836606,0.823377952454007
2024-12-20,53.27181126414513,53.92232938494235,46.636391624059385,7.285937760882966,0.864880878759247
2024-12-21,142.83941171523398,58.058007632862896,70.68714664685302,-12.629139013990127,1.2175262212343654
2024-12-22,59.37072519572373,58.11906426369363,67.8580412840707,-9.738977020377064,1.1675694050238405
2024-12-23,60.23432914390532,58.21744867672673,65.95211324902935,-7.73466457230262,1.1328581850798591
2024-12-24,55.955475663004464,58.11224062957687,63.45295385252312,-5.340713222946256,1.0919034124995715
2024-12-25,54.17480299416494,57.92910399537166,61.13341613793357,-3.2043121425619105,1.0553143743041946
2024-12-26,0,55.23472706535438,45.85006210345018,9.3846649619042,0.8300948432019906
2024-12-27,0,52.6656699925472,34.387546577587635,18.278123414959566,0.6529404559326965
2024-12-28,45.41810034073741,52.32857372967233,37.145185018375074,15.183388711297255,0.7098451643179885
2024-12-29,0,49.89468657945501,27.858888763781305,22.035797815673707,0.5583538182739949
2024-12-30,0,47.574003482736174,20.894166572835978,26.679836909900196,0.43919294242240803
2024-12-31,29.166777041394575,46.71785341569703,22.962319189975627,23.7555342257214,0.4915105791604899
2025-01-01,33.18651274986561,46.088488733565335,25.51836757994812,20.570121153617215,0.5536820208385336
2025-01-02,26.87156612860698,45.194678379846344,25.856667217112836,19.33801116273351,0.5721175178905793
2025-01-03,0,43.09260031566745,19.39250041283463,23.700099902832818,0.4500192671207627
2025-01-04,27.85886989996746,42.38405471493722,21.509092784617835,20.874961930319387,0.5074807714546009
2025-01-05,26.977582142714613,41.667474595298955,22.87621512414203,18.791259471156927,0.5490185173395167
2025-01-06,0,39.729452521099006,17.157161343106523,22.572291177992483,0.4318499313214314
2025-01-07,0,37.88157100848975,12.867871007329892,25.013700001159858,0.33968683622192836
2025-01-08,138.23915748815796,42.549365728474314,44.21069262753691,-1.661326899062594,1.0390446924314969
2025-01-09,77.35662503783429,44.16830802193292,52.49717573011125,-8.328867708178329,1.188571128938284
2025-01-10,0,42.113968113936046,39.37288179758344,2.7410863163526074,0.9349126562979836
2025-01-11,170.40520164341478,48.081002231586226,72.13096175904127,-24.049959527455044,1.5001967182405263
2025-01-12,48.82504869573889,48.1156090438724,66.30448349321567,-18.188874449343274,1.3780244043337457
2025-01-13,126.90997470805904,51.78046326081132,81.45585629692651,-29.675393036115196,1.5731001842349515
2025-01-14,7.983584287606647,49.743399122522725,63.08778829459654,-13.344389172073818,1.268264521649135
2025-01-15,137.72548937958538,53.83558936703727,81.74721356584375,-27.91162419880648,1.5184604557218406
2025-01-16,56.27600302951594,53.94909697924559,75.3794109317618,-21.430313952516208,1.3972321160326984
2025-01-17,0,51.43983665462952,56.534558198821344,-5.094721544191827,1.0990423351710676
2025-01-18,218.57847958382231,59.213727023429186,97.0455385450716,-37.83181152164241,1.638902724448244
2025-01-19,35.34197911803339,58.103413167364266,81.61964868831204,-23.516235520947774,1.404730707502597
2025-01-20,59.764929251157895,58.18069298521513,76.1559688290235,-17.97527584380836,1.3089560285414146
2025-01-21,147.16599924247726,62.31954443904128,93.90847643238693,-31.588931993345653,1.5068864394979318
2025-01-22,139.21080903529253,65.89588232723901,105.23405958311334,-39.33817725587433,1.5969747405296726
2025-01-23,113.97203190355602,68.13198230753282,107.418552663224,-39.28657035569118,1.576624501791003
2025-01-24,27.55333341230489,66.24460328915012,87.45224785049423,-21.20764456134411,1.3201414682408923
2025-01-25,193.52702588281218,72.1647159679251,113.97094235857372,-41.80622639064862,1.579316717710783
2025-01-26,158.0627496650493,76.1599733491867,124.99389418519262,-48.833920836005916,1.641201916004691
2025-01-27,54.718418752483046,75.1626917400377,107.42502532701522,-32.26233358697752,1.4292333448771735
2025-01-28,104.38541781995033,76.52188830189411,106.66512345024901,-30.143235148354904,1.3939165095879484
2025-01-29,142.43270028060869,79.58750746369479,115.60701765783894,-36.01951019414415,1.4525774375975085
2025-01-30,62.65806969536675,78.80009175353999,102.3697806672209,-23.569688913680906,1.2991073790383367
2025-01-31,56.77500572254225,77.77566914744708,90.97108693105123,-13.195417783604157,1.169659971133371
2025-02-01,133.76566978581604,80.37985522365028,101.66973264474244,-21.289877421092157,1.2648658343634729
2025-02-02,40.75958548567577,78.53705198002356,86.44219585497576,-7.905143874952202,1.100654960614797
2025-02-03,56.082229048603814,77.49264161112032,78.85220415338279,-1.3595625422624664,1.0175444082557874
2025-02-04,108.49453922687987,78.93459033743471,86.26278792175705,-7.328197584322339,1.0928388625557242
2025-02-05,152.55799911237105,82.35893493161781,102.83659071941054,-20.477655787792727,1.2486391525527445
2025-02-06,65.50798960367838,81.57517003264388,93.5044404404775,-11.929270407833613,1.1462365374404202
2025-02-07,0,77.78097607763719,70.12833033035812,7.652645747279067,0.9016128861568646
2025-02-08,189.19454062331127,82.96300233557552,99.89488290359641,-16.931880568020887,1.2040895349752332
2025-02-09,187.321137948054,87.81686910824894,121.75144666471081,-33.934577556461875,1.3864243612835414
2025-02-10,55.03759574066229,86.29225174231468,105.0729839336987,-18.78073219138402,1.217641002650496
2025-02-11,83.23663909912108,86.1501302240266,99.61389772505429,-13.46376750102769,1.1562826134430666
2025-02-12,177.1553961866112,90.38293329205379,118.99927234044351,-28.61633904838972,1.3166121966257203
2025-02-13,85.21608605278863,90.1426148158089,110.5534757685298,-20.410860952720896,1.226428543183494
2025-02-14,55.37122102800749,88.52534068614372,96.75791208339922,-8.232571397255498,1.0929967773335107
2025-02-15,181.2289501588727,92.83713647557298,117.87567160226759,-25.03853512669461,1.26970387148911
2025-02-16,229.42825408286407,99.1902117131214,145.76381722241672,-46.57360550929532,1.4695383214074214
2025-02-17,81.13943468237838,98.35064068843567,129.60772158740713,-31.257080898971452,1.3178126820411138
2025-02-18,79.40172888861761,97.46929595356042,117.05622341270976,-19.586927459149337,1.2009548470246532
2025-02-19,169.80317553009954,100.83366244549248,130.2429614420572,-29.40929899656473,1.2916615174140957
2025-02-20,81.6358363172743,99.94074029999396,118.09118016086148,-18.15043986086752,1.1816120213358776
2025-02-21,0,95.29233377441285,88.56838512064611,6.72394865376674,0.9294387240991085
2025-02-22,174.4378990381943,98.97352285644921,110.03576360003316,-11.062240743583956,1.1117696978263247
2025-02-23,50.12019048014898,96.70127483894687,95.0568703200621,1.6444045188847696,0.9829950068124078
2025-02-24,45.23136994965228,94.30732577432852,82.60049522745965,11.706830546868872,0.8758650990087615
2025-02-25,41.51711004623986,91.85196690325462,72.3296489321547,19.522317971099923,0.7874589012073117
2025-02-26,182.72491049314888,96.07861544231947,99.92846432240324,-3.849848880083769,1.0400697789130293
2025-02-27,86.7478413221571,95.64462594835844,96.63330857234172,-0.98868262398328,1.0103370431236436
2025-02-28,101.17773402892323,95.90197981257076,97.7694149364871,-1.8674351239163371,1.0194723312964606
2025-03-01,0,91.44142261198607,73.32706120236531,18.114361409620756,0.8019020166901007
2025-03-02,132.1393488109999,93.3343494119402,88.03013310452397,5.304216307416226,0.9431697296678125
2025-03-03,75.30405947886265,92.49573127551798,84.84861469810863,7.647116577409349,0.9173246540908128
2025-03-04,138.87430233524162,94.65287411550513,98.35503660739188,-3.702162491886753,1.0391130488687526
2025-03-05,89.114059794861,94.3952548447775,96.04479240425917,-1.6495375594816721,1.0174747932104922
2025-03-06,92.97533701578774,94.32921215505705,95.27742855714132,-0.9482164020842703,1.0100522031236256
2025-03-07,111.91038154869969,95.14694096406369,99.4356668050309,-4.288725840967217,1.0450747632710753
2025-03-08,171.37837140251594,98.69258889143356,117.42134295440216,-18.728754062968605,1.1897685963267346
2025-03-09,215.39389405423583,104.12055657342437,141.91448072936058,-37.79392415593621,1.362982348523286
2025-03-10,120.54720013904623,104.8845865067091,136.572660581782,-31.688074075072905,1.3021232683388022
2025-03-11,44.9544447632575,102.0971380535253,113.66810662715088,-11.570968573625578,1.1133329375642838
2025-03-12,89.53467513484239,101.51283745265633,107.63474875407374,-6.121911301417413,1.060306769606477
2025-03-13,0,96.79131012927697,80.72606156555531,16.065248563721653,0.8340217882876209
2025-03-14,125.42906869765426,98.12329889989917,91.90181334858005,6.22148555131912,0.9365952263936561
2025-03-15,235.07049925962704,104.49293612593303,127.69398482634179,-23.201048700408762,1.2220346136242668
2025-03-16,213.3401586591159,109.55559763910432,149.10552828453532,-39.549930645431004,1.36100328505673
2025-03-17,155.82807507366527,111.7078058918746,150.78616498181782,-39.07835908994322,1.3498265745763418
2025-03-18,31.056119918006992,107.95656468378775,120.85365371586511,-12.89708903207736,1.1194655375403466
2025-03-19,76.54752203779833,106.49567897932313,109.77712079634841,-3.281441817025282,1.0308129104151877
2025-03-20,106.24788911775013,106.48415386948253,108.89481287669884,-2.41065900721631,1.0226386642387035
2025-03-21,50.82139460151285,103.8951883221351,94.37645830790234,9.518730014232759,0.9083814162247092
2025-03-22,213.10535171377197,108.97473080546706,124.05868165936974,-15.083950853902678,1.1384169590626556
2025-03-23,248.1989785967655,115.45027721436466,155.09375589371868,-39.64347867935402,1.34338140742964
2025-03-24,50.19444317759044,112.4151221428868,128.8689277146866,-16.453805571799805,1.1463664786107655
2025-03-25,107.36192740769506,112.18008982962208,123.49217763793872,-11.312087808316647,1.1008386410137172
2025-03-26,84.04994319085651,110.87171091619113,113.63161902616818,-2.7599081099770473,1.0248928070663434
2025-03-27,0,105.71488715264736,85.22371426962613,20.491172883021235,0.806165683606708
2025-03-28,78.49685467190211,104.44893215354294,83.54199937019513,20.906932783347813,0.7998358398397615
2025-03-29,223.47034488553976,109.98481181549627,118.52408574903129,-8.539273933535014,1.0776404831858268
2025-03-30,95.94752487846688,109.33191474865771,112.87994553139018,-3.548030782732468,1.0324519221112751
2025-03-31,47.212089440833374,106.44262054829379,96.46298150875099,9.979639039542803,0.9062439557665605
2025-04-01,38.9457192832662,103.30322979178088,82.08366595237979,21.21956383940109,0.7945895410727616
2025-04-02,122.31183685434667,104.18735105050487,92.14070867787152,12.046642372633357,0.8843751928419975
2025-04-03,115.4108363087972,104.70937362065801,97.95824058560294,6.7511330350550764,0.9355250365602542
2025-04-04,34.33438515557183,101.43611834321214,82.05227672809517,19.383841615116978,0.8089059209625897
2025-04-05,13.961590922510023,97.36753567248182,65.02960527669887,32.33793039578295,0.6678776948281107
2025-04-06,173.90000343322754,100.92718533577232,92.24720481583104,8.679980519941282,0.9139975964654314
2025-04-07,0,96.2328976457364,69.18540361187328,27.047494033863117,0.7189371338047785
2025-04-08,39.311426086425776,93.58538734065219,61.716909230511405,31.868478110140785,0.659471643849712
2025-04-09,0,89.23257862713349,46.28768192288355,42.94489670424994,0.5187307442473689
2025-04-10,0,85.08222613284822,34.71576144216266,50.36646469068556,0.4080260122431341
2025-04-11,0,81.12491328945994,26.036821081621994,55.088092207837946,0.32094729011789097
2025-04-12,96.4631532099937,81.83831979739175,43.64340411371492,38.194915683676825,0.5332881249423278
2025-04-13,23.307955106284098,79.1159772536193,38.55954186185721,40.55643539176209,0.4873799604062383
2025-04-14,0,75.43616435810213,28.91965639639291,46.51650796170922,0.3833659444656462
2025-04-15,0,71.92750555074855,21.689742297294682,50.23776325345386,0.30155004168314864
2025-04-16,44.255886282778135,70.64045349177317,27.331278293665545,43.309175198107624,0.3869068917636783
2025-04-17,48.33727950114365,69.60309656197644,32.58277859553507,37.020317966441375,0.4681225434568759
2025-04-18,41.873792889176706,68.31336150742762,34.90553216894548,33.40782933848214,0.510962005063084
2025-04-19,0,65.13599585591936,26.179149126709106,38.956846729210255,0.40191523568957777
2025-04-20,0,62.10641465331846,19.63436184503183,42.472052808286634,0.3161406427068092
2025-04-21,0,59.217744204326905,14.725771383773871,44.49197282055303,0.24867160310455091
2025-04-22,0,56.46343052040473,11.044328537830403,45.419101982574325,0.1956014439052478
2025-04-23,0,53.83722444968823,8.283246403372802,45.55397804631543,0.1538572333155803
2025-04-24,0,51.33316749853994,6.212434802529602,45.12073269601034,0.12102184815665776
2025-04-25,0,48.945578312561345,4.659326101897202,44.286252210664145,0.0951940147085001
2025-04-26,0,46.6690397863957,3.4944945764229014,43.1745452099728,0.07487821888648948
2025-04-27,39.042837233990575,46.314332690935,12.38158024081482,33.93275245012018,0.26733798202755715
2025-04-28,63.526569953949355,47.11490186595893,25.167827669098454,21.947074196860473,0.5341797748017454
2025-04-29,66.88273824148854,48.034336115983564,35.596555312195974,12.43778080378759,0.741064792183316
2025-04-30,99.02623105109676,50.4060521594772,51.45397424692117,-1.0479220874439719,1.0207896084205865
2025-05-01,39.95879912401302,49.92013341364165,48.58018046619413,1.3399529474475216,0.9731580655580838
2025-05-02,61.582247517903646,50.46255732546779,51.83069722912151,-1.36813990365372,1.027111981142821
2025-05-03,131.99176532235666,54.2546135113696,71.8709642524303,-17.6163507410607,1.324697746414585
2025-05-04,120.42158526022803,57.332147081083946,84.00861950437974,-26.67647242329579,1.4652969368843345
2025-05-05,57.915972355951354,57.35930174503127,77.48545771727264,-20.12615597224137,1.3508786780626025
2025-05-06,0,54.691427245262375,58.114093287954475,-3.4226660426921,1.0625813992068749
2025-05-07,162.07773092607403,59.686139044369895,84.10500269748437,-24.41886365311447,1.4091211802719001
2025-05-08,65.23964408026801,59.94444160417911,79.38866304318027,-19.44422143900116,1.3243707159050626
2025-05-09,60.02993772718641,59.948418168039915,74.5489817141818,-14.600563546141892,1.2435521068124245
2025-05-10,138.3290146509409,63.594027306779495,90.49398994837158,-26.899962641592083,1.4229951110094485
2025-05-11,142.6999969482422,67.27337473196381,103.54549169833923,-36.27211696637542,1.5391749278128923
2025-05-12,61.480170682385314,67.00392338082062,93.02916144435076,-26.02523806353014,1.3884136442910335
2025-05-13,105.81664560953776,68.80916627517956,96.22603248564752,-27.41686621046796,1.3984478768340949
2025-05-14,62.06467854817708,68.49546917159806,87.68569400127991,-19.190224829681853,1.2801677988411968
2025-05-15,0,65.3096333961749,65.76427050095994,-0.4546371047850357,1.0069612564048582
2025-05-16,100.94558429028517,66.96711948427306,74.55959894829125,-7.592479464018197,1.1133762288325375
2025-05-17,0,63.852369740818496,55.91969921121844,7.932670529600053,0.8757654482883703
2025-05-18,165.54446893214802,68.58223481948498,83.32589164145084,-14.743656821965857,1.2149777833801654
2025-05-19,85.63969048394095,69.3756048503899,83.90434135207337,-14.528736501683468,1.2094214029817196
2025-05-20,73.57269692314993,69.57081843516944,81.32143024484252,-11.750611809673075,1.168901445646412
2025-05-21,67.54307340833876,69.47650471299127,77.87684103571658,-8.400336322725309,1.1209090232202432
2025-05-22,193.4948966274514,75.24480201133825,106.78135493365028,-31.536552922312026,1.4191193554624653
2025-05-23,0,71.74504377825275,80.08601620023771,-8.340972421984958,1.1162585174057278
2025-05-24,236.99760384947666,79.43120936296084,119.31391311254745,-39.88270374958661,1.5021036953603528
2025-05-25,152.3000030517578,82.82045558104443,127.56043559735005,-44.73998001630562,1.5402044664072736
2025-05-26,0,78.9683413679726,95.67032669801253,-16.701985330039932,1.2115022936976905
2025-05-27,0,75.29539525783434,71.75274502350939,3.5426502343249524,0.9529499749201555
2025-05-28,161.1519224776268,79.28872210526654,94.10253938703875,-14.813817281772202,1.1868338508586127
2025-05-29,0,75.6008745654867,70.57690454027906,5.023970025207646,0.933546138784554
2025-05-30,113.38777334274651,77.35840474117322,81.27962174089592,-3.921216999722702,1.0506889589022896
2025-05-31,76.71362377590603,77.3284149288352,80.13812224964845,-2.8097073208132457,1.0363347331296349
2025-06-01,226.66710715718887,84.27440061387492,116.77036847653355,-32.49596786265863,1.3855971401109306
2025-06-02,133.30378864078855,86.55483726628951,120.90372351759729,-34.348886251307775,1.3968453680322357
2025-06-03,37.533033807258434,84.27475338447411,100.06105109001257,-15.786297705538459,1.1873194173862682
2025-06-04,161.2840209885331,87.8565797846629,115.36679356464269,-27.510213779979793,1.3131263912855975
2025-06-05,0,83.77022723653904,86.52509517348201,-2.754867936942972,1.0328860029009024
2025-06-06,0,79.87393759763025,64.89382138011152,14.980116217518727,0.8124530144764565
2025-06-07,268.1819410646118,88.63244938679219,115.7158513012366,-27.08340191444441,1.305569823473419
2025-06-08,269.06264354341255,97.02455144058848,154.05254936178056,-57.02799792119208,1.5877687355712697
2025-06-09,0,92.5117816061425,115.53941202133542,-23.027630415192917,1.2489156517597
2025-06-10,125.52608833911734,94.04733075651343,118.0360811007809,-23.988750344267473,1.2550710386998518
2025-06-11,181.5671313102856,98.1180191543633,133.91884365315707,-35.80082449879377,1.3648751249360789
2025-06-12,0,93.55439035648594,100.4391327398678,-6.884742383381862,1.0735907994918696
2025-06-13,117.87600172628501,94.68562809461612,104.79834998647212,-10.112721891855998,1.1068031346916123
2025-06-14,149.88252058856963,97.25292541991628,116.0693926369965,-18.816467217080216,1.193479703922956
2025-06-15,40.62884441326475,94.6192472335604,97.20925558106356,-2.590008347503158,1.0273729544696393
2025-06-16,60.598736715717926,93.03689790714913,88.05662586472715,4.980272042421973,0.9464699258530872
2025-06-17,125.27007538134889,94.53611546408865,97.35998824388258,-2.8238727797939305,1.0298708357636797
2025-06-18,88.71235977550596,94.26524310648016,95.19808112678842,-0.9328380203082673,1.009895885148725
2025-06-19,0,89.88081319455085,71.39856084509131,18.482252349459543,0.794369324293403
2025-06-20,207.3000030517578,95.34217086232792,105.37392139675794,-10.031750534430017,1.1052183985595465
2025-06-21,233.2620544422022,101.75704916836858,137.345954658119,-35.58890548975043,1.3497438828981254
2025-06-22,113.0494137396471,102.28227542749781,131.27181942850103,-28.989544001003225,1.283426858451823
2025-06-23,147.20810591659335,104.37184893861853,135.2558910505241,-30.884042111905572,1.295903947517234
2025-06-24,122.5710604570883,105.21832389296596,132.08468340216515,-26.8663595091992,1.2553391701551322
2025-06-25,93.03733219483522,104.65176613956453,122.32284560033267,-17.67107946076814,1.1688560079916184
2025-06-26,0,99.78424213307316,91.7421342002495,8.042107932823669,0.9194050306759052
2025-06-27,63.696655663400904,98.10574973913494,84.73076456603735,13.374985173097585,0.8636676727966954
2025-06-28,202.88780966484964,102.97933392172632,114.27002584074043,-11.290691919014108,1.1096403665466161
2025-06-29,33.6195860360487,99.75329913634597,94.10741588956749,5.645883246778482,0.9434015386297658
2025-06-30,92.4554616341083,99.4138648339163,93.69442732570269,5.719437508213616,0.942468412039798
2025-07-01,135.92088028317553,101.1118655524865,104.2510405650709,-3.1391750125843885,1.0310465541744338
2025-07-02,184.4556041848657,104.98831851213205,124.3021814700196,-19.31386295788755,1.1839620181598751
2025-07-03,33.4620398874996,101.66151485517241,101.5921460743896,0.06936878078280984,0.9993176495364942
2025-07-04,76.08747768825953,100.47202475438577,95.21597897785709,5.25604577652868,0.9476864750130665
2025-07-05,247.527271995102,107.31180369581443,133.29380223216833,-25.9819985363539,1.2421168747546192
2025-07-06,0,102.32055701228818,99.97035167412625,2.3502053381619277,0.977030956361421
2025-07-07,77.38709671020507,101.16086118428431,94.32453793314595,6.836323251138367,0.9324212628081814
2025-07-08,81.41914903428817,100.24264201451705,91.0981907084315,9.144451306085543,0.9087768326609944
2025-07-09,0,95.58019354872556,68.32364303132363,27.256550517401934,0.7148305573976294
2025-07-10,0,91.13460315111043,51.24273227349272,39.891870877617706,0.5622752555137019
2025-07-11,88.97266859266493,91.03404805536877,60.67521635328578,30.358831702082995,0.666511241109649
2025-07-12,97.93643900553384,91.35508949491134,69.9905220163478,21.364567478563544,0.7661370855477107
2025-07-13,251.0,98.78043416956663,115.24289151226085,-16.462457342694222,1.166657066046785
2025-07-14,0,94.18599537098214,86.43216863419565,7.753826736786493,0.917675375121713
2025-07-15,93.85529591878255,94.1706140011124,88.28795045534237,5.882663545770029,0.9375318552490475
2025-07-16,84.39971632215712,93.71615364395169,87.31589192204606,6.400261721905622,0.9317058855493223
2025-07-17,0,89.35726277679115,65.48691894153455,23.87034383525659,0.7328662148524392
2025-07-18,72.46964184231227,88.5717920356526,67.23259966672899,21.33919236892362,0.7590746232040436
2025-07-19,81.718363087972,88.25302789855118,70.85404052203974,17.398987376511442,0.8028510999382954
2025-07-20,198.60000610351562,93.38544548947976,102.79053191740871,-9.40508642792895,1.1007125508427087
2025-07-21,22.152619860716804,90.07229080907219,82.63105390323574,7.441236905836448,0.9173859481099781
2025-07-22,101.2801672024197,90.59358738550695,87.29333222803173,3.3002551574752204,0.9635707641822917
2025-07-23,133.44087354586875,92.58648441622145,98.83021755749098,-6.24373314126953,1.067436766603357
2025-07-24,102.84737718370225,93.0637352426159,99.8345074640438,-6.77077222142789,1.0727541421231785
2025-07-25,69.57277523965867,91.97113245178068,92.26907440794751,-0.29794195616683794,1.0032395160005212
2025-07-26,188.65001013616757,96.467824437101,116.36430834000252,-19.896483902901522,1.2062499493255203
2025-07-27,187.39999389648438,100.69722766777,134.12322972912298,-33.42600206135299,1.3319456040071265
2025-07-28,72.80979516849663,99.40013778408287,118.7948710889664,-19.39473330488353,1.1951177708205765
2025-07-29,121.48938347437226,100.42754456037541,119.46849918531788,-19.040954624942472,1.1895989263414257
2025-07-30,83.51973782009547,99.64113494454844,110.48130884401228,-10.840173899463835,1.108792156014559
2025-07-31,0,95.00666355177874,82.8609816330092,12.14568191876954,0.8721596836939517
2025-08-01,0,90.58774896797509,62.1457362247569,28.442012743218186,0.6860280438808658
2025-08-02,0,86.37436529504602,46.60930216856768,39.76506312647834,0.53961961988161
2025-08-03,0,82.35695295574156,34.95697662642576,47.399976329315805,0.42445689612614856
2025-08-04,0,78.52639700431172,26.217732469819317,52.3086645344924,0.33387158292829716
2025-08-05,0,74.87400644597165,19.66329935236449,55.210707093607155,0.26261850120563157
2025-08-06,0,71.39149451825203,14.747474514273367,56.64402000397867,0.2065718698506366
2025-08-07,0,68.07095988949612,11.060605885705026,57.01035400379109,0.16248640982142631
2025-08-08,59.46730731540255,67.67079000232899,23.162281243129407,44.50850875919958,0.34227886569655774
2025-08-09,64.46476067437065,67.52167235916814,33.48790110093972,34.03377125822841,0.4959578151783848
2025-08-10,179.40000343322754,72.72531566493834,69.96592668401168,2.7593889809266585,0.9620573804780465
2025-08-11,0,69.3427428433133,52.47444501300876,16.86829783030454,0.756740256595029
2025-08-12,0,66.11749899013594,39.35583375975657,26.76166523037937,0.5952408115895735
2025-08-13,0,63.04226647896683,29.51687531981743,33.5253911591494,0.46820771155486796
2025-08-14,98.2096009996202,64.67795645667164,46.690056739768124,17.987899716903513,0.7218851568126513
2025-08-15,192.1999969482422,70.60921415395399,83.06754179188664,-12.458327637932655,1.1764405366358064
2025-08-16,83.42207480921131,71.20516116117525,83.15617504621781,-11.951013885042556,1.1678391522325635
2025-08-17,126.4000015258789,73.77236303860333,93.96713166613308,-20.194768627529754,1.2737443643453383
2025-08-18,24.98211416609553,71.50304913755646,76.7208772911237,-5.21782815356724,1.0729735055417886
2025-08-19,0,68.17732592185617,57.54065796834277,10.636667953513395,0.8439852574072945
2025-08-20,0,65.00628750688611,43.15549347625708,21.850794030629032,0.6638664524723359
2025-08-21,0,61.98273925075188,32.36662010719281,29.616119143559068,0.5221876363955309
2025-08-22,59.23643030802408,61.85500395109012,39.084072657400625,22.770931293689493,0.6318659794714951
2025-08-23,94.06733048184937,63.35325169670683,52.82988711351281,10.523364583194017,0.8338938522933792
2025-08-24,188.60000610351562,69.17868213423282,86.77241686101351,-17.593734726780696,1.2543230686497882
2025-08-25,0,65.96106901171036,65.07931264576013,0.8817563659502383,0.9866321698518814
2025-08-26,0,62.89311231349128,48.809484484320095,14.083627829171185,0.7760704262853573
2025-08-27,0,59.967851275654475,36.607113363240074,23.3607379124144,0.6104456401873991
2025-08-28,0,57.17864889074031,27.455335022430056,29.723313868310257,0.4801676072201855
2025-08-29,56.03724032931857,57.12556012044163,34.60081134915218,22.524748771289445,0.6056975419688715
2025-08-30,195.3000030517578,63.5522783963168,74.77560927480359,-11.223330878486784,1.1765999765943975
2025-08-31,28.756327115221183,61.933862057661194,63.27078873490799,-1.3369266772467938,1.0215863605434539
2025-09-01,0,59.05321731079324,47.45309155118099,11.600125759612247,0.8035648811585472
2025-09-02,0,56.30655604052379,35.58981866338574,20.716737377138045,0.6320723760327253
2025-09-03,0,53.687646457243616,26.692363997539307,26.99528245970431,0.4971788811472617
2025-09-04,99.68793901231552,55.827194948177194,44.941257751233366,10.885937196943829,0.8050065526692871
2025-09-05,82.2003923373752,57.05385529186082,54.256041397768826,2.7978138940919948,0.9509618783738514
2025-09-06,112.80786344605254,59.64706497345114,68.89399690983976,-9.24693193638862,1.1550274424961127
2025-09-07,215.27819917470978,66.88572237816085,105.49004747605727,-38.60432509789642,1.5771683959404184
2025-09-08,0,63.774758546618486,79.11753560704295,-15.342777060424467,1.2405775797327172
2025-09-09,62.16885738796658,63.70006546947189,74.88036605227386,-11.18030058280197,1.1755147423982568
2025-09-10,115.5232949071247,66.11044823401389,85.04109826598656,-18.930650031972675,1.2863488379881607
2025-09-11,0,63.03554366498999,63.78082369948992,-0.7452800344999346,1.0118231713435994
2025-09-12,65.28343329535589,63.14009667105352,64.15647609845641,-1.0163794274028888,1.0160972104886363
2025-09-13,0,60.20334798867894,48.11735707384231,12.085990914836636,0.7992471960544684
2025-09-14,28.31914504904029,58.720361805439936,43.167804067641804,15.552557737798132,0.7351419974205189
2025-09-15,0,55.98918218658227,32.37585305073135,23.61332913585092,0.5782519369949277
2025-09-16,0,53.385034177904025,24.281889788048513,29.10314438985551,0.45484451141634563
2025-09-17,0,50.90200933242012,18.211417341036384,32.69059199138374,0.35777403641862787
2025-09-18,0,48.53447401463314,13.658563005777289,34.87591100885585,0.2814198213290169
2025-09-19,0,46.277056618603694,10.243922254332967,36.03313436427073,0.22136071311833344
2025-09-20,0,44.12463538052911,7.682941690749725,36.441693689779385,0.17411909751362753
2025-09-21,0,42.07232675817892,5.762206268062294,36.310120490116624,0.13695953401971414
2025-09-22,53.041283276204744,42.58251078227314,17.581975520097906,25.000535262175234,0.41289194076842206
2025-09-23,58.870486331515835,43.34009104037745,27.904103222952386,15.435987817425065,0.6438404385517306
2025-09-24,123.44613748853791,47.06595366587329,51.78961178934877,-4.723658123475481,1.10036252863182
2025-09-25,0,44.876839541879185,38.84220884201157,6.034630699867613,0.8655290621546198
2025-09-26,68.68514533148871,45.98420260186103,46.30294296438086,-0.31874036251983284,1.0069315187276946
2025-09-27,62.25259415831362,46.740871976579754,50.29035576286405,-3.5494837862842985,1.075939614198616
2025-09-28,248.1999969482422,56.111063835726846,99.76776605920858,-43.65670222348174,1.7780408931385605
2025-09-29,54.10356611100582,56.01769184853052,88.35171607215788,-32.33402422362737,1.5772109338149811
2025-09-30,53.955216759575734,55.92176277462564,79.75259124401234,-23.830828469386695,1.426145873906066
2025-10-01,158.71782963744806,60.70297518684994,99.49390084237126,-38.79092565552132,1.6390284089779763
2025-10-02,67.86079388088649,61.035896986572574,91.58562410200007,-30.549727115427494,1.5005206546017942
2025-10-03,71.09415973239474,61.503723160796866,86.46275800959874,-24.959034848801878,1.405813397379904
2025-10-04,236.03898108588325,69.6216421340567,123.85681377866987,-54.235171644613175,1.7789987420636268
2025-10-05,100.95471574755975,71.07899439514988,118.13128927089234,-47.05229487574246,1.6619718705149706
2025-10-06,55.5866945343249,70.35842230859987,102.49514058675048,-32.13671827815061,1.4567572327835696
2025-10-07,82.60665797126978,70.92810768825893,97.5230199328803,-26.59491224462137,1.3749558970350029
2025-10-08,0,67.62912593531667,73.14226494966023,-5.513139014343565,1.081520187301179
2025-10-09,103.82149259206173,69.31249182632807,80.8120718602606,-11.499580033932531,1.1659091994785065
2025-10-10,137.81801472675505,72.4987952170456,95.06355757688422,-22.564762359838625,1.3112432736430089
2025-10-11,177.31352891513427,77.37389910997994,115.62605041144673,-38.25215130146678,1.4943805564923185
2025-10-12,84.60745022514723,77.7103433478947,107.87140036487185,-30.16105701697714,1.3881215256064896
2025-10-13,72.621967901201,77.4736747224671,99.05904224895413,-21.585367526487033,1.278615511688756
2025-10-14,182.50022535317322,82.35863056575576,119.9193380250089,-37.56070745925314,1.4560627975450406
2025-10-15,78.10668091554037,82.16086546574576,109.46617374764178,-27.305308281896018,1.3323395892409107
2025-10-16,170.01171661717746,86.24695156581235,124.60255946502569,-38.35560789921334,1.44471841846492
2025-10-17,96.48649161952831,86.72320924272938,117.57354250365134,-30.850333260921957,1.3557332982595154
2025-10-18,174.0632879243301,90.78553848373407,131.69597885882104,-40.910440375086964,1.4506272811386827
2025-10-19,110.46983802235764,91.70108729948402,126.38944364970519,-34.68835635022117,1.3782763909391298
2025-10-20,81.43296393935745,91.22350016645488,115.15032372211826,-23.926823555663375,1.2622879357922243
2025-10-21,214.8332706611275,96.97279181736988,140.07106045687055,-43.098268639500674,1.4444367108582763
2025-10-22,188.34983561081378,101.22288687753007,152.14075424535636,-50.91786736782629,1.503027219801871
2025-10-23,161.07532727201703,104.00672131448296,154.37439750202154,-50.36767618753858,1.4842732810868886
2025-10-24,165.84753564089885,106.88303825989766,157.24268203674086,-50.3596437768432,1.4711659080360076
2025-10-25,156.0628519412115,109.17047145437738,156.9477245128585,-47.777253058481136,1.4376389734380668
2025-10-26,243.26277195934875,115.40732264065511,178.52648637448107,-63.11916373382596,1.5469251195508085
2025-10-27,82.88159659571377,113.89449817344854,154.61526392978925,-40.72076575634071,1.357530577929849
2025-10-28,183.4504805648324,117.1296601451408,161.82406808855004,-44.69440794340923,1.3815806166144828
2025-10-29,143.8108159832056,118.37064413760893,157.32075506221395,-38.95011092460501,1.3290521159789876
2025-10-30,0,112.86503278237132,117.99056629666046,-5.125533514289145,1.04541294488548
2025-10-31,198.2601351278309,116.83689800774152,138.05795850445307,-21.221060496711544,1.1816297835476923
2025-11-01,205.23669404148097,120.94851642791546,154.85264238871005,-33.90412596079459,1.2803186592182874
2025-11-02,35.04867630901284,116.95317502703627,124.90165086878575,-7.9484758417494845,1.0679628906085197
2025-11-03,67.75112186818183,114.66470743825235,110.61401861863477,4.0506888196175765,0.9646736218050042
2025-11-04,184.37853487692917,117.90721104005127,129.05514768320836,-11.147936643157095,1.0945483871913124
2025-11-05,157.71284110236368,119.75863569411231,136.21957103799718,-16.46093534388487,1.1374509257502896
2025-11-06,144.00581334475692,120.88641139879346,138.16613161468712,-17.27972021589366,1.1429417915115907
2025-11-07,135.41725730941408,121.56226469696186,137.47891303836886,-15.916648341406997,1.1309341215380784
2025-11-08,126.85463495480936,121.80842145314082,134.822843517479,-13.014422064338163,1.1068433685288164
2025-11-09,243.37115789395955,127.46250221783006,161.95992211159913,-34.49741989376906,1.2706475966833228
2025-11-10,69.17444245522404,124.75142967073212,138.76355219750536,-14.01212252677324,1.1123203362289666
2025-11-11,116.02194317077044,124.34540704282693,133.07814994082162,-8.732742897994683,1.0702297182067748
2025-11-12,0,118.56189973850941,99.80861245561621,18.753287282893197,0.8418270344428036
2025-11-13,153.56592305762376,120.1899938463752,113.24794010611811,6.942053740257094,0.9422410009432852
2025-11-14,60.41392264472113,117.40971146490293,100.03943574076887,17.37027572413406,0.8520541826714344
2025-11-15,195.53538543603383,121.04346374262995,123.91342316458511,-2.8699594219551585,1.0237101561058575
2025-11-16,134.39456791744152,121.66444533215608,126.53370935279922,-4.8692640206431435,1.0400220788111887
2025-11-17,0,116.00563392135813,94.90028201459941,21.105351906758713,0.8180661473572534
2025-11-18,0,110.61002304129497,71.17521151094957,39.4348115303454,0.6434788598112274
2025-11-19,136.74712838139178,111.825702359439,87.56819072856013,24.25751163087888,0.7830774936365563
2025-11-20,154.52909566552677,113.81190669925705,104.30841696280179,9.503489736455265,0.9164982820076609
2025-11-21,146.88748299349385,115.35030559666342,114.9531834704748,0.39712212618862,0.9965572511912212
2025-11-22,85.32987744271821,113.95400661275899,107.54735696353565,6.40664964922334,0.9437786363059761
2025-11-23,182.05924154352374,117.12169195837595,126.17532810853267,-9.05363615015672,1.0773011044981915
2025-11-24,68.66578113204561,114.86792866412803,111.7979413644109,3.069987299717127,0.9732737646060721
2025-11-25,192.7388591627748,118.48983240825113,132.03317081400186,-13.543338405750731,1.1142995827521596
2025-11-26,175.7938635469992,121.15513618214639,142.9733439972512,-21.8182078151048,1.1800848771373829
2025-11-27,141.5174744395544,122.10222168249095,142.60937660782702,-20.507154925336067,1.1679507108191198
2025-11-28,38.9404097261003,118.23423042870533,116.69213488739534,1.5420955413099904,0.9869572835488888
2025-11-29,181.6515914098867,121.18387512550447,132.9319990180182,-11.748123892513718,1.0969446131281888
2025-11-30,172.10000610351562,123.55206726401661,142.72400078939256,-19.171933525375948,1.1551729076556245
2025-12-01,62.20211064446215,120.69858090961874,122.59352825315996,-1.8949473435412187,1.0156998311682264
2025-12-02,216.6377409080105,125.16086742117184,146.1045814168726,-20.94371399570076,1.1673343627769606
2025-12-03,170.74703976133083,127.28115450676064,152.26519600298715,-24.98404149622651,1.1962901860204542
2025-12-04,63.60060530399362,124.31926849732962,130.09904832823875,-5.779779830909135,1.0464914240545646
2025-12-05,0,118.53697693931429,97.57428624617907,20.962690693135215,0.8231548396523529
2025-12-06,193.52048090722863,122.02458177503124,121.56083491144145,0.46374686358979034,0.9961995619420276
2025-12-07,216.6488624632428,126.42571110936666,145.3328417993918,-18.907130690025127,1.1495513098005803
2025-12-08,62.83143281800639,123.46783770046618,124.70748955404545,-1.239651853579275,1.0100402815474636
2025-12-09,111.50227000314449,122.91129966803261,121.40618466632021,1.5051150017123973,0.9877544619024835
2025-12-10,0,117.19449503231017,91.05463849974016,26.139856532570008,0.7769532047888402
2025-12-11,122.15294860798916,117.42512078001617,98.82921602680241,18.59590475321376,0.8416360602354167
2025-12-12,64.60165525648328,114.96821540682859,90.27232583422263,24.695889572605964,0.7851937643286726
2025-12-13,199.45440322611347,118.89780553795812,117.56784518219534,1.329960355762779,0.9888142564891409
2025-12-14,185.69530029959608,122.00466575942966,134.59970896154553,-12.595043202115875,1.1032341109466068
2025-12-15,67.41790636380513,119.4657467177727,117.80425831211043,1.6614884056622685,0.9860923448578656
2025-12-16,203.33800616830615,123.36678204105333,139.18769527615936,-15.820913235106033,1.1282428946611656
2025-12-17,89.66276162502221,121.79915318449373,126.80646186337506,-5.00730867888133,1.0411111945109788
2025-12-18,159.25263813297698,123.54117574023715,134.91800593077556,-11.376830190538413,1.0920893792800526
2025-12-19,228.34102967893946,128.4155875513396,158.27376186781655,-29.858174316476948,1.232512071817663
2025-12-20,131.97074213146422,128.58094357832215,151.69800693372846,-23.117063355406316,1.1797860764658747
2025-12-21,234.6081360304908,133.51244090167881,172.42553920791903,-38.913098306240215,1.2914567215021193
2025-12-22,64.96526491241384,130.32420015799207,145.56047063404276,-15.236270476050692,1.1169105235747685
2025-12-23,192.95060404149757,133.23705615257373,157.40800398590648,-24.170947833332747,1.1814131033071795
2025-12-24,88.21857405887613,131.14317326449478,140.1106465041489,-8.967473239654112,1.0683792607374216
2025-12-25,63.487153568890186,127.99638165074573,120.9547732703342,7.041608380411532,0.9449858793620398
2025-12-26,259.0618434929358,134.09244964340573,155.4815408259846,-21.38909118257888,1.159510033848287
2025-12-27,149.72213328730314,134.81941167335444,154.04168894131425,-19.22227726795981,1.1425779643171097
2025-12-28,212.4536043921563,138.4303043579499,168.64466780402478,-30.214363446074884,1.2182640830343696
2025-12-29,80.87809719509548,135.75345751316598,146.70302515179245,-10.949567638626462,1.0806577441055885
2025-12-30,197.61444892306764,138.63071292758002,159.43088109461127,-20.800168167031245,1.1500401154017517
2025-12-31,95.74237687374972,136.6359065994949,143.50875503939588,-6.8728484399009915,1.0503004562263145
2026-01-01,16.613866198087997,131.05348611570852,111.78503282906891,19.268453286639613,0.8529726002826032
2026-01-02,160.7621127393275,132.43528270285358,124.02930280663357,8.405979896220018,0.9365276403266558
2026-01-03,168.7355855057772,134.12366887973377,135.20587348141947,-1.082204601685703,1.0080687071097647
2026-01-04,139.2046522342757,134.35999368692177,136.20556816963352,-1.8455744827117542,1.0137360417416994
2026-01-05,0,128.11069165497193,102.15417612722514,25.956515527746788,0.7973899352721447
2026-01-06,144.07160272004822,128.8530596114871,112.63353277543092,16.21952683605619,0.8741238517282026
2026-01-07,89.68787345908359,127.03142304625905,106.89711794634408,20.134305099914968,0.8415013811706693
2026-01-08,109.96323616027831,126.23755388877157,107.66364749982763,18.57390638894394,0.8528654444131392
2026-01-09,48.64181899379218,122.62844994016788,92.90819037331877,29.72025956684911,0.7576397680790414
2026-01-10,0,116.92480110574148,69.68114277998907,47.243658325752406,0.5959483541594967
2026-01-11,175.60300495083308,119.65401988923412,96.16160832270008,23.492411566534045,0.8036638335336743
2026-01-12,0,114.08871663857207,72.12120624202505,41.96751039654701,0.6321502105231812
2026-01-13,0,108.7822647018943,54.09090468151879,54.69136002037551,0.49724010461863116
2026-01-14,0,103.72262448320156,40.568178511139095,63.15444597206246,0.391121789608382
2026-01-15,0,98.89831636770381,30.42613388335432,68.47218248434949,0.3076506759723021
2026-01-16,0,94.29839467618271,22.81960041251574,71.47879426366697,0.24199351951467923
2026-01-17,61.35506003485784,92.76614655333039,32.453465318101266,60.31268123522912,0.3498416881970432
2026-01-18,0,88.45144206247781,24.34009898857595,64.11134307390186,0.27518035230118804
2026-01-19,65.53925038048418,87.3857587284316,34.639886836553,52.74587189187859,0.39640196915617393
2026-01-20,162.23505741425998,90.86712145800502,66.53867948097975,24.328441977025264,0.7322635339670013
2026-01-21,127.32996076025807,92.56306747206331,81.73649980079934,10.826567671263973,0.8830357726053687
2026-01-22,46.59321629046718,90.42493485896581,72.9506789232163,17.47425593574951,0.8067540113375745
2026-01-23,33.48441881654635,87.77653876396955,63.084113896548814,24.69242486742074,0.7186899231178712
2026-01-24,175.97437708518572,91.87876380216565,91.30667969370805,0.5720841084576023,0.9937734892615316
2026-01-25,92.71637755274969,91.91772258126258,91.65910415846847,0.2586184227941146,0.9971864139305381
2026-01-26,63.219395228523325,90.58291665787937,84.54917692598218,6.033739731897185,0.933389871341643
2026-01-27,187.65345908818074,95.09782560812594,110.32524746653182,-15.227421858405876,1.1601237647640241
2026-01-28,149.37538807333888,97.62236339720562,120.08778261823358,-22.465419221027958,1.2301257461714032
2026-01-29,153.74820247178877,100.23286754020948,128.50288758162236,-28.270020041412877,1.2820434128434968
2026-01-30,39.660724861049104,97.41555857838807,106.29234690147905,-8.876788323090977,1.0911229012238008
2026-01-31,136.64053893346505,99.23997626932189,113.87939490947555,-14.639418640153664,1.1475153379649854
2026-02-01,187.89794143229415,103.36360255597175,132.38403154018022,-29.020428984208465,1.2807606184895988
2026-02-02,66.44521243783922,101.64646813187257,115.89932676459497,-14.252858632722408,1.140219910180165
2026-02-03,151.49315880351656,103.96491886078624,124.79778477432536,-20.832865913539123,1.200383611516447
2026-02-04,152.79590785900123,106.2361276514009,131.79731554549434,-25.561187894093436,1.2406073005289528
2026-02-05,131.896504933937,107.42963357151886,131.822112892605,-24.392479321086128,1.2270554083536023
2026-02-06,41.242601764808114,104.3511669758579,109.17723511065577,-4.826068134797879,1.0462483388888997
2026-02-07,181.17226862936025,107.92424147136964,127.17599349033189,-19.25175201896225,1.1783820924318564
2026-02-08,235.0,113.83474186805013,154.13199511774891,-40.297253249698784,1.353997844481035
2026-02-09,63.95805881295837,111.5148961445575,131.58851104155127,-20.073614896993774,1.180008371884167
2026-02-10,183.16833102262842,114.84761404586311,144.48346603682057,-29.635851990957462,1.2580449949779946
2026-02-11,84.58851775625695,113.44021421843958,129.50972896667966,-16.06951474824008,1.1416562447260112
2026-02-12,133.31362563865628,114.36455893565896,130.46070313467382,-16.09614419901486,1.1407441636436488
2026-02-13,129.20248755496777,115.05469515051054,130.1461492397473,-15.091454089236763,1.1311676509017166
2026-02-14,204.30793158744206,119.20600847315852,148.686594826671,-29.480586353512493,1.247307889341025
2026-02-15,170.56664828089552,121.59487544096024,154.15660819022713,-32.561732749266895,1.2677886928204412
2026-02-16,62.03082834983118,118.82445464602401,131.12516323012815,-12.300708584104143,1.1035200087359476
2026-02-17,188.0049293897235,122.04215114573097,145.34510477002698,-23.30295362429601,1.1909418459469705
2026-02-18,178.92739901358954,124.68797662795696,153.7406783309176,-29.052701702960647,1.2330032332501062
2026-02-19,18.19955977951283,119.73502700709909,119.8553986930664,-0.12037168596731362,1.0010053172239997
2026-02-20,38.00755499675664,115.93374923917618,99.39343776898897,16.540311470187206,0.8573296250695629
2026-02-21,118.3538412909795,116.04631166019028,104.13353864948661,11.912773010703674,0.8973446648913384
2026-02-22,0,110.64880879227447,78.10015398711496,32.5486548051595,0.7058381815300853
2026-02-23,64.43026412390807,108.49910904025742,74.68268152131324,33.81642751894418,0.6883252976106441
2026-02-24,178.05129707729742,111.73409453035231,100.5248354103093,11.209259120043015,0.8996791519360482
2026-02-25,84.60377671379575,110.47221928307061,96.54457073618092,13.9276485468897,0.8739262355898196
2026-02-26,143.9022211613991,112.02710309136496,108.38398334248546,3.6431197488794993,0.9674800146632748
2026-02-27,165.79952017182598,114.52814574627013,122.73786754982059,-8.209721803550465,1.0716830063822642
2026-02-28,211.30918736343807,119.02958954241747,144.88069750322495,-25.851107960807482,1.2171821986362306
2026-03-01,194.57512092310566,122.54333518803088,157.3043033581951,-34.76096817016423,1.2836626579123478
2026-03-02,65.28329385037803,119.88007745139586,134.29905098124084,-14.418973529844976,1.120278313421767
2026-03-03,162.04873944243536,121.84141056725817,141.23647309653947,-19.395062529281304,1.159182846273893
2026-03-04,183.35544154715,124.70252828725314,151.7662152091921,-27.063686921938952,1.2170259680572035
2026-03-05,152.97543723479026,126.01754730806883,152.06852071559166,-26.050973407522832,1.2067249677747702
2026-03-06,94.69999694824219,124.56091705877458,137.7263897737543,-13.165472714979728,1.105695052868484
2026-03-07,189.9744838286697,127.60340853644412,150.78841328748314,-23.185004751039017,1.1816958106039588
2026-03-08,245.24614938384877,133.07516392469552,174.40284731157453,-41.327683386879016,1.3105589515482765
2026-03-09,73.39623169106866,130.2993996347594,149.15119340644807,-18.851793771688676,1.144680588117729
2026-03-10,224.63663559872276,134.68717805168794,168.02255395451675,-33.335375902828815,1.2475022224371533
2026-03-11,89.20169427341,132.57157415502385,148.31733903424006,-15.74576487921621,1.1187718029182108
2026-03-12,158.75553409083955,133.7894327566897,150.92688779838994,-17.137455041700235,1.1280927401175131
2026-03-13,199.1941218180308,136.83151131768233,162.99369630330017,-26.16218498561784,1.1912000001497154
2026-03-14,261.4448061749059,142.62747852034389,187.6064737712016,-44.97899525085771,1.3153599552916917
2026-03-15,239.39999389648438,147.1285257471411,200.5548538025223,-53.42632805538119,1.363126917657273
2026-03-16,0,140.28533850308804,150.41614035189173,-10.130801848803685,1.0722156852300604
2026-03-17,210.77284882728742,143.5638273553764,165.50531747074064,-21.941490115364246,1.1528343909353829
2026-03-18,186.96559319007412,145.5825141383856,170.870386400574,-25.287872262188415,1.1737013020463225
2026-03-19,157.07066018891598,146.1168465128289,167.4204548476595,-21.303608334830614,1.14579844037227
2026-03-20,96.05162015284435,143.7882313332947,149.57824617395573,-5.79001484066103,1.0402676546330123
2026-03-21,190.47458785006884,145.95968977593537,159.80233159298402,-13.842641817048644,1.094838799926225
2026-03-22,258.77915754364744,151.20710688141037,184.54653808064987,-33.3394311992395,1.2204885199223252
2026-03-23,0,144.17421818925175,138.4099035604874,5.764314628764339,0.9600184089629828
2026-03-24,200.70725586461734,146.80366180205945,153.9842416365199,-7.1805798344604455,1.048912811473963
2026-03-25,181.2393463747814,148.40532154962793,160.7980178210853,-12.392696271457368,1.0835057405015605
2026-03-26,86.97216244167751,145.54796531204886,142.34155397623334,3.206411335815517,0.9779700710352147
2026-03-27,148.4095944190741,145.6810643402826,143.85856408694355,1.822500253339058,0.9874897931136093
2026-03-28,275.34356353054045,151.71187825610855,176.72981394784279,-25.017935691734237,1.164904264439571
2026-03-29,178.81264510731327,152.9723790398855,177.25052173771041,-24.278142697824904,1.1587093228793677
2026-03-30,0,145.85738466593736,132.9378913032828,12.91949336265455,0.9114237966548216
2026-03-31,124.31536081030268,144.85543006800086,130.78225868003778,14.073171387963072,0.9028467805296674
2026-04-01,84.49383809511511,142.04791416228525,119.21015353380712,22.837760628478136,0.8392249491025547
2026-04-02,141.26035497077532,142.011283502215,124.72270389304917,17.288579609165836,0.878259113052982
2026-04-03,218.5833935770017,145.57277699406558,148.18787631403728,-2.615099319971705,1.0179642057598473
2026-04-04,155.79493968694754,146.0482264216415,150.08964215726485,-4.04141573562336,1.0276717892001517
2026-04-05,118.64467229979633,144.77364250899754,142.2283996928977,2.5452428160998295,0.9824191560495962
2026-04-06,43.74052099123555,140.074427554683,117.60643001748217,22.467997537200844,0.8395995762376451
2026-04-07,75.91495281368698,137.09026593882274,107.18356071653336,29.906705222289375,0.7818466174949487
2026-04-08,134.00348299826595,136.94669463926198,113.88854128696651,23.058153352295463,0.8316267989244597
2026-04-09,137.44039652506507,136.96965751767144,119.77650509649115,17.193152421180287,0.874474735984234
2026-04-10,164.47221946326567,138.2488464453735,130.95043368818477,7.298412757188714,0.9472081471506546
2026-04-11,210.15983388787146,141.59354353572223,150.75278373810644,-9.159240202384211,1.0646868492206976
2026-04-12,225.9473350984838,145.51697570143207,169.55142157820077,-24.0344458767687,1.1651659248671906
2026-04-13,0,138.7487442734585,127.16356618365057,11.585178089807926,0.9165024652915683
2026-04-14,211.3063825499854,142.12351814678533,148.19927027523428,-6.075752128448954,1.0427498010648115
2026-04-15,71.27048181560333,138.82802808486989,128.96707316032655,9.860954924543336,0.9289699993473653
2026-04-16,141.396984543197,138.9475144317688,132.07455100604415,6.872963425724663,0.950535542468806
2026-04-17,173.3931885779179,140.54963881065947,142.40421039901258,-1.8545715883531102,1.013195135918053
2026-04-18,153.68296652290317,141.16049126239173,145.22389942998524,-4.063408167593508,1.0287857326807655
2026-04-19,259.3999938964844,146.66000301281466,173.76792304661,-27.107920033795352,1.1848351252948082
2026-04-20,76.0934407043457,143.37783732404867,149.34930246104392,-5.971465136995249,1.041648453118019
2026-04-21,215.85672922889634,146.74894857543694,165.97615915300702,-19.227210577570077,1.1310211130170738
2026-04-22,64.23308420651992,142.91100139548732,140.54039041638524,2.370610979102082,0.9834119769861165
2026-04-23,95.81730950249565,140.7205971213947,129.35962018791284,11.360976933481851,0.9192657139977853
2026-04-24,216.41199209222128,144.2411271200378,151.12271316398994,-6.881586043952154,1.0477089036969156
2026-04-25,250.8000030517578,149.19735390755966,176.0420356359319,-26.84468172837225,1.1799273313106136
2026-04-26,191.2190686143963,151.1518522660172,179.836293880548,-28.68444161453081,1.1897723460434897
2026-04-27,0,144.12153355596988,134.87722041041098,9.244313145558891,0.9358575160948819
2026-04-28,165.94230690823196,145.13645324677276,142.64349203486623,2.4929612119065325,0.9828233282740442
2026-04-29,162.10722721472814,145.9257915708637,147.5094258298317,-1.5836342589680044,1.0108523259727402
2026-04-30,82.61554467095267,142.98112892435623,131.28595554011196,11.69517338424427,0.9182047765803433
2026-05-01,376.49243873826015,153.8421200784913,192.587576339649,-38.7454562611577,1.2518520691221473
2026-05-02,150.06156743759706,153.66628042077528,181.95607411413602,-28.289793693360735,1.1840989032513338
2026-05-03,177.89999389648438,154.79342988476176,180.9420540597231,-26.148624174961327,1.1689259304691364
2026-05-04,84.06861948649087,151.5039038197259,156.72369541641504,-5.219791596689134,1.0344531821560565
2026-05-05,464.08422493498824,166.0425234064823,233.56382779605835,-67.52130438957604,1.4066506760010693
2026-05-06,81.74603680806878,162.12175658795144,195.60938004906095,-33.48762346110951,1.2065584790387824
2026-05-07,136.52162998750495,160.93105302514,180.83744253367195,-19.90638950853196,1.1236951423184847
2026-05-08,100.72344590928819,158.13069920579807,160.808943377576,-2.6782441717779477,1.0169369020956232
2026-05-09,0,150.77578296366792,120.606707533182,30.16907543048592,0.799907685184725
2026-05-10,99.70040597377891,148.40018403390565,115.38013214333124,33.02005189057441,0.7774931877186375
2026-05-11,39.28214510949871,143.32492640951463,96.3556353848731,46.969291024641535,0.6722880506415823
2026-05-12,44.71539754548627,138.73843669490864,83.44557592502639,55.29286076988225,0.6014596813421293
2026-05-13,87.29036358303493,136.34550306179824,84.40677283952853,51.93873022226971,0.6190653226065866
2026-05-14,59.8411840142144,132.7871626409804,78.2653756332,54.521787007780404,0.5894046839770078
2026-05-15,0,126.61101554139992,58.699031724899996,67.91198381649993,0.4636170989817443
2026-05-16,146.6999969482422,127.54538676962514,80.69927303073554,46.8461137388896,0.6327102459288736
2026-05-17,0,121.61304319894491,60.52445477305166,61.08858842589325,0.497680620273131
2026-05-18,0,115.95662258504049,45.39334107978874,70.56328150525175,0.3914682927756594
2026-05-19,0,110.56329130201536,34.045005809841555,76.5182854921738,0.3079232302929196
2026-05-20,0,105.42081263680535,25.533754357381166,79.88705827942418,0.24220790675468964
2026-05-21,0,100.51751902579115,19.150315768035874,81.36720325775528,0.1905171949471982
2026-05-22,0,95.8422855827311,14.362736826026905,81.47954875670419,0.14985803748888196
2026-05-23,25.785161955091684,92.58381471632926,17.2183431082931,75.36547160803616,0.18597573626516686
2026-05-24,0,88.27759077603487,12.913757331219827,75.36383344481504,0.14628579254996274
2026-05-25,0,84.17165632133558,9.68531799841487,74.4863383229207,0.11506626365204124
2026-05-26,119.02816570014065,85.7928893156986,37.021029923846314,48.77185939185229,0.43151629719784473
2026-05-27,133.72208058422376,88.02215402586256,61.19629258894068,26.825861436921883,0.6952373895583698
2026-05-28,99.37579111143226,88.55023016937744,70.74116721956358,17.809062949813864,0.7988817994425552
2026-05-29,9.278908063059092,84.86319193187427,55.37560243043745,29.487589501436815,0.6525279236991093
2026-05-30,61.4759614066539,83.77541376791052,56.90069217449157,26.874721593418954,0.6792051464102431
2026-05-31,167.39999389648438,87.66492912272791,84.52551760498977,3.1394115177381394,0.9641885124402797
2026-06-01,0,83.5874905588801,63.39413820374233,20.193352355137776,0.7584165738093102
2026-06-02,135.47685184896733,86.00094922353533,81.41481661504858,4.58613260848675,0.9466734652252144
2026-06-03,11.437260111621486,82.53287066019051,63.92042748919181,18.612443170998702,0.7744844808754381
2026-06-04,109.06324648071748,83.76684162858712,75.20613223707323,8.560709391513882,0.8978031256046525
2026-06-05,65.67446897718641,82.9253359238708,72.82321642210152,10.10211950176928,0.8781781298791281
2026-06-06,56.02722520616319,81.67426100676813,68.62421861811694,13.050042388651192,0.8402184209734082
2026-06-07,184.6999969482422,86.46615570172042,97.64316320064825,-11.177007498927821,1.1292645360151725
2026-06-08,44.45366530588503,84.5120863809839,84.34578872695744,0.16629765402646512,0.9980322618675532
2026-06-09,145.69664265143166,87.35787969588846,99.68350220807599,-12.325622512187536,1.141093425732797
2026-06-10,113.96033203459322,88.59520306047938,103.25270966470529,-14.657506604225915,1.1654435691405836
2026-06-11,49.38843606435208,86.77163250251998,89.78664126461697,-3.015008762096997,1.0347464796282897
2026-06-12,0,82.73574261868184,67.33998094846274,15.395761670219102,0.8139164382437459
2026-06-13,0,78.88756854339431,50.504985711347054,28.382582832047255,0.6402147593498861
2026-06-14,280.0999946594238,88.24628603716313,107.90373794836626,-19.657451911203125,1.2227567050436778
2026-06-15,63.04261668631913,87.0740223464262,96.68845763285448,-9.614435286428275,1.1104168043032006
2026-06-16,141.26552857800613,89.59455751998806,107.8327253691424,-18.238167849154337,1.2035633452833554
2026-06-17,72.86039117459919,88.81622420159789,99.08964182050659,-10.273417618908695,1.1156705062632937
2026-06-18,54.875264158410296,87.23757489726358,88.03604740498251,-0.7984725077189267,1.0091528507945127
2026-06-19,161.01073125971362,90.66888449551708,106.27971836866529,-15.61083387314821,1.172174103153854
2026-06-20,136.40610033613004,92.79619686019674,113.81131386053147,-21.015117000334726,1.2264652831706977
2026-06-21,199.0,97.73590863414108,135.1084853953986,-37.372576761257505,1.382383274296589
2026-06-22,45.68719184708826,95.31503808590607,112.753162008321,-17.43812392241493,1.182952493871064
